======================================================================
PROCESSING: sub-257_ses-01_run-FA6153CH.nwb
======================================================================

File info:
  Samples: 7,526,000 (62.7 minutes)
  Channels: 180
  Sampling rate: 2000.0 Hz
  Data size: 5.05 GB (float32)

Creating bipolar pairs...
  Created 165 bipolar pairs from 180 electrodes

Computing band power (chunked processing)...

  Time-varying band power with Welch's method:
    Time bin size: 60s (120,000 samples)
    Welch segment size: 0.2s (500 samples)
    Welch overlap: 50% (250 samples)
    Total time bins: 63
      Warning: No frequencies found for delta (1.0-4.0 Hz) on channel 0
      Warning: No frequencies found for delta (1.0-4.0 Hz) on channel 1
      Warning: No frequencies found for delta (1.0-4.0 Hz) on channel 2
      Warning: No frequencies found for delta (1.0-4.0 Hz) on channel 3
      Warning: No frequencies found for delta (1.0-4.0 Hz) on channel 4
      Warning: No frequencies found for delta (1.0-4.0 Hz) on channel 5
      Warning: No frequencies found for delta (1.0-4.0 Hz) on channel 6
      Warning: No frequencies found for delta (1.0-4.0 Hz) on channel 7
      Warning: No frequencies found for delta (1.0-4.0 Hz) on channel 8
      Warning: No frequencies found for delta (1.0-4.0 Hz) on channel 9
      Warning: No frequencies found for delta (1.0-4.0 Hz) on channel 10
      Warning: No frequencies found for delta (1.0-4.0 Hz) on channel 11
      Warning: No frequencies found for delta (1.0-4.0 Hz) on channel 12
      Warning: No frequencies found for delta (1.0-4.0 Hz) on channel 13
      Warning: No frequencies found for delta (1.0-4.0 Hz) on channel 14
      Warning: No frequencies found for delta (1.0-4.0 Hz) on channel 15
      Warning: No frequencies found for delta (1.0-4.0 Hz) on channel 16
      Warning: No frequencies found for delta (1.0-4.0 Hz) on channel 17
      Warning: No frequencies found for delta (1.0-4.0 Hz) on channel 18
      Warning: No frequencies found for delta (1.0-4.0 Hz) on channel 19
      Warning: No frequencies found for delta (1.0-4.0 Hz) on channel 20
      Warning: No frequencies found for delta (1.0-4.0 Hz) on channel 21
      Warning: No frequencies found for delta (1.0-4.0 Hz) on channel 22
      Warning: No frequencies found for delta (1.0-4.0 Hz) on channel 23
      Warning: No frequencies found for delta (1.0-4.0 Hz) on channel 24
      Warning: No frequencies found for delta (1.0-4.0 Hz) on channel 25
      Warning: No frequencies found for delta (1.0-4.0 Hz) on channel 26
      Warning: No frequencies found for delta (1.0-4.0 Hz) on channel 27
      Warning: No frequencies found for delta (1.0-4.0 Hz) on channel 28
      Warning: No frequencies found for delta (1.0-4.0 Hz) on channel 29
      Warning: No frequencies found for delta (1.0-4.0 Hz) on channel 30
      Warning: No frequencies found for delta (1.0-4.0 Hz) on channel 31
      Warning: No frequencies found for delta (1.0-4.0 Hz) on channel 32
      Warning: No frequencies found for delta (1.0-4.0 Hz) on channel 33
      Warning: No frequencies found for delta (1.0-4.0 Hz) on channel 34
      Warning: No frequencies found for delta (1.0-4.0 Hz) on channel 35
      Warning: No frequencies found for delta (1.0-4.0 Hz) on channel 36
      Warning: No frequencies found for delta (1.0-4.0 Hz) on channel 37
      Warning: No frequencies found for delta (1.0-4.0 Hz) on channel 38
      Warning: No frequencies found for delta (1.0-4.0 Hz) on channel 39
      Warning: No frequencies found for delta (1.0-4.0 Hz) on channel 40
      Warning: No frequencies found for delta (1.0-4.0 Hz) on channel 41
      Warning: No frequencies found for delta (1.0-4.0 Hz) on channel 42
      Warning: No frequencies found for delta (1.0-4.0 Hz) on channel 43
      Warning: No frequencies found for delta (1.0-4.0 Hz) on channel 44
      Warning: No frequencies found for delta (1.0-4.0 Hz) on channel 45
      Warning: No frequencies found for delta (1.0-4.0 Hz) on channel 46
      Warning: No frequencies found for delta (1.0-4.0 Hz) on channel 47
      Warning: No frequencies found for delta (1.0-4.0 Hz) on channel 48
      Warning: No frequencies found for delta (1.0-4.0 Hz) on channel 49
      Warning: No frequencies found for delta (1.0-4.0 Hz) on channel 50
      Warning: No frequencies found for delta (1.0-4.0 Hz) on channel 51
      Warning: No frequencies found for delta (1.0-4.0 Hz) on channel 52
      Warning: No frequencies found for delta (1.0-4.0 Hz) on channel 53
      Warning: No frequencies found for delta (1.0-4.0 Hz) on channel 54
      Warning: No frequencies found for delta (1.0-4.0 Hz) on channel 55
      Warning: No frequencies found for delta (1.0-4.0 Hz) on channel 56
      Warning: No frequencies found for delta (1.0-4.0 Hz) on channel 57
      Warning: No frequencies found for delta (1.0-4.0 Hz) on channel 58
      Warning: No frequencies found for delta (1.0-4.0 Hz) on channel 59
      Warning: No frequencies found for delta (1.0-4.0 Hz) on channel 60
      Warning: No frequencies found for delta (1.0-4.0 Hz) on channel 61
      Warning: No frequencies found for delta (1.0-4.0 Hz) on channel 62
      Warning: No frequencies found for delta (1.0-4.0 Hz) on channel 63
      Warning: No frequencies found for delta (1.0-4.0 Hz) on channel 64
      Warning: No frequencies found for delta (1.0-4.0 Hz) on channel 65
      Warning: No frequencies found for delta (1.0-4.0 Hz) on channel 66
      Warning: No frequencies found for delta (1.0-4.0 Hz) on channel 67
      Warning: No frequencies found for delta (1.0-4.0 Hz) on channel 68
      Warning: No frequencies found for delta (1.0-4.0 Hz) on channel 69
      Warning: No frequencies found for delta (1.0-4.0 Hz) on channel 70
      Warning: No frequencies found for delta (1.0-4.0 Hz) on channel 71
      Warning: No frequencies found for delta (1.0-4.0 Hz) on channel 72
      Warning: No frequencies found for delta (1.0-4.0 Hz) on channel 73
      Warning: No frequencies found for delta (1.0-4.0 Hz) on channel 74
      Warning: No frequencies found for delta (1.0-4.0 Hz) on channel 75
      Warning: No frequencies found for delta (1.0-4.0 Hz) on channel 76
      Warning: No frequencies found for delta (1.0-4.0 Hz) on channel 77
      Warning: No frequencies found for delta (1.0-4.0 Hz) on channel 78
      Warning: No frequencies found for delta (1.0-4.0 Hz) on channel 79
      Warning: No frequencies found for delta (1.0-4.0 Hz) on channel 80
      Warning: No frequencies found for delta (1.0-4.0 Hz) on channel 81
      Warning: No frequencies found for delta (1.0-4.0 Hz) on channel 82
      Warning: No frequencies found for delta (1.0-4.0 Hz) on channel 83
      Warning: No frequencies found for delta (1.0-4.0 Hz) on channel 84
      Warning: No frequencies found for delta (1.0-4.0 Hz) on channel 85
      Warning: No frequencies found for delta (1.0-4.0 Hz) on channel 86
      Warning: No frequencies found for delta (1.0-4.0 Hz) on channel 87
      Warning: No frequencies found for delta (1.0-4.0 Hz) on channel 88
      Warning: No frequencies found for delta (1.0-4.0 Hz) on channel 89
      Warning: No frequencies found for delta (1.0-4.0 Hz) on channel 90
      Warning: No frequencies found for delta (1.0-4.0 Hz) on channel 91
      Warning: No frequencies found for delta (1.0-4.0 Hz) on channel 92
      Warning: No frequencies found for delta (1.0-4.0 Hz) on channel 93
      Warning: No frequencies found for delta (1.0-4.0 Hz) on channel 94
      Warning: No frequencies found for delta (1.0-4.0 Hz) on channel 95
      Warning: No frequencies found for delta (1.0-4.0 Hz) on channel 96
      Warning: No frequencies found for delta (1.0-4.0 Hz) on channel 97
      Warning: No frequencies found for delta (1.0-4.0 Hz) on channel 98
      Warning: No frequencies found for delta (1.0-4.0 Hz) on channel 99
      Warning: No frequencies found for delta (1.0-4.0 Hz) on channel 100
      Warning: No frequencies found for delta (1.0-4.0 Hz) on channel 101
      Warning: No frequencies found for delta (1.0-4.0 Hz) on channel 102
      Warning: No frequencies found for delta (1.0-4.0 Hz) on channel 103
      Warning: No frequencies found for delta (1.0-4.0 Hz) on channel 104
      Warning: No frequencies found for delta (1.0-4.0 Hz) on channel 105
      Warning: No frequencies found for delta (1.0-4.0 Hz) on channel 106
      Warning: No frequencies found for delta (1.0-4.0 Hz) on channel 107
      Warning: No frequencies found for delta (1.0-4.0 Hz) on channel 108
      Warning: No frequencies found for delta (1.0-4.0 Hz) on channel 109
      Warning: No frequencies found for delta (1.0-4.0 Hz) on channel 110
      Warning: No frequencies found for delta (1.0-4.0 Hz) on channel 111
      Warning: No frequencies found for delta (1.0-4.0 Hz) on channel 112
      Warning: No frequencies found for delta (1.0-4.0 Hz) on channel 113
      Warning: No frequencies found for delta (1.0-4.0 Hz) on channel 114
      Warning: No frequencies found for delta (1.0-4.0 Hz) on channel 115
      Warning: No frequencies found for delta (1.0-4.0 Hz) on channel 116
      Warning: No frequencies found for delta (1.0-4.0 Hz) on channel 117
      Warning: No frequencies found for delta (1.0-4.0 Hz) on channel 118
      Warning: No frequencies found for delta (1.0-4.0 Hz) on channel 119
      Warning: No frequencies found for delta (1.0-4.0 Hz) on channel 120
      Warning: No frequencies found for delta (1.0-4.0 Hz) on channel 121
      Warning: No frequencies found for delta (1.0-4.0 Hz) on channel 122
      Warning: No frequencies found for delta (1.0-4.0 Hz) on channel 123
      Warning: No frequencies found for delta (1.0-4.0 Hz) on channel 124
      Warning: No frequencies found for delta (1.0-4.0 Hz) on channel 125
      Warning: No frequencies found for delta (1.0-4.0 Hz) on channel 126
      Warning: No frequencies found for delta (1.0-4.0 Hz) on channel 127
      Warning: No frequencies found for delta (1.0-4.0 Hz) on channel 128
      Warning: No frequencies found for delta (1.0-4.0 Hz) on channel 129
      Warning: No frequencies found for delta (1.0-4.0 Hz) on channel 130
      Warning: No frequencies found for delta (1.0-4.0 Hz) on channel 131
      Warning: No frequencies found for delta (1.0-4.0 Hz) on channel 132
      Warning: No frequencies found for delta (1.0-4.0 Hz) on channel 133
      Warning: No frequencies found for delta (1.0-4.0 Hz) on channel 134
      Warning: No frequencies found for delta (1.0-4.0 Hz) on channel 135
      Warning: No frequencies found for delta (1.0-4.0 Hz) on channel 136
      Warning: No frequencies found for delta (1.0-4.0 Hz) on channel 137
      Warning: No frequencies found for delta (1.0-4.0 Hz) on channel 138
      Warning: No frequencies found for delta (1.0-4.0 Hz) on channel 139
      Warning: No frequencies found for delta (1.0-4.0 Hz) on channel 140
      Warning: No frequencies found for delta (1.0-4.0 Hz) on channel 141
      Warning: No frequencies found for delta (1.0-4.0 Hz) on channel 142
      Warning: No frequencies found for delta (1.0-4.0 Hz) on channel 143
      Warning: No frequencies found for delta (1.0-4.0 Hz) on channel 144
      Warning: No frequencies found for delta (1.0-4.0 Hz) on channel 145
      Warning: No frequencies found for delta (1.0-4.0 Hz) on channel 146
      Warning: No frequencies found for delta (1.0-4.0 Hz) on channel 147
      Warning: No frequencies found for delta (1.0-4.0 Hz) on channel 148
      Warning: No frequencies found for delta (1.0-4.0 Hz) on channel 149
      Warning: No frequencies found for delta (1.0-4.0 Hz) on channel 150
      Warning: No frequencies found for delta (1.0-4.0 Hz) on channel 151
      Warning: No frequencies found for delta (1.0-4.0 Hz) on channel 152
      Warning: No frequencies found for delta (1.0-4.0 Hz) on channel 153
      Warning: No frequencies found for delta (1.0-4.0 Hz) on channel 154
      Warning: No frequencies found for delta (1.0-4.0 Hz) on channel 155
      Warning: No frequencies found for delta (1.0-4.0 Hz) on channel 156
      Warning: No frequencies found for delta (1.0-4.0 Hz) on channel 157
      Warning: No frequencies found for delta (1.0-4.0 Hz) on channel 158
      Warning: No frequencies found for delta (1.0-4.0 Hz) on channel 159
      Warning: No frequencies found for delta (1.0-4.0 Hz) on channel 160
      Warning: No frequencies found for delta (1.0-4.0 Hz) on channel 161
      Warning: No frequencies found for delta (1.0-4.0 Hz) on channel 162
      Warning: No frequencies found for delta (1.0-4.0 Hz) on channel 163
      Warning: No frequencies found for delta (1.0-4.0 Hz) on channel 164
    Chunk 1/63 (1.6%)      Warning: No frequencies found for delta (1.0-4.0 Hz) on channel 0
      Warning: No frequencies found for delta (1.0-4.0 Hz) on channel 1
      Warning: No frequencies found for delta (1.0-4.0 Hz) on channel 2
      Warning: No frequencies found for delta (1.0-4.0 Hz) on channel 3
      Warning: No frequencies found for delta (1.0-4.0 Hz) on channel 4
      Warning: No frequencies found for delta (1.0-4.0 Hz) on channel 5
      Warning: No frequencies found for delta (1.0-4.0 Hz) on channel 6
      Warning: No frequencies found for delta (1.0-4.0 Hz) on channel 7
      Warning: No frequencies found for delta (1.0-4.0 Hz) on channel 8
      Warning: No frequencies found for delta (1.0-4.0 Hz) on channel 9
      Warning: No frequencies found for delta (1.0-4.0 Hz) on channel 10
      Warning: No frequencies found for delta (1.0-4.0 Hz) on channel 11
      Warning: No frequencies found for delta (1.0-4.0 Hz) on channel 12
      Warning: No frequencies found for delta (1.0-4.0 Hz) on channel 13
      Warning: No frequencies found for delta (1.0-4.0 Hz) on channel 14
      Warning: No frequencies found for delta (1.0-4.0 Hz) on channel 15
      Warning: No frequencies found for delta (1.0-4.0 Hz) on channel 16
      Warning: No frequencies found for delta (1.0-4.0 Hz) on channel 17
      Warning: No frequencies found for delta (1.0-4.0 Hz) on channel 18
      Warning: No frequencies found for delta (1.0-4.0 Hz) on channel 19
      Warning: No frequencies found for delta (1.0-4.0 Hz) on channel 20
      Warning: No frequencies found for delta (1.0-4.0 Hz) on channel 21
      Warning: No frequencies found for delta (1.0-4.0 Hz) on channel 22
      Warning: No frequencies found for delta (1.0-4.0 Hz) on channel 23
      Warning: No frequencies found for delta (1.0-4.0 Hz) on channel 24
      Warning: No frequencies found for delta (1.0-4.0 Hz) on channel 25
      Warning: No frequencies found for delta (1.0-4.0 Hz) on channel 26
      Warning: No frequencies found for delta (1.0-4.0 Hz) on channel 27
      Warning: No frequencies found for delta (1.0-4.0 Hz) on channel 28
      Warning: No frequencies found for delta (1.0-4.0 Hz) on channel 29
      Warning: No frequencies found for delta (1.0-4.0 Hz) on channel 30
      Warning: No frequencies found for delta (1.0-4.0 Hz) on channel 31
      Warning: No frequencies found for delta (1.0-4.0 Hz) on channel 32
      Warning: No frequencies found for delta (1.0-4.0 Hz) on channel 33
      Warning: No frequencies found for delta (1.0-4.0 Hz) on channel 34
      Warning: No frequencies found for delta (1.0-4.0 Hz) on channel 35
      Warning: No frequencies found for delta (1.0-4.0 Hz) on channel 36
      Warning: No frequencies found for delta (1.0-4.0 Hz) on channel 37
      Warning: No frequencies found for delta (1.0-4.0 Hz) on channel 38
      Warning: No frequencies found for delta (1.0-4.0 Hz) on channel 39
      Warning: No frequencies found for delta (1.0-4.0 Hz) on channel 40
      Warning: No frequencies found for delta (1.0-4.0 Hz) on channel 41
      Warning: No frequencies found for delta (1.0-4.0 Hz) on channel 42
      Warning: No frequencies found for delta (1.0-4.0 Hz) on channel 43
      Warning: No frequencies found for delta (1.0-4.0 Hz) on channel 44
      Warning: No frequencies found for delta (1.0-4.0 Hz) on channel 45
      Warning: No frequencies found for delta (1.0-4.0 Hz) on channel 46
      Warning: No frequencies found for delta (1.0-4.0 Hz) on channel 47
      Warning: No frequencies found for delta (1.0-4.0 Hz) on channel 48
      Warning: No frequencies found for delta (1.0-4.0 Hz) on channel 49
      Warning: No frequencies found for delta (1.0-4.0 Hz) on channel 50
      Warning: No frequencies found for delta (1.0-4.0 Hz) on channel 51
      Warning: No frequencies found for delta (1.0-4.0 Hz) on channel 52
      Warning: No frequencies found for delta (1.0-4.0 Hz) on channel 53
      Warning: No frequencies found for delta (1.0-4.0 Hz) on channel 54
      Warning: No frequencies found for delta (1.0-4.0 Hz) on channel 55
      Warning: No frequencies found for delta (1.0-4.0 Hz) on channel 56
      Warning: No frequencies found for delta (1.0-4.0 Hz) on channel 57
      Warning: No frequencies found for delta (1.0-4.0 Hz) on channel 58
      Warning: No frequencies found for delta (1.0-4.0 Hz) on channel 59
      Warning: No frequencies found for delta (1.0-4.0 Hz) on channel 60
      Warning: No frequencies found for delta (1.0-4.0 Hz) on channel 61
      Warning: No frequencies found for delta (1.0-4.0 Hz) on channel 62
      Warning: No frequencies found for delta (1.0-4.0 Hz) on channel 63
      Warning: No frequencies found for delta (1.0-4.0 Hz) on channel 64
      Warning: No frequencies found for delta (1.0-4.0 Hz) on channel 65
      Warning: No frequencies found for delta (1.0-4.0 Hz) on channel 66
      Warning: No frequencies found for delta (1.0-4.0 Hz) on channel 67
      Warning: No frequencies found for delta (1.0-4.0 Hz) on channel 68
      Warning: No frequencies found for delta (1.0-4.0 Hz) on channel 69
      Warning: No frequencies found for delta (1.0-4.0 Hz) on channel 70
      Warning: No frequencies found for delta (1.0-4.0 Hz) on channel 71
      Warning: No frequencies found for delta (1.0-4.0 Hz) on channel 72
      Warning: No frequencies found for delta (1.0-4.0 Hz) on channel 73
      Warning: No frequencies found for delta (1.0-4.0 Hz) on channel 74
      Warning: No frequencies found for delta (1.0-4.0 Hz) on channel 75
      Warning: No frequencies found for delta (1.0-4.0 Hz) on channel 76
      Warning: No frequencies found for delta (1.0-4.0 Hz) on channel 77
      Warning: No frequencies found for delta (1.0-4.0 Hz) on channel 78
      Warning: No frequencies found for delta (1.0-4.0 Hz) on channel 79
      Warning: No frequencies found for delta (1.0-4.0 Hz) on channel 80
      Warning: No frequencies found for delta (1.0-4.0 Hz) on channel 81
      Warning: No frequencies found for delta (1.0-4.0 Hz) on channel 82
      Warning: No frequencies found for delta (1.0-4.0 Hz) on channel 83
      Warning: No frequencies found for delta (1.0-4.0 Hz) on channel 84
      Warning: No frequencies found for delta (1.0-4.0 Hz) on channel 85
      Warning: No frequencies found for delta (1.0-4.0 Hz) on channel 86
      Warning: No frequencies found for delta (1.0-4.0 Hz) on channel 87
      Warning: No frequencies found for delta (1.0-4.0 Hz) on channel 88
      Warning: No frequencies found for delta (1.0-4.0 Hz) on channel 89
      Warning: No frequencies found for delta (1.0-4.0 Hz) on channel 90
      Warning: No frequencies found for delta (1.0-4.0 Hz) on channel 91
      Warning: No frequencies found for delta (1.0-4.0 Hz) on channel 92
      Warning: No frequencies found for delta (1.0-4.0 Hz) on channel 93
      Warning: No frequencies found for delta (1.0-4.0 Hz) on channel 94
      Warning: No frequencies found for delta (1.0-4.0 Hz) on channel 95
      Warning: No frequencies found for delta (1.0-4.0 Hz) on channel 96
      Warning: No frequencies found for delta (1.0-4.0 Hz) on channel 97
      Warning: No frequencies found for delta (1.0-4.0 Hz) on channel 98
      Warning: No frequencies found for delta (1.0-4.0 Hz) on channel 99
      Warning: No frequencies found for delta (1.0-4.0 Hz) on channel 100
      Warning: No frequencies found for delta (1.0-4.0 Hz) on channel 101
      Warning: No frequencies found for delta (1.0-4.0 Hz) on channel 102
      Warning: No frequencies found for delta (1.0-4.0 Hz) on channel 103
      Warning: No frequencies found for delta (1.0-4.0 Hz) on channel 104
      Warning: No frequencies found for delta (1.0-4.0 Hz) on channel 105
      Warning: No frequencies found for delta (1.0-4.0 Hz) on channel 106
      Warning: No frequencies found for delta (1.0-4.0 Hz) on channel 107
      Warning: No frequencies found for delta (1.0-4.0 Hz) on channel 108
      Warning: No frequencies found for delta (1.0-4.0 Hz) on channel 109
      Warning: No frequencies found for delta (1.0-4.0 Hz) on channel 110
      Warning: No frequencies found for delta (1.0-4.0 Hz) on channel 111
      Warning: No frequencies found for delta (1.0-4.0 Hz) on channel 112
      Warning: No frequencies found for delta (1.0-4.0 Hz) on channel 113
      Warning: No frequencies found for delta (1.0-4.0 Hz) on channel 114
      Warning: No frequencies found for delta (1.0-4.0 Hz) on channel 115
      Warning: No frequencies found for delta (1.0-4.0 Hz) on channel 116
      Warning: No frequencies found for delta (1.0-4.0 Hz) on channel 117
      Warning: No frequencies found for delta (1.0-4.0 Hz) on channel 118
      Warning: No frequencies found for delta (1.0-4.0 Hz) on channel 119
      Warning: No frequencies found for delta (1.0-4.0 Hz) on channel 120
      Warning: No frequencies found for delta (1.0-4.0 Hz) on channel 121
      Warning: No frequencies found for delta (1.0-4.0 Hz) on channel 122
      Warning: No frequencies found for delta (1.0-4.0 Hz) on channel 123
      Warning: No frequencies found for delta (1.0-4.0 Hz) on channel 124
      Warning: No frequencies found for delta (1.0-4.0 Hz) on channel 125
      Warning: No frequencies found for delta (1.0-4.0 Hz) on channel 126
      Warning: No frequencies found for delta (1.0-4.0 Hz) on channel 127
      Warning: No frequencies found for delta (1.0-4.0 Hz) on channel 128
      Warning: No frequencies found for delta (1.0-4.0 Hz) on channel 129
      Warning: No frequencies found for delta (1.0-4.0 Hz) on channel 130
      Warning: No frequencies found for delta (1.0-4.0 Hz) on channel 131
      Warning: No frequencies found for delta (1.0-4.0 Hz) on channel 132
      Warning: No frequencies found for delta (1.0-4.0 Hz) on channel 133
      Warning: No frequencies found for delta (1.0-4.0 Hz) on channel 134
      Warning: No frequencies found for delta (1.0-4.0 Hz) on channel 135
      Warning: No frequencies found for delta (1.0-4.0 Hz) on channel 136
      Warning: No frequencies found for delta (1.0-4.0 Hz) on channel 137
      Warning: No frequencies found for delta (1.0-4.0 Hz) on channel 138
      Warning: No frequencies found for delta (1.0-4.0 Hz) on channel 139
      Warning: No frequencies found for delta (1.0-4.0 Hz) on channel 140
      Warning: No frequencies found for delta (1.0-4.0 Hz) on channel 141
      Warning: No frequencies found for delta (1.0-4.0 Hz) on channel 142
      Warning: No frequencies found for delta (1.0-4.0 Hz) on channel 143
      Warning: No frequencies found for delta (1.0-4.0 Hz) on channel 144
      Warning: No frequencies found for delta (1.0-4.0 Hz) on channel 145
      Warning: No frequencies found for delta (1.0-4.0 Hz) on channel 146
      Warning: No frequencies found for delta (1.0-4.0 Hz) on channel 147
      Warning: No frequencies found for delta (1.0-4.0 Hz) on channel 148
      Warning: No frequencies found for delta (1.0-4.0 Hz) on channel 149
      Warning: No frequencies found for delta (1.0-4.0 Hz) on channel 150
      Warning: No frequencies found for delta (1.0-4.0 Hz) on channel 151
      Warning: No frequencies found for delta (1.0-4.0 Hz) on channel 152
      Warning: No frequencies found for delta (1.0-4.0 Hz) on channel 153
      Warning: No frequencies found for delta (1.0-4.0 Hz) on channel 154
      Warning: No frequencies found for delta (1.0-4.0 Hz) on channel 155
      Warning: No frequencies found for delta (1.0-4.0 Hz) on channel 156
      Warning: No frequencies found for delta (1.0-4.0 Hz) on channel 157
      Warning: No frequencies found for delta (1.0-4.0 Hz) on channel 158
      Warning: No frequencies found for delta (1.0-4.0 Hz) on channel 159
      Warning: No frequencies found for delta (1.0-4.0 Hz) on channel 160
      Warning: No frequencies found for delta (1.0-4.0 Hz) on channel 161
      Warning: No frequencies found for delta (1.0-4.0 Hz) on channel 162
      Warning: No frequencies found for delta (1.0-4.0 Hz) on channel 163
      Warning: No frequencies found for delta (1.0-4.0 Hz) on channel 164
    Chunk 2/63 (3.2%)      Warning: No frequencies found for delta (1.0-4.0 Hz) on channel 0
      Warning: No frequencies found for delta (1.0-4.0 Hz) on channel 1
      Warning: No frequencies found for delta (1.0-4.0 Hz) on channel 2
      Warning: No frequencies found for delta (1.0-4.0 Hz) on channel 3
      Warning: No frequencies found for delta (1.0-4.0 Hz) on channel 4
      Warning: No frequencies found for delta (1.0-4.0 Hz) on channel 5
      Warning: No frequencies found for delta (1.0-4.0 Hz) on channel 6
      Warning: No frequencies found for delta (1.0-4.0 Hz) on channel 7
      Warning: No frequencies found for delta (1.0-4.0 Hz) on channel 8
      Warning: No frequencies found for delta (1.0-4.0 Hz) on channel 9
      Warning: No frequencies found for delta (1.0-4.0 Hz) on channel 10
      Warning: No frequencies found for delta (1.0-4.0 Hz) on channel 11
      Warning: No frequencies found for delta (1.0-4.0 Hz) on channel 12
      Warning: No frequencies found for delta (1.0-4.0 Hz) on channel 13
      Warning: No frequencies found for delta (1.0-4.0 Hz) on channel 14
      Warning: No frequencies found for delta (1.0-4.0 Hz) on channel 15
      Warning: No frequencies found for delta (1.0-4.0 Hz) on channel 16
      Warning: No frequencies found for delta (1.0-4.0 Hz) on channel 17
      Warning: No frequencies found for delta (1.0-4.0 Hz) on channel 18
      Warning: No frequencies found for delta (1.0-4.0 Hz) on channel 19
      Warning: No frequencies found for delta (1.0-4.0 Hz) on channel 20
      Warning: No frequencies found for delta (1.0-4.0 Hz) on channel 21
      Warning: No frequencies found for delta (1.0-4.0 Hz) on channel 22
      Warning: No frequencies found for delta (1.0-4.0 Hz) on channel 23
      Warning: No frequencies found for delta (1.0-4.0 Hz) on channel 24
      Warning: No frequencies found for delta (1.0-4.0 Hz) on channel 25
      Warning: No frequencies found for delta (1.0-4.0 Hz) on channel 26
      Warning: No frequencies found for delta (1.0-4.0 Hz) on channel 27
      Warning: No frequencies found for delta (1.0-4.0 Hz) on channel 28
      Warning: No frequencies found for delta (1.0-4.0 Hz) on channel 29
      Warning: No frequencies found for delta (1.0-4.0 Hz) on channel 30
      Warning: No frequencies found for delta (1.0-4.0 Hz) on channel 31
      Warning: No frequencies found for delta (1.0-4.0 Hz) on channel 32
      Warning: No frequencies found for delta (1.0-4.0 Hz) on channel 33
      Warning: No frequencies found for delta (1.0-4.0 Hz) on channel 34
      Warning: No frequencies found for delta (1.0-4.0 Hz) on channel 35
      Warning: No frequencies found for delta (1.0-4.0 Hz) on channel 36
      Warning: No frequencies found for delta (1.0-4.0 Hz) on channel 37
      Warning: No frequencies found for delta (1.0-4.0 Hz) on channel 38
      Warning: No frequencies found for delta (1.0-4.0 Hz) on channel 39
      Warning: No frequencies found for delta (1.0-4.0 Hz) on channel 40
      Warning: No frequencies found for delta (1.0-4.0 Hz) on channel 41
      Warning: No frequencies found for delta (1.0-4.0 Hz) on channel 42
      Warning: No frequencies found for delta (1.0-4.0 Hz) on channel 43
      Warning: No frequencies found for delta (1.0-4.0 Hz) on channel 44
      Warning: No frequencies found for delta (1.0-4.0 Hz) on channel 45
      Warning: No frequencies found for delta (1.0-4.0 Hz) on channel 46
      Warning: No frequencies found for delta (1.0-4.0 Hz) on channel 47
      Warning: No frequencies found for delta (1.0-4.0 Hz) on channel 48
      Warning: No frequencies found for delta (1.0-4.0 Hz) on channel 49
      Warning: No frequencies found for delta (1.0-4.0 Hz) on channel 50
      Warning: No frequencies found for delta (1.0-4.0 Hz) on channel 51
      Warning: No frequencies found for delta (1.0-4.0 Hz) on channel 52
      Warning: No frequencies found for delta (1.0-4.0 Hz) on channel 53
      Warning: No frequencies found for delta (1.0-4.0 Hz) on channel 54
      Warning: No frequencies found for delta (1.0-4.0 Hz) on channel 55
      Warning: No frequencies found for delta (1.0-4.0 Hz) on channel 56
      Warning: No frequencies found for delta (1.0-4.0 Hz) on channel 57
      Warning: No frequencies found for delta (1.0-4.0 Hz) on channel 58
      Warning: No frequencies found for delta (1.0-4.0 Hz) on channel 59
      Warning: No frequencies found for delta (1.0-4.0 Hz) on channel 60
      Warning: No frequencies found for delta (1.0-4.0 Hz) on channel 61
      Warning: No frequencies found for delta (1.0-4.0 Hz) on channel 62
      Warning: No frequencies found for delta (1.0-4.0 Hz) on channel 63
      Warning: No frequencies found for delta (1.0-4.0 Hz) on channel 64
      Warning: No frequencies found for delta (1.0-4.0 Hz) on channel 65
      Warning: No frequencies found for delta (1.0-4.0 Hz) on channel 66
      Warning: No frequencies found for delta (1.0-4.0 Hz) on channel 67
      Warning: No frequencies found for delta (1.0-4.0 Hz) on channel 68
      Warning: No frequencies found for delta (1.0-4.0 Hz) on channel 69
      Warning: No frequencies found for delta (1.0-4.0 Hz) on channel 70
      Warning: No frequencies found for delta (1.0-4.0 Hz) on channel 71
      Warning: No frequencies found for delta (1.0-4.0 Hz) on channel 72
      Warning: No frequencies found for delta (1.0-4.0 Hz) on channel 73
      Warning: No frequencies found for delta (1.0-4.0 Hz) on channel 74
      Warning: No frequencies found for delta (1.0-4.0 Hz) on channel 75
      Warning: No frequencies found for delta (1.0-4.0 Hz) on channel 76
      Warning: No frequencies found for delta (1.0-4.0 Hz) on channel 77
      Warning: No frequencies found for delta (1.0-4.0 Hz) on channel 78
      Warning: No frequencies found for delta (1.0-4.0 Hz) on channel 79
      Warning: No frequencies found for delta (1.0-4.0 Hz) on channel 80
      Warning: No frequencies found for delta (1.0-4.0 Hz) on channel 81
      Warning: No frequencies found for delta (1.0-4.0 Hz) on channel 82
      Warning: No frequencies found for delta (1.0-4.0 Hz) on channel 83
      Warning: No frequencies found for delta (1.0-4.0 Hz) on channel 84
      Warning: No frequencies found for delta (1.0-4.0 Hz) on channel 85
      Warning: No frequencies found for delta (1.0-4.0 Hz) on channel 86
      Warning: No frequencies found for delta (1.0-4.0 Hz) on channel 87
      Warning: No frequencies found for delta (1.0-4.0 Hz) on channel 88
      Warning: No frequencies found for delta (1.0-4.0 Hz) on channel 89
      Warning: No frequencies found for delta (1.0-4.0 Hz) on channel 90
      Warning: No frequencies found for delta (1.0-4.0 Hz) on channel 91
      Warning: No frequencies found for delta (1.0-4.0 Hz) on channel 92
      Warning: No frequencies found for delta (1.0-4.0 Hz) on channel 93
      Warning: No frequencies found for delta (1.0-4.0 Hz) on channel 94
      Warning: No frequencies found for delta (1.0-4.0 Hz) on channel 95
      Warning: No frequencies found for delta (1.0-4.0 Hz) on channel 96
      Warning: No frequencies found for delta (1.0-4.0 Hz) on channel 97
      Warning: No frequencies found for delta (1.0-4.0 Hz) on channel 98
      Warning: No frequencies found for delta (1.0-4.0 Hz) on channel 99
      Warning: No frequencies found for delta (1.0-4.0 Hz) on channel 100
      Warning: No frequencies found for delta (1.0-4.0 Hz) on channel 101
      Warning: No frequencies found for delta (1.0-4.0 Hz) on channel 102
      Warning: No frequencies found for delta (1.0-4.0 Hz) on channel 103
      Warning: No frequencies found for delta (1.0-4.0 Hz) on channel 104
      Warning: No frequencies found for delta (1.0-4.0 Hz) on channel 105
      Warning: No frequencies found for delta (1.0-4.0 Hz) on channel 106
      Warning: No frequencies found for delta (1.0-4.0 Hz) on channel 107
      Warning: No frequencies found for delta (1.0-4.0 Hz) on channel 108
      Warning: No frequencies found for delta (1.0-4.0 Hz) on channel 109
      Warning: No frequencies found for delta (1.0-4.0 Hz) on channel 110
      Warning: No frequencies found for delta (1.0-4.0 Hz) on channel 111
      Warning: No frequencies found for delta (1.0-4.0 Hz) on channel 112
      Warning: No frequencies found for delta (1.0-4.0 Hz) on channel 113
      Warning: No frequencies found for delta (1.0-4.0 Hz) on channel 114
      Warning: No frequencies found for delta (1.0-4.0 Hz) on channel 115
      Warning: No frequencies found for delta (1.0-4.0 Hz) on channel 116
      Warning: No frequencies found for delta (1.0-4.0 Hz) on channel 117
      Warning: No frequencies found for delta (1.0-4.0 Hz) on channel 118
      Warning: No frequencies found for delta (1.0-4.0 Hz) on channel 119
      Warning: No frequencies found for delta (1.0-4.0 Hz) on channel 120
      Warning: No frequencies found for delta (1.0-4.0 Hz) on channel 121
      Warning: No frequencies found for delta (1.0-4.0 Hz) on channel 122
      Warning: No frequencies found for delta (1.0-4.0 Hz) on channel 123
      Warning: No frequencies found for delta (1.0-4.0 Hz) on channel 124
      Warning: No frequencies found for delta (1.0-4.0 Hz) on channel 125
      Warning: No frequencies found for delta (1.0-4.0 Hz) on channel 126
      Warning: No frequencies found for delta (1.0-4.0 Hz) on channel 127
      Warning: No frequencies found for delta (1.0-4.0 Hz) on channel 128
      Warning: No frequencies found for delta (1.0-4.0 Hz) on channel 129
      Warning: No frequencies found for delta (1.0-4.0 Hz) on channel 130
      Warning: No frequencies found for delta (1.0-4.0 Hz) on channel 131
      Warning: No frequencies found for delta (1.0-4.0 Hz) on channel 132
      Warning: No frequencies found for delta (1.0-4.0 Hz) on channel 133
      Warning: No frequencies found for delta (1.0-4.0 Hz) on channel 134
      Warning: No frequencies found for delta (1.0-4.0 Hz) on channel 135
      Warning: No frequencies found for delta (1.0-4.0 Hz) on channel 136
      Warning: No frequencies found for delta (1.0-4.0 Hz) on channel 137
      Warning: No frequencies found for delta (1.0-4.0 Hz) on channel 138
      Warning: No frequencies found for delta (1.0-4.0 Hz) on channel 139
      Warning: No frequencies found for delta (1.0-4.0 Hz) on channel 140
      Warning: No frequencies found for delta (1.0-4.0 Hz) on channel 141
      Warning: No frequencies found for delta (1.0-4.0 Hz) on channel 142
      Warning: No frequencies found for delta (1.0-4.0 Hz) on channel 143
      Warning: No frequencies found for delta (1.0-4.0 Hz) on channel 144
      Warning: No frequencies found for delta (1.0-4.0 Hz) on channel 145
      Warning: No frequencies found for delta (1.0-4.0 Hz) on channel 146
      Warning: No frequencies found for delta (1.0-4.0 Hz) on channel 147
      Warning: No frequencies found for delta (1.0-4.0 Hz) on channel 148
      Warning: No frequencies found for delta (1.0-4.0 Hz) on channel 149
      Warning: No frequencies found for delta (1.0-4.0 Hz) on channel 150
      Warning: No frequencies found for delta (1.0-4.0 Hz) on channel 151
      Warning: No frequencies found for delta (1.0-4.0 Hz) on channel 152
      Warning: No frequencies found for delta (1.0-4.0 Hz) on channel 153
      Warning: No frequencies found for delta (1.0-4.0 Hz) on channel 154
      Warning: No frequencies found for delta (1.0-4.0 Hz) on channel 155
      Warning: No frequencies found for delta (1.0-4.0 Hz) on channel 156
      Warning: No frequencies found for delta (1.0-4.0 Hz) on channel 157
      Warning: No frequencies found for delta (1.0-4.0 Hz) on channel 158
      Warning: No frequencies found for delta (1.0-4.0 Hz) on channel 159
      Warning: No frequencies found for delta (1.0-4.0 Hz) on channel 160
      Warning: No frequencies found for delta (1.0-4.0 Hz) on channel 161
      Warning: No frequencies found for delta (1.0-4.0 Hz) on channel 162
      Warning: No frequencies found for delta (1.0-4.0 Hz) on channel 163
      Warning: No frequencies found for delta (1.0-4.0 Hz) on channel 164
    Chunk 3/63 (4.8%)      Warning: No frequencies found for delta (1.0-4.0 Hz) on channel 0
      Warning: No frequencies found for delta (1.0-4.0 Hz) on channel 1
      Warning: No frequencies found for delta (1.0-4.0 Hz) on channel 2
      Warning: No frequencies found for delta (1.0-4.0 Hz) on channel 3
      Warning: No frequencies found for delta (1.0-4.0 Hz) on channel 4
      Warning: No frequencies found for delta (1.0-4.0 Hz) on channel 5
      Warning: No frequencies found for delta (1.0-4.0 Hz) on channel 6
      Warning: No frequencies found for delta (1.0-4.0 Hz) on channel 7
      Warning: No frequencies found for delta (1.0-4.0 Hz) on channel 8
      Warning: No frequencies found for delta (1.0-4.0 Hz) on channel 9
      Warning: No frequencies found for delta (1.0-4.0 Hz) on channel 10
      Warning: No frequencies found for delta (1.0-4.0 Hz) on channel 11
      Warning: No frequencies found for delta (1.0-4.0 Hz) on channel 12
      Warning: No frequencies found for delta (1.0-4.0 Hz) on channel 13
      Warning: No frequencies found for delta (1.0-4.0 Hz) on channel 14
      Warning: No frequencies found for delta (1.0-4.0 Hz) on channel 15
      Warning: No frequencies found for delta (1.0-4.0 Hz) on channel 16
      Warning: No frequencies found for delta (1.0-4.0 Hz) on channel 17
      Warning: No frequencies found for delta (1.0-4.0 Hz) on channel 18
      Warning: No frequencies found for delta (1.0-4.0 Hz) on channel 19
      Warning: No frequencies found for delta (1.0-4.0 Hz) on channel 20
      Warning: No frequencies found for delta (1.0-4.0 Hz) on channel 21
      Warning: No frequencies found for delta (1.0-4.0 Hz) on channel 22
      Warning: No frequencies found for delta (1.0-4.0 Hz) on channel 23
      Warning: No frequencies found for delta (1.0-4.0 Hz) on channel 24
      Warning: No frequencies found for delta (1.0-4.0 Hz) on channel 25
      Warning: No frequencies found for delta (1.0-4.0 Hz) on channel 26
      Warning: No frequencies found for delta (1.0-4.0 Hz) on channel 27
      Warning: No frequencies found for delta (1.0-4.0 Hz) on channel 28
      Warning: No frequencies found for delta (1.0-4.0 Hz) on channel 29
      Warning: No frequencies found for delta (1.0-4.0 Hz) on channel 30
      Warning: No frequencies found for delta (1.0-4.0 Hz) on channel 31
      Warning: No frequencies found for delta (1.0-4.0 Hz) on channel 32
      Warning: No frequencies found for delta (1.0-4.0 Hz) on channel 33
      Warning: No frequencies found for delta (1.0-4.0 Hz) on channel 34
      Warning: No frequencies found for delta (1.0-4.0 Hz) on channel 35
      Warning: No frequencies found for delta (1.0-4.0 Hz) on channel 36
      Warning: No frequencies found for delta (1.0-4.0 Hz) on channel 37
      Warning: No frequencies found for delta (1.0-4.0 Hz) on channel 38
      Warning: No frequencies found for delta (1.0-4.0 Hz) on channel 39
      Warning: No frequencies found for delta (1.0-4.0 Hz) on channel 40
      Warning: No frequencies found for delta (1.0-4.0 Hz) on channel 41
      Warning: No frequencies found for delta (1.0-4.0 Hz) on channel 42
      Warning: No frequencies found for delta (1.0-4.0 Hz) on channel 43
      Warning: No frequencies found for delta (1.0-4.0 Hz) on channel 44
      Warning: No frequencies found for delta (1.0-4.0 Hz) on channel 45
      Warning: No frequencies found for delta (1.0-4.0 Hz) on channel 46
      Warning: No frequencies found for delta (1.0-4.0 Hz) on channel 47
      Warning: No frequencies found for delta (1.0-4.0 Hz) on channel 48
      Warning: No frequencies found for delta (1.0-4.0 Hz) on channel 49
      Warning: No frequencies found for delta (1.0-4.0 Hz) on channel 50
      Warning: No frequencies found for delta (1.0-4.0 Hz) on channel 51
      Warning: No frequencies found for delta (1.0-4.0 Hz) on channel 52
      Warning: No frequencies found for delta (1.0-4.0 Hz) on channel 53
      Warning: No frequencies found for delta (1.0-4.0 Hz) on channel 54
      Warning: No frequencies found for delta (1.0-4.0 Hz) on channel 55
      Warning: No frequencies found for delta (1.0-4.0 Hz) on channel 56
      Warning: No frequencies found for delta (1.0-4.0 Hz) on channel 57
      Warning: No frequencies found for delta (1.0-4.0 Hz) on channel 58
      Warning: No frequencies found for delta (1.0-4.0 Hz) on channel 59
      Warning: No frequencies found for delta (1.0-4.0 Hz) on channel 60
      Warning: No frequencies found for delta (1.0-4.0 Hz) on channel 61
      Warning: No frequencies found for delta (1.0-4.0 Hz) on channel 62
      Warning: No frequencies found for delta (1.0-4.0 Hz) on channel 63
      Warning: No frequencies found for delta (1.0-4.0 Hz) on channel 64
      Warning: No frequencies found for delta (1.0-4.0 Hz) on channel 65
      Warning: No frequencies found for delta (1.0-4.0 Hz) on channel 66
      Warning: No frequencies found for delta (1.0-4.0 Hz) on channel 67
      Warning: No frequencies found for delta (1.0-4.0 Hz) on channel 68
      Warning: No frequencies found for delta (1.0-4.0 Hz) on channel 69
      Warning: No frequencies found for delta (1.0-4.0 Hz) on channel 70
      Warning: No frequencies found for delta (1.0-4.0 Hz) on channel 71
      Warning: No frequencies found for delta (1.0-4.0 Hz) on channel 72
      Warning: No frequencies found for delta (1.0-4.0 Hz) on channel 73
      Warning: No frequencies found for delta (1.0-4.0 Hz) on channel 74
      Warning: No frequencies found for delta (1.0-4.0 Hz) on channel 75
      Warning: No frequencies found for delta (1.0-4.0 Hz) on channel 76
      Warning: No frequencies found for delta (1.0-4.0 Hz) on channel 77
      Warning: No frequencies found for delta (1.0-4.0 Hz) on channel 78
      Warning: No frequencies found for delta (1.0-4.0 Hz) on channel 79
      Warning: No frequencies found for delta (1.0-4.0 Hz) on channel 80
      Warning: No frequencies found for delta (1.0-4.0 Hz) on channel 81
      Warning: No frequencies found for delta (1.0-4.0 Hz) on channel 82
      Warning: No frequencies found for delta (1.0-4.0 Hz) on channel 83
      Warning: No frequencies found for delta (1.0-4.0 Hz) on channel 84
      Warning: No frequencies found for delta (1.0-4.0 Hz) on channel 85
      Warning: No frequencies found for delta (1.0-4.0 Hz) on channel 86
      Warning: No frequencies found for delta (1.0-4.0 Hz) on channel 87
      Warning: No frequencies found for delta (1.0-4.0 Hz) on channel 88
      Warning: No frequencies found for delta (1.0-4.0 Hz) on channel 89
      Warning: No frequencies found for delta (1.0-4.0 Hz) on channel 90
      Warning: No frequencies found for delta (1.0-4.0 Hz) on channel 91
      Warning: No frequencies found for delta (1.0-4.0 Hz) on channel 92
      Warning: No frequencies found for delta (1.0-4.0 Hz) on channel 93
      Warning: No frequencies found for delta (1.0-4.0 Hz) on channel 94
      Warning: No frequencies found for delta (1.0-4.0 Hz) on channel 95
      Warning: No frequencies found for delta (1.0-4.0 Hz) on channel 96
      Warning: No frequencies found for delta (1.0-4.0 Hz) on channel 97
      Warning: No frequencies found for delta (1.0-4.0 Hz) on channel 98
      Warning: No frequencies found for delta (1.0-4.0 Hz) on channel 99
      Warning: No frequencies found for delta (1.0-4.0 Hz) on channel 100
      Warning: No frequencies found for delta (1.0-4.0 Hz) on channel 101
      Warning: No frequencies found for delta (1.0-4.0 Hz) on channel 102
      Warning: No frequencies found for delta (1.0-4.0 Hz) on channel 103
      Warning: No frequencies found for delta (1.0-4.0 Hz) on channel 104
      Warning: No frequencies found for delta (1.0-4.0 Hz) on channel 105
      Warning: No frequencies found for delta (1.0-4.0 Hz) on channel 106
      Warning: No frequencies found for delta (1.0-4.0 Hz) on channel 107
      Warning: No frequencies found for delta (1.0-4.0 Hz) on channel 108
      Warning: No frequencies found for delta (1.0-4.0 Hz) on channel 109
      Warning: No frequencies found for delta (1.0-4.0 Hz) on channel 110
      Warning: No frequencies found for delta (1.0-4.0 Hz) on channel 111
      Warning: No frequencies found for delta (1.0-4.0 Hz) on channel 112
      Warning: No frequencies found for delta (1.0-4.0 Hz) on channel 113
      Warning: No frequencies found for delta (1.0-4.0 Hz) on channel 114
      Warning: No frequencies found for delta (1.0-4.0 Hz) on channel 115
      Warning: No frequencies found for delta (1.0-4.0 Hz) on channel 116
      Warning: No frequencies found for delta (1.0-4.0 Hz) on channel 117
      Warning: No frequencies found for delta (1.0-4.0 Hz) on channel 118
      Warning: No frequencies found for delta (1.0-4.0 Hz) on channel 119
      Warning: No frequencies found for delta (1.0-4.0 Hz) on channel 120
      Warning: No frequencies found for delta (1.0-4.0 Hz) on channel 121
      Warning: No frequencies found for delta (1.0-4.0 Hz) on channel 122
      Warning: No frequencies found for delta (1.0-4.0 Hz) on channel 123
      Warning: No frequencies found for delta (1.0-4.0 Hz) on channel 124
      Warning: No frequencies found for delta (1.0-4.0 Hz) on channel 125
      Warning: No frequencies found for delta (1.0-4.0 Hz) on channel 126
      Warning: No frequencies found for delta (1.0-4.0 Hz) on channel 127
      Warning: No frequencies found for delta (1.0-4.0 Hz) on channel 128
      Warning: No frequencies found for delta (1.0-4.0 Hz) on channel 129
      Warning: No frequencies found for delta (1.0-4.0 Hz) on channel 130
      Warning: No frequencies found for delta (1.0-4.0 Hz) on channel 131
      Warning: No frequencies found for delta (1.0-4.0 Hz) on channel 132
      Warning: No frequencies found for delta (1.0-4.0 Hz) on channel 133
      Warning: No frequencies found for delta (1.0-4.0 Hz) on channel 134
      Warning: No frequencies found for delta (1.0-4.0 Hz) on channel 135
      Warning: No frequencies found for delta (1.0-4.0 Hz) on channel 136
      Warning: No frequencies found for delta (1.0-4.0 Hz) on channel 137
      Warning: No frequencies found for delta (1.0-4.0 Hz) on channel 138
      Warning: No frequencies found for delta (1.0-4.0 Hz) on channel 139
      Warning: No frequencies found for delta (1.0-4.0 Hz) on channel 140
      Warning: No frequencies found for delta (1.0-4.0 Hz) on channel 141
      Warning: No frequencies found for delta (1.0-4.0 Hz) on channel 142
      Warning: No frequencies found for delta (1.0-4.0 Hz) on channel 143
      Warning: No frequencies found for delta (1.0-4.0 Hz) on channel 144
      Warning: No frequencies found for delta (1.0-4.0 Hz) on channel 145
      Warning: No frequencies found for delta (1.0-4.0 Hz) on channel 146
      Warning: No frequencies found for delta (1.0-4.0 Hz) on channel 147
      Warning: No frequencies found for delta (1.0-4.0 Hz) on channel 148
      Warning: No frequencies found for delta (1.0-4.0 Hz) on channel 149
      Warning: No frequencies found for delta (1.0-4.0 Hz) on channel 150
      Warning: No frequencies found for delta (1.0-4.0 Hz) on channel 151
      Warning: No frequencies found for delta (1.0-4.0 Hz) on channel 152
      Warning: No frequencies found for delta (1.0-4.0 Hz) on channel 153
      Warning: No frequencies found for delta (1.0-4.0 Hz) on channel 154
      Warning: No frequencies found for delta (1.0-4.0 Hz) on channel 155
      Warning: No frequencies found for delta (1.0-4.0 Hz) on channel 156
      Warning: No frequencies found for delta (1.0-4.0 Hz) on channel 157
      Warning: No frequencies found for delta (1.0-4.0 Hz) on channel 158
      Warning: No frequencies found for delta (1.0-4.0 Hz) on channel 159
      Warning: No frequencies found for delta (1.0-4.0 Hz) on channel 160
      Warning: No frequencies found for delta (1.0-4.0 Hz) on channel 161
      Warning: No frequencies found for delta (1.0-4.0 Hz) on channel 162
      Warning: No frequencies found for delta (1.0-4.0 Hz) on channel 163
      Warning: No frequencies found for delta (1.0-4.0 Hz) on channel 164
    Chunk 4/63 (6.3%)      Warning: No frequencies found for delta (1.0-4.0 Hz) on channel 0
      Warning: No frequencies found for delta (1.0-4.0 Hz) on channel 1
      Warning: No frequencies found for delta (1.0-4.0 Hz) on channel 2
      Warning: No frequencies found for delta (1.0-4.0 Hz) on channel 3
      Warning: No frequencies found for delta (1.0-4.0 Hz) on channel 4
      Warning: No frequencies found for delta (1.0-4.0 Hz) on channel 5
      Warning: No frequencies found for delta (1.0-4.0 Hz) on channel 6
      Warning: No frequencies found for delta (1.0-4.0 Hz) on channel 7
      Warning: No frequencies found for delta (1.0-4.0 Hz) on channel 8
      Warning: No frequencies found for delta (1.0-4.0 Hz) on channel 9
      Warning: No frequencies found for delta (1.0-4.0 Hz) on channel 10
      Warning: No frequencies found for delta (1.0-4.0 Hz) on channel 11
      Warning: No frequencies found for delta (1.0-4.0 Hz) on channel 12
      Warning: No frequencies found for delta (1.0-4.0 Hz) on channel 13
      Warning: No frequencies found for delta (1.0-4.0 Hz) on channel 14
      Warning: No frequencies found for delta (1.0-4.0 Hz) on channel 15
      Warning: No frequencies found for delta (1.0-4.0 Hz) on channel 16
      Warning: No frequencies found for delta (1.0-4.0 Hz) on channel 17
      Warning: No frequencies found for delta (1.0-4.0 Hz) on channel 18
      Warning: No frequencies found for delta (1.0-4.0 Hz) on channel 19
      Warning: No frequencies found for delta (1.0-4.0 Hz) on channel 20
      Warning: No frequencies found for delta (1.0-4.0 Hz) on channel 21
      Warning: No frequencies found for delta (1.0-4.0 Hz) on channel 22
      Warning: No frequencies found for delta (1.0-4.0 Hz) on channel 23
      Warning: No frequencies found for delta (1.0-4.0 Hz) on channel 24
      Warning: No frequencies found for delta (1.0-4.0 Hz) on channel 25
      Warning: No frequencies found for delta (1.0-4.0 Hz) on channel 26
      Warning: No frequencies found for delta (1.0-4.0 Hz) on channel 27
      Warning: No frequencies found for delta (1.0-4.0 Hz) on channel 28
      Warning: No frequencies found for delta (1.0-4.0 Hz) on channel 29
      Warning: No frequencies found for delta (1.0-4.0 Hz) on channel 30
      Warning: No frequencies found for delta (1.0-4.0 Hz) on channel 31
      Warning: No frequencies found for delta (1.0-4.0 Hz) on channel 32
      Warning: No frequencies found for delta (1.0-4.0 Hz) on channel 33
      Warning: No frequencies found for delta (1.0-4.0 Hz) on channel 34
      Warning: No frequencies found for delta (1.0-4.0 Hz) on channel 35
      Warning: No frequencies found for delta (1.0-4.0 Hz) on channel 36
      Warning: No frequencies found for delta (1.0-4.0 Hz) on channel 37
      Warning: No frequencies found for delta (1.0-4.0 Hz) on channel 38
      Warning: No frequencies found for delta (1.0-4.0 Hz) on channel 39
      Warning: No frequencies found for delta (1.0-4.0 Hz) on channel 40
      Warning: No frequencies found for delta (1.0-4.0 Hz) on channel 41
      Warning: No frequencies found for delta (1.0-4.0 Hz) on channel 42
      Warning: No frequencies found for delta (1.0-4.0 Hz) on channel 43
      Warning: No frequencies found for delta (1.0-4.0 Hz) on channel 44
      Warning: No frequencies found for delta (1.0-4.0 Hz) on channel 45
      Warning: No frequencies found for delta (1.0-4.0 Hz) on channel 46
      Warning: No frequencies found for delta (1.0-4.0 Hz) on channel 47
      Warning: No frequencies found for delta (1.0-4.0 Hz) on channel 48
      Warning: No frequencies found for delta (1.0-4.0 Hz) on channel 49
      Warning: No frequencies found for delta (1.0-4.0 Hz) on channel 50
      Warning: No frequencies found for delta (1.0-4.0 Hz) on channel 51
      Warning: No frequencies found for delta (1.0-4.0 Hz) on channel 52
      Warning: No frequencies found for delta (1.0-4.0 Hz) on channel 53
      Warning: No frequencies found for delta (1.0-4.0 Hz) on channel 54
      Warning: No frequencies found for delta (1.0-4.0 Hz) on channel 55
      Warning: No frequencies found for delta (1.0-4.0 Hz) on channel 56
      Warning: No frequencies found for delta (1.0-4.0 Hz) on channel 57
      Warning: No frequencies found for delta (1.0-4.0 Hz) on channel 58
      Warning: No frequencies found for delta (1.0-4.0 Hz) on channel 59
      Warning: No frequencies found for delta (1.0-4.0 Hz) on channel 60
      Warning: No frequencies found for delta (1.0-4.0 Hz) on channel 61
      Warning: No frequencies found for delta (1.0-4.0 Hz) on channel 62
      Warning: No frequencies found for delta (1.0-4.0 Hz) on channel 63
      Warning: No frequencies found for delta (1.0-4.0 Hz) on channel 64
      Warning: No frequencies found for delta (1.0-4.0 Hz) on channel 65
      Warning: No frequencies found for delta (1.0-4.0 Hz) on channel 66
      Warning: No frequencies found for delta (1.0-4.0 Hz) on channel 67
      Warning: No frequencies found for delta (1.0-4.0 Hz) on channel 68
      Warning: No frequencies found for delta (1.0-4.0 Hz) on channel 69
      Warning: No frequencies found for delta (1.0-4.0 Hz) on channel 70
      Warning: No frequencies found for delta (1.0-4.0 Hz) on channel 71
      Warning: No frequencies found for delta (1.0-4.0 Hz) on channel 72
      Warning: No frequencies found for delta (1.0-4.0 Hz) on channel 73
      Warning: No frequencies found for delta (1.0-4.0 Hz) on channel 74
      Warning: No frequencies found for delta (1.0-4.0 Hz) on channel 75
      Warning: No frequencies found for delta (1.0-4.0 Hz) on channel 76
      Warning: No frequencies found for delta (1.0-4.0 Hz) on channel 77
      Warning: No frequencies found for delta (1.0-4.0 Hz) on channel 78
      Warning: No frequencies found for delta (1.0-4.0 Hz) on channel 79
      Warning: No frequencies found for delta (1.0-4.0 Hz) on channel 80
      Warning: No frequencies found for delta (1.0-4.0 Hz) on channel 81
      Warning: No frequencies found for delta (1.0-4.0 Hz) on channel 82
      Warning: No frequencies found for delta (1.0-4.0 Hz) on channel 83
      Warning: No frequencies found for delta (1.0-4.0 Hz) on channel 84
      Warning: No frequencies found for delta (1.0-4.0 Hz) on channel 85
      Warning: No frequencies found for delta (1.0-4.0 Hz) on channel 86
      Warning: No frequencies found for delta (1.0-4.0 Hz) on channel 87
      Warning: No frequencies found for delta (1.0-4.0 Hz) on channel 88
      Warning: No frequencies found for delta (1.0-4.0 Hz) on channel 89
      Warning: No frequencies found for delta (1.0-4.0 Hz) on channel 90
      Warning: No frequencies found for delta (1.0-4.0 Hz) on channel 91
      Warning: No frequencies found for delta (1.0-4.0 Hz) on channel 92
      Warning: No frequencies found for delta (1.0-4.0 Hz) on channel 93
      Warning: No frequencies found for delta (1.0-4.0 Hz) on channel 94
      Warning: No frequencies found for delta (1.0-4.0 Hz) on channel 95
      Warning: No frequencies found for delta (1.0-4.0 Hz) on channel 96
      Warning: No frequencies found for delta (1.0-4.0 Hz) on channel 97
      Warning: No frequencies found for delta (1.0-4.0 Hz) on channel 98
      Warning: No frequencies found for delta (1.0-4.0 Hz) on channel 99
      Warning: No frequencies found for delta (1.0-4.0 Hz) on channel 100
      Warning: No frequencies found for delta (1.0-4.0 Hz) on channel 101
      Warning: No frequencies found for delta (1.0-4.0 Hz) on channel 102
      Warning: No frequencies found for delta (1.0-4.0 Hz) on channel 103
      Warning: No frequencies found for delta (1.0-4.0 Hz) on channel 104
      Warning: No frequencies found for delta (1.0-4.0 Hz) on channel 105
      Warning: No frequencies found for delta (1.0-4.0 Hz) on channel 106
      Warning: No frequencies found for delta (1.0-4.0 Hz) on channel 107
      Warning: No frequencies found for delta (1.0-4.0 Hz) on channel 108
      Warning: No frequencies found for delta (1.0-4.0 Hz) on channel 109
      Warning: No frequencies found for delta (1.0-4.0 Hz) on channel 110
      Warning: No frequencies found for delta (1.0-4.0 Hz) on channel 111
      Warning: No frequencies found for delta (1.0-4.0 Hz) on channel 112
      Warning: No frequencies found for delta (1.0-4.0 Hz) on channel 113
      Warning: No frequencies found for delta (1.0-4.0 Hz) on channel 114
      Warning: No frequencies found for delta (1.0-4.0 Hz) on channel 115
      Warning: No frequencies found for delta (1.0-4.0 Hz) on channel 116
      Warning: No frequencies found for delta (1.0-4.0 Hz) on channel 117
      Warning: No frequencies found for delta (1.0-4.0 Hz) on channel 118
      Warning: No frequencies found for delta (1.0-4.0 Hz) on channel 119
      Warning: No frequencies found for delta (1.0-4.0 Hz) on channel 120
      Warning: No frequencies found for delta (1.0-4.0 Hz) on channel 121
      Warning: No frequencies found for delta (1.0-4.0 Hz) on channel 122
      Warning: No frequencies found for delta (1.0-4.0 Hz) on channel 123
      Warning: No frequencies found for delta (1.0-4.0 Hz) on channel 124
      Warning: No frequencies found for delta (1.0-4.0 Hz) on channel 125
      Warning: No frequencies found for delta (1.0-4.0 Hz) on channel 126
      Warning: No frequencies found for delta (1.0-4.0 Hz) on channel 127
      Warning: No frequencies found for delta (1.0-4.0 Hz) on channel 128
      Warning: No frequencies found for delta (1.0-4.0 Hz) on channel 129
      Warning: No frequencies found for delta (1.0-4.0 Hz) on channel 130
      Warning: No frequencies found for delta (1.0-4.0 Hz) on channel 131
      Warning: No frequencies found for delta (1.0-4.0 Hz) on channel 132
      Warning: No frequencies found for delta (1.0-4.0 Hz) on channel 133
      Warning: No frequencies found for delta (1.0-4.0 Hz) on channel 134
      Warning: No frequencies found for delta (1.0-4.0 Hz) on channel 135
      Warning: No frequencies found for delta (1.0-4.0 Hz) on channel 136
      Warning: No frequencies found for delta (1.0-4.0 Hz) on channel 137
      Warning: No frequencies found for delta (1.0-4.0 Hz) on channel 138
      Warning: No frequencies found for delta (1.0-4.0 Hz) on channel 139
      Warning: No frequencies found for delta (1.0-4.0 Hz) on channel 140
      Warning: No frequencies found for delta (1.0-4.0 Hz) on channel 141
      Warning: No frequencies found for delta (1.0-4.0 Hz) on channel 142
      Warning: No frequencies found for delta (1.0-4.0 Hz) on channel 143
      Warning: No frequencies found for delta (1.0-4.0 Hz) on channel 144
      Warning: No frequencies found for delta (1.0-4.0 Hz) on channel 145
      Warning: No frequencies found for delta (1.0-4.0 Hz) on channel 146
      Warning: No frequencies found for delta (1.0-4.0 Hz) on channel 147
      Warning: No frequencies found for delta (1.0-4.0 Hz) on channel 148
      Warning: No frequencies found for delta (1.0-4.0 Hz) on channel 149
      Warning: No frequencies found for delta (1.0-4.0 Hz) on channel 150
      Warning: No frequencies found for delta (1.0-4.0 Hz) on channel 151
      Warning: No frequencies found for delta (1.0-4.0 Hz) on channel 152
      Warning: No frequencies found for delta (1.0-4.0 Hz) on channel 153
      Warning: No frequencies found for delta (1.0-4.0 Hz) on channel 154
      Warning: No frequencies found for delta (1.0-4.0 Hz) on channel 155
      Warning: No frequencies found for delta (1.0-4.0 Hz) on channel 156
      Warning: No frequencies found for delta (1.0-4.0 Hz) on channel 157
      Warning: No frequencies found for delta (1.0-4.0 Hz) on channel 158
      Warning: No frequencies found for delta (1.0-4.0 Hz) on channel 159
      Warning: No frequencies found for delta (1.0-4.0 Hz) on channel 160
      Warning: No frequencies found for delta (1.0-4.0 Hz) on channel 161
      Warning: No frequencies found for delta (1.0-4.0 Hz) on channel 162
      Warning: No frequencies found for delta (1.0-4.0 Hz) on channel 163
      Warning: No frequencies found for delta (1.0-4.0 Hz) on channel 164
    Chunk 5/63 (7.9%)      Warning: No frequencies found for delta (1.0-4.0 Hz) on channel 0
      Warning: No frequencies found for delta (1.0-4.0 Hz) on channel 1
      Warning: No frequencies found for delta (1.0-4.0 Hz) on channel 2
      Warning: No frequencies found for delta (1.0-4.0 Hz) on channel 3
      Warning: No frequencies found for delta (1.0-4.0 Hz) on channel 4
      Warning: No frequencies found for delta (1.0-4.0 Hz) on channel 5
      Warning: No frequencies found for delta (1.0-4.0 Hz) on channel 6
      Warning: No frequencies found for delta (1.0-4.0 Hz) on channel 7
      Warning: No frequencies found for delta (1.0-4.0 Hz) on channel 8
      Warning: No frequencies found for delta (1.0-4.0 Hz) on channel 9
      Warning: No frequencies found for delta (1.0-4.0 Hz) on channel 10
      Warning: No frequencies found for delta (1.0-4.0 Hz) on channel 11
      Warning: No frequencies found for delta (1.0-4.0 Hz) on channel 12
      Warning: No frequencies found for delta (1.0-4.0 Hz) on channel 13
      Warning: No frequencies found for delta (1.0-4.0 Hz) on channel 14
      Warning: No frequencies found for delta (1.0-4.0 Hz) on channel 15
      Warning: No frequencies found for delta (1.0-4.0 Hz) on channel 16
      Warning: No frequencies found for delta (1.0-4.0 Hz) on channel 17
      Warning: No frequencies found for delta (1.0-4.0 Hz) on channel 18
      Warning: No frequencies found for delta (1.0-4.0 Hz) on channel 19
      Warning: No frequencies found for delta (1.0-4.0 Hz) on channel 20
      Warning: No frequencies found for delta (1.0-4.0 Hz) on channel 21
      Warning: No frequencies found for delta (1.0-4.0 Hz) on channel 22
      Warning: No frequencies found for delta (1.0-4.0 Hz) on channel 23
      Warning: No frequencies found for delta (1.0-4.0 Hz) on channel 24
      Warning: No frequencies found for delta (1.0-4.0 Hz) on channel 25
      Warning: No frequencies found for delta (1.0-4.0 Hz) on channel 26
      Warning: No frequencies found for delta (1.0-4.0 Hz) on channel 27
      Warning: No frequencies found for delta (1.0-4.0 Hz) on channel 28
      Warning: No frequencies found for delta (1.0-4.0 Hz) on channel 29
      Warning: No frequencies found for delta (1.0-4.0 Hz) on channel 30
      Warning: No frequencies found for delta (1.0-4.0 Hz) on channel 31
      Warning: No frequencies found for delta (1.0-4.0 Hz) on channel 32
      Warning: No frequencies found for delta (1.0-4.0 Hz) on channel 33
      Warning: No frequencies found for delta (1.0-4.0 Hz) on channel 34
      Warning: No frequencies found for delta (1.0-4.0 Hz) on channel 35
      Warning: No frequencies found for delta (1.0-4.0 Hz) on channel 36
      Warning: No frequencies found for delta (1.0-4.0 Hz) on channel 37
      Warning: No frequencies found for delta (1.0-4.0 Hz) on channel 38
      Warning: No frequencies found for delta (1.0-4.0 Hz) on channel 39
      Warning: No frequencies found for delta (1.0-4.0 Hz) on channel 40
      Warning: No frequencies found for delta (1.0-4.0 Hz) on channel 41
      Warning: No frequencies found for delta (1.0-4.0 Hz) on channel 42
      Warning: No frequencies found for delta (1.0-4.0 Hz) on channel 43
      Warning: No frequencies found for delta (1.0-4.0 Hz) on channel 44
      Warning: No frequencies found for delta (1.0-4.0 Hz) on channel 45
      Warning: No frequencies found for delta (1.0-4.0 Hz) on channel 46
      Warning: No frequencies found for delta (1.0-4.0 Hz) on channel 47
      Warning: No frequencies found for delta (1.0-4.0 Hz) on channel 48
      Warning: No frequencies found for delta (1.0-4.0 Hz) on channel 49
      Warning: No frequencies found for delta (1.0-4.0 Hz) on channel 50
      Warning: No frequencies found for delta (1.0-4.0 Hz) on channel 51
      Warning: No frequencies found for delta (1.0-4.0 Hz) on channel 52
      Warning: No frequencies found for delta (1.0-4.0 Hz) on channel 53
      Warning: No frequencies found for delta (1.0-4.0 Hz) on channel 54
      Warning: No frequencies found for delta (1.0-4.0 Hz) on channel 55
      Warning: No frequencies found for delta (1.0-4.0 Hz) on channel 56
      Warning: No frequencies found for delta (1.0-4.0 Hz) on channel 57
      Warning: No frequencies found for delta (1.0-4.0 Hz) on channel 58
      Warning: No frequencies found for delta (1.0-4.0 Hz) on channel 59
      Warning: No frequencies found for delta (1.0-4.0 Hz) on channel 60
      Warning: No frequencies found for delta (1.0-4.0 Hz) on channel 61
      Warning: No frequencies found for delta (1.0-4.0 Hz) on channel 62
      Warning: No frequencies found for delta (1.0-4.0 Hz) on channel 63
      Warning: No frequencies found for delta (1.0-4.0 Hz) on channel 64
      Warning: No frequencies found for delta (1.0-4.0 Hz) on channel 65
      Warning: No frequencies found for delta (1.0-4.0 Hz) on channel 66
      Warning: No frequencies found for delta (1.0-4.0 Hz) on channel 67
      Warning: No frequencies found for delta (1.0-4.0 Hz) on channel 68
      Warning: No frequencies found for delta (1.0-4.0 Hz) on channel 69
      Warning: No frequencies found for delta (1.0-4.0 Hz) on channel 70
      Warning: No frequencies found for delta (1.0-4.0 Hz) on channel 71
      Warning: No frequencies found for delta (1.0-4.0 Hz) on channel 72
      Warning: No frequencies found for delta (1.0-4.0 Hz) on channel 73
      Warning: No frequencies found for delta (1.0-4.0 Hz) on channel 74
      Warning: No frequencies found for delta (1.0-4.0 Hz) on channel 75
      Warning: No frequencies found for delta (1.0-4.0 Hz) on channel 76
      Warning: No frequencies found for delta (1.0-4.0 Hz) on channel 77
      Warning: No frequencies found for delta (1.0-4.0 Hz) on channel 78
      Warning: No frequencies found for delta (1.0-4.0 Hz) on channel 79
      Warning: No frequencies found for delta (1.0-4.0 Hz) on channel 80
      Warning: No frequencies found for delta (1.0-4.0 Hz) on channel 81
      Warning: No frequencies found for delta (1.0-4.0 Hz) on channel 82
      Warning: No frequencies found for delta (1.0-4.0 Hz) on channel 83
      Warning: No frequencies found for delta (1.0-4.0 Hz) on channel 84
      Warning: No frequencies found for delta (1.0-4.0 Hz) on channel 85
      Warning: No frequencies found for delta (1.0-4.0 Hz) on channel 86
      Warning: No frequencies found for delta (1.0-4.0 Hz) on channel 87
      Warning: No frequencies found for delta (1.0-4.0 Hz) on channel 88
      Warning: No frequencies found for delta (1.0-4.0 Hz) on channel 89
      Warning: No frequencies found for delta (1.0-4.0 Hz) on channel 90
      Warning: No frequencies found for delta (1.0-4.0 Hz) on channel 91
      Warning: No frequencies found for delta (1.0-4.0 Hz) on channel 92
      Warning: No frequencies found for delta (1.0-4.0 Hz) on channel 93
      Warning: No frequencies found for delta (1.0-4.0 Hz) on channel 94
      Warning: No frequencies found for delta (1.0-4.0 Hz) on channel 95
      Warning: No frequencies found for delta (1.0-4.0 Hz) on channel 96
      Warning: No frequencies found for delta (1.0-4.0 Hz) on channel 97
      Warning: No frequencies found for delta (1.0-4.0 Hz) on channel 98
      Warning: No frequencies found for delta (1.0-4.0 Hz) on channel 99
      Warning: No frequencies found for delta (1.0-4.0 Hz) on channel 100
      Warning: No frequencies found for delta (1.0-4.0 Hz) on channel 101
      Warning: No frequencies found for delta (1.0-4.0 Hz) on channel 102
      Warning: No frequencies found for delta (1.0-4.0 Hz) on channel 103
      Warning: No frequencies found for delta (1.0-4.0 Hz) on channel 104
      Warning: No frequencies found for delta (1.0-4.0 Hz) on channel 105
      Warning: No frequencies found for delta (1.0-4.0 Hz) on channel 106
      Warning: No frequencies found for delta (1.0-4.0 Hz) on channel 107
      Warning: No frequencies found for delta (1.0-4.0 Hz) on channel 108
      Warning: No frequencies found for delta (1.0-4.0 Hz) on channel 109
      Warning: No frequencies found for delta (1.0-4.0 Hz) on channel 110
      Warning: No frequencies found for delta (1.0-4.0 Hz) on channel 111
      Warning: No frequencies found for delta (1.0-4.0 Hz) on channel 112
      Warning: No frequencies found for delta (1.0-4.0 Hz) on channel 113
      Warning: No frequencies found for delta (1.0-4.0 Hz) on channel 114
      Warning: No frequencies found for delta (1.0-4.0 Hz) on channel 115
      Warning: No frequencies found for delta (1.0-4.0 Hz) on channel 116
      Warning: No frequencies found for delta (1.0-4.0 Hz) on channel 117
      Warning: No frequencies found for delta (1.0-4.0 Hz) on channel 118
      Warning: No frequencies found for delta (1.0-4.0 Hz) on channel 119
      Warning: No frequencies found for delta (1.0-4.0 Hz) on channel 120
      Warning: No frequencies found for delta (1.0-4.0 Hz) on channel 121
      Warning: No frequencies found for delta (1.0-4.0 Hz) on channel 122
      Warning: No frequencies found for delta (1.0-4.0 Hz) on channel 123
      Warning: No frequencies found for delta (1.0-4.0 Hz) on channel 124
      Warning: No frequencies found for delta (1.0-4.0 Hz) on channel 125
      Warning: No frequencies found for delta (1.0-4.0 Hz) on channel 126
      Warning: No frequencies found for delta (1.0-4.0 Hz) on channel 127
      Warning: No frequencies found for delta (1.0-4.0 Hz) on channel 128
      Warning: No frequencies found for delta (1.0-4.0 Hz) on channel 129
      Warning: No frequencies found for delta (1.0-4.0 Hz) on channel 130
      Warning: No frequencies found for delta (1.0-4.0 Hz) on channel 131
      Warning: No frequencies found for delta (1.0-4.0 Hz) on channel 132
      Warning: No frequencies found for delta (1.0-4.0 Hz) on channel 133
      Warning: No frequencies found for delta (1.0-4.0 Hz) on channel 134
      Warning: No frequencies found for delta (1.0-4.0 Hz) on channel 135
      Warning: No frequencies found for delta (1.0-4.0 Hz) on channel 136
      Warning: No frequencies found for delta (1.0-4.0 Hz) on channel 137
      Warning: No frequencies found for delta (1.0-4.0 Hz) on channel 138
      Warning: No frequencies found for delta (1.0-4.0 Hz) on channel 139
      Warning: No frequencies found for delta (1.0-4.0 Hz) on channel 140
      Warning: No frequencies found for delta (1.0-4.0 Hz) on channel 141
      Warning: No frequencies found for delta (1.0-4.0 Hz) on channel 142
      Warning: No frequencies found for delta (1.0-4.0 Hz) on channel 143
      Warning: No frequencies found for delta (1.0-4.0 Hz) on channel 144
      Warning: No frequencies found for delta (1.0-4.0 Hz) on channel 145
      Warning: No frequencies found for delta (1.0-4.0 Hz) on channel 146
      Warning: No frequencies found for delta (1.0-4.0 Hz) on channel 147
      Warning: No frequencies found for delta (1.0-4.0 Hz) on channel 148
      Warning: No frequencies found for delta (1.0-4.0 Hz) on channel 149
      Warning: No frequencies found for delta (1.0-4.0 Hz) on channel 150
      Warning: No frequencies found for delta (1.0-4.0 Hz) on channel 151
      Warning: No frequencies found for delta (1.0-4.0 Hz) on channel 152
      Warning: No frequencies found for delta (1.0-4.0 Hz) on channel 153
      Warning: No frequencies found for delta (1.0-4.0 Hz) on channel 154
      Warning: No frequencies found for delta (1.0-4.0 Hz) on channel 155
      Warning: No frequencies found for delta (1.0-4.0 Hz) on channel 156
      Warning: No frequencies found for delta (1.0-4.0 Hz) on channel 157
      Warning: No frequencies found for delta (1.0-4.0 Hz) on channel 158
      Warning: No frequencies found for delta (1.0-4.0 Hz) on channel 159
      Warning: No frequencies found for delta (1.0-4.0 Hz) on channel 160
      Warning: No frequencies found for delta (1.0-4.0 Hz) on channel 161
      Warning: No frequencies found for delta (1.0-4.0 Hz) on channel 162
      Warning: No frequencies found for delta (1.0-4.0 Hz) on channel 163
      Warning: No frequencies found for delta (1.0-4.0 Hz) on channel 164
    Chunk 6/63 (9.5%)      Warning: No frequencies found for delta (1.0-4.0 Hz) on channel 0
      Warning: No frequencies found for delta (1.0-4.0 Hz) on channel 1
      Warning: No frequencies found for delta (1.0-4.0 Hz) on channel 2
      Warning: No frequencies found for delta (1.0-4.0 Hz) on channel 3
      Warning: No frequencies found for delta (1.0-4.0 Hz) on channel 4
      Warning: No frequencies found for delta (1.0-4.0 Hz) on channel 5
      Warning: No frequencies found for delta (1.0-4.0 Hz) on channel 6
      Warning: No frequencies found for delta (1.0-4.0 Hz) on channel 7
      Warning: No frequencies found for delta (1.0-4.0 Hz) on channel 8
      Warning: No frequencies found for delta (1.0-4.0 Hz) on channel 9
      Warning: No frequencies found for delta (1.0-4.0 Hz) on channel 10
      Warning: No frequencies found for delta (1.0-4.0 Hz) on channel 11
      Warning: No frequencies found for delta (1.0-4.0 Hz) on channel 12
      Warning: No frequencies found for delta (1.0-4.0 Hz) on channel 13
      Warning: No frequencies found for delta (1.0-4.0 Hz) on channel 14
      Warning: No frequencies found for delta (1.0-4.0 Hz) on channel 15
      Warning: No frequencies found for delta (1.0-4.0 Hz) on channel 16
      Warning: No frequencies found for delta (1.0-4.0 Hz) on channel 17
      Warning: No frequencies found for delta (1.0-4.0 Hz) on channel 18
      Warning: No frequencies found for delta (1.0-4.0 Hz) on channel 19
      Warning: No frequencies found for delta (1.0-4.0 Hz) on channel 20
      Warning: No frequencies found for delta (1.0-4.0 Hz) on channel 21
      Warning: No frequencies found for delta (1.0-4.0 Hz) on channel 22
      Warning: No frequencies found for delta (1.0-4.0 Hz) on channel 23
      Warning: No frequencies found for delta (1.0-4.0 Hz) on channel 24
      Warning: No frequencies found for delta (1.0-4.0 Hz) on channel 25
      Warning: No frequencies found for delta (1.0-4.0 Hz) on channel 26
      Warning: No frequencies found for delta (1.0-4.0 Hz) on channel 27
      Warning: No frequencies found for delta (1.0-4.0 Hz) on channel 28
      Warning: No frequencies found for delta (1.0-4.0 Hz) on channel 29
      Warning: No frequencies found for delta (1.0-4.0 Hz) on channel 30
      Warning: No frequencies found for delta (1.0-4.0 Hz) on channel 31
      Warning: No frequencies found for delta (1.0-4.0 Hz) on channel 32
      Warning: No frequencies found for delta (1.0-4.0 Hz) on channel 33
      Warning: No frequencies found for delta (1.0-4.0 Hz) on channel 34
      Warning: No frequencies found for delta (1.0-4.0 Hz) on channel 35
      Warning: No frequencies found for delta (1.0-4.0 Hz) on channel 36
      Warning: No frequencies found for delta (1.0-4.0 Hz) on channel 37
      Warning: No frequencies found for delta (1.0-4.0 Hz) on channel 38
      Warning: No frequencies found for delta (1.0-4.0 Hz) on channel 39
      Warning: No frequencies found for delta (1.0-4.0 Hz) on channel 40
      Warning: No frequencies found for delta (1.0-4.0 Hz) on channel 41
      Warning: No frequencies found for delta (1.0-4.0 Hz) on channel 42
      Warning: No frequencies found for delta (1.0-4.0 Hz) on channel 43
      Warning: No frequencies found for delta (1.0-4.0 Hz) on channel 44
      Warning: No frequencies found for delta (1.0-4.0 Hz) on channel 45
      Warning: No frequencies found for delta (1.0-4.0 Hz) on channel 46
      Warning: No frequencies found for delta (1.0-4.0 Hz) on channel 47
      Warning: No frequencies found for delta (1.0-4.0 Hz) on channel 48
      Warning: No frequencies found for delta (1.0-4.0 Hz) on channel 49
      Warning: No frequencies found for delta (1.0-4.0 Hz) on channel 50
      Warning: No frequencies found for delta (1.0-4.0 Hz) on channel 51
      Warning: No frequencies found for delta (1.0-4.0 Hz) on channel 52
      Warning: No frequencies found for delta (1.0-4.0 Hz) on channel 53
      Warning: No frequencies found for delta (1.0-4.0 Hz) on channel 54
      Warning: No frequencies found for delta (1.0-4.0 Hz) on channel 55
      Warning: No frequencies found for delta (1.0-4.0 Hz) on channel 56
      Warning: No frequencies found for delta (1.0-4.0 Hz) on channel 57
      Warning: No frequencies found for delta (1.0-4.0 Hz) on channel 58
      Warning: No frequencies found for delta (1.0-4.0 Hz) on channel 59
      Warning: No frequencies found for delta (1.0-4.0 Hz) on channel 60
      Warning: No frequencies found for delta (1.0-4.0 Hz) on channel 61
      Warning: No frequencies found for delta (1.0-4.0 Hz) on channel 62
      Warning: No frequencies found for delta (1.0-4.0 Hz) on channel 63
      Warning: No frequencies found for delta (1.0-4.0 Hz) on channel 64
      Warning: No frequencies found for delta (1.0-4.0 Hz) on channel 65
      Warning: No frequencies found for delta (1.0-4.0 Hz) on channel 66
      Warning: No frequencies found for delta (1.0-4.0 Hz) on channel 67
      Warning: No frequencies found for delta (1.0-4.0 Hz) on channel 68
      Warning: No frequencies found for delta (1.0-4.0 Hz) on channel 69
      Warning: No frequencies found for delta (1.0-4.0 Hz) on channel 70
      Warning: No frequencies found for delta (1.0-4.0 Hz) on channel 71
      Warning: No frequencies found for delta (1.0-4.0 Hz) on channel 72
      Warning: No frequencies found for delta (1.0-4.0 Hz) on channel 73
      Warning: No frequencies found for delta (1.0-4.0 Hz) on channel 74
      Warning: No frequencies found for delta (1.0-4.0 Hz) on channel 75
      Warning: No frequencies found for delta (1.0-4.0 Hz) on channel 76
      Warning: No frequencies found for delta (1.0-4.0 Hz) on channel 77
      Warning: No frequencies found for delta (1.0-4.0 Hz) on channel 78
      Warning: No frequencies found for delta (1.0-4.0 Hz) on channel 79
      Warning: No frequencies found for delta (1.0-4.0 Hz) on channel 80
      Warning: No frequencies found for delta (1.0-4.0 Hz) on channel 81
      Warning: No frequencies found for delta (1.0-4.0 Hz) on channel 82
      Warning: No frequencies found for delta (1.0-4.0 Hz) on channel 83
      Warning: No frequencies found for delta (1.0-4.0 Hz) on channel 84
      Warning: No frequencies found for delta (1.0-4.0 Hz) on channel 85
      Warning: No frequencies found for delta (1.0-4.0 Hz) on channel 86
      Warning: No frequencies found for delta (1.0-4.0 Hz) on channel 87
      Warning: No frequencies found for delta (1.0-4.0 Hz) on channel 88
      Warning: No frequencies found for delta (1.0-4.0 Hz) on channel 89
      Warning: No frequencies found for delta (1.0-4.0 Hz) on channel 90
      Warning: No frequencies found for delta (1.0-4.0 Hz) on channel 91
      Warning: No frequencies found for delta (1.0-4.0 Hz) on channel 92
      Warning: No frequencies found for delta (1.0-4.0 Hz) on channel 93
      Warning: No frequencies found for delta (1.0-4.0 Hz) on channel 94
      Warning: No frequencies found for delta (1.0-4.0 Hz) on channel 95
      Warning: No frequencies found for delta (1.0-4.0 Hz) on channel 96
      Warning: No frequencies found for delta (1.0-4.0 Hz) on channel 97
      Warning: No frequencies found for delta (1.0-4.0 Hz) on channel 98
      Warning: No frequencies found for delta (1.0-4.0 Hz) on channel 99
      Warning: No frequencies found for delta (1.0-4.0 Hz) on channel 100
      Warning: No frequencies found for delta (1.0-4.0 Hz) on channel 101
      Warning: No frequencies found for delta (1.0-4.0 Hz) on channel 102
      Warning: No frequencies found for delta (1.0-4.0 Hz) on channel 103
      Warning: No frequencies found for delta (1.0-4.0 Hz) on channel 104
      Warning: No frequencies found for delta (1.0-4.0 Hz) on channel 105
      Warning: No frequencies found for delta (1.0-4.0 Hz) on channel 106
      Warning: No frequencies found for delta (1.0-4.0 Hz) on channel 107
      Warning: No frequencies found for delta (1.0-4.0 Hz) on channel 108
      Warning: No frequencies found for delta (1.0-4.0 Hz) on channel 109
      Warning: No frequencies found for delta (1.0-4.0 Hz) on channel 110
      Warning: No frequencies found for delta (1.0-4.0 Hz) on channel 111
      Warning: No frequencies found for delta (1.0-4.0 Hz) on channel 112
      Warning: No frequencies found for delta (1.0-4.0 Hz) on channel 113
      Warning: No frequencies found for delta (1.0-4.0 Hz) on channel 114
      Warning: No frequencies found for delta (1.0-4.0 Hz) on channel 115
      Warning: No frequencies found for delta (1.0-4.0 Hz) on channel 116
      Warning: No frequencies found for delta (1.0-4.0 Hz) on channel 117
      Warning: No frequencies found for delta (1.0-4.0 Hz) on channel 118
      Warning: No frequencies found for delta (1.0-4.0 Hz) on channel 119
      Warning: No frequencies found for delta (1.0-4.0 Hz) on channel 120
      Warning: No frequencies found for delta (1.0-4.0 Hz) on channel 121
      Warning: No frequencies found for delta (1.0-4.0 Hz) on channel 122
      Warning: No frequencies found for delta (1.0-4.0 Hz) on channel 123
      Warning: No frequencies found for delta (1.0-4.0 Hz) on channel 124
      Warning: No frequencies found for delta (1.0-4.0 Hz) on channel 125
      Warning: No frequencies found for delta (1.0-4.0 Hz) on channel 126
      Warning: No frequencies found for delta (1.0-4.0 Hz) on channel 127
      Warning: No frequencies found for delta (1.0-4.0 Hz) on channel 128
      Warning: No frequencies found for delta (1.0-4.0 Hz) on channel 129
      Warning: No frequencies found for delta (1.0-4.0 Hz) on channel 130
      Warning: No frequencies found for delta (1.0-4.0 Hz) on channel 131
      Warning: No frequencies found for delta (1.0-4.0 Hz) on channel 132
      Warning: No frequencies found for delta (1.0-4.0 Hz) on channel 133
      Warning: No frequencies found for delta (1.0-4.0 Hz) on channel 134
      Warning: No frequencies found for delta (1.0-4.0 Hz) on channel 135
      Warning: No frequencies found for delta (1.0-4.0 Hz) on channel 136
      Warning: No frequencies found for delta (1.0-4.0 Hz) on channel 137
      Warning: No frequencies found for delta (1.0-4.0 Hz) on channel 138
      Warning: No frequencies found for delta (1.0-4.0 Hz) on channel 139
      Warning: No frequencies found for delta (1.0-4.0 Hz) on channel 140
      Warning: No frequencies found for delta (1.0-4.0 Hz) on channel 141
      Warning: No frequencies found for delta (1.0-4.0 Hz) on channel 142
      Warning: No frequencies found for delta (1.0-4.0 Hz) on channel 143
      Warning: No frequencies found for delta (1.0-4.0 Hz) on channel 144
      Warning: No frequencies found for delta (1.0-4.0 Hz) on channel 145
      Warning: No frequencies found for delta (1.0-4.0 Hz) on channel 146
      Warning: No frequencies found for delta (1.0-4.0 Hz) on channel 147
      Warning: No frequencies found for delta (1.0-4.0 Hz) on channel 148
      Warning: No frequencies found for delta (1.0-4.0 Hz) on channel 149
      Warning: No frequencies found for delta (1.0-4.0 Hz) on channel 150
      Warning: No frequencies found for delta (1.0-4.0 Hz) on channel 151
      Warning: No frequencies found for delta (1.0-4.0 Hz) on channel 152
      Warning: No frequencies found for delta (1.0-4.0 Hz) on channel 153
      Warning: No frequencies found for delta (1.0-4.0 Hz) on channel 154
      Warning: No frequencies found for delta (1.0-4.0 Hz) on channel 155
      Warning: No frequencies found for delta (1.0-4.0 Hz) on channel 156
      Warning: No frequencies found for delta (1.0-4.0 Hz) on channel 157
      Warning: No frequencies found for delta (1.0-4.0 Hz) on channel 158
      Warning: No frequencies found for delta (1.0-4.0 Hz) on channel 159
      Warning: No frequencies found for delta (1.0-4.0 Hz) on channel 160
      Warning: No frequencies found for delta (1.0-4.0 Hz) on channel 161
      Warning: No frequencies found for delta (1.0-4.0 Hz) on channel 162
      Warning: No frequencies found for delta (1.0-4.0 Hz) on channel 163
      Warning: No frequencies found for delta (1.0-4.0 Hz) on channel 164
    Chunk 7/63 (11.1%)      Warning: No frequencies found for delta (1.0-4.0 Hz) on channel 0
      Warning: No frequencies found for delta (1.0-4.0 Hz) on channel 1
      Warning: No frequencies found for delta (1.0-4.0 Hz) on channel 2
      Warning: No frequencies found for delta (1.0-4.0 Hz) on channel 3
      Warning: No frequencies found for delta (1.0-4.0 Hz) on channel 4
      Warning: No frequencies found for delta (1.0-4.0 Hz) on channel 5
      Warning: No frequencies found for delta (1.0-4.0 Hz) on channel 6
      Warning: No frequencies found for delta (1.0-4.0 Hz) on channel 7
      Warning: No frequencies found for delta (1.0-4.0 Hz) on channel 8
      Warning: No frequencies found for delta (1.0-4.0 Hz) on channel 9
      Warning: No frequencies found for delta (1.0-4.0 Hz) on channel 10
      Warning: No frequencies found for delta (1.0-4.0 Hz) on channel 11
      Warning: No frequencies found for delta (1.0-4.0 Hz) on channel 12
      Warning: No frequencies found for delta (1.0-4.0 Hz) on channel 13
      Warning: No frequencies found for delta (1.0-4.0 Hz) on channel 14
      Warning: No frequencies found for delta (1.0-4.0 Hz) on channel 15
      Warning: No frequencies found for delta (1.0-4.0 Hz) on channel 16
      Warning: No frequencies found for delta (1.0-4.0 Hz) on channel 17
      Warning: No frequencies found for delta (1.0-4.0 Hz) on channel 18
      Warning: No frequencies found for delta (1.0-4.0 Hz) on channel 19
      Warning: No frequencies found for delta (1.0-4.0 Hz) on channel 20
      Warning: No frequencies found for delta (1.0-4.0 Hz) on channel 21
      Warning: No frequencies found for delta (1.0-4.0 Hz) on channel 22
      Warning: No frequencies found for delta (1.0-4.0 Hz) on channel 23
      Warning: No frequencies found for delta (1.0-4.0 Hz) on channel 24
      Warning: No frequencies found for delta (1.0-4.0 Hz) on channel 25
      Warning: No frequencies found for delta (1.0-4.0 Hz) on channel 26
      Warning: No frequencies found for delta (1.0-4.0 Hz) on channel 27
      Warning: No frequencies found for delta (1.0-4.0 Hz) on channel 28
      Warning: No frequencies found for delta (1.0-4.0 Hz) on channel 29
      Warning: No frequencies found for delta (1.0-4.0 Hz) on channel 30
      Warning: No frequencies found for delta (1.0-4.0 Hz) on channel 31
      Warning: No frequencies found for delta (1.0-4.0 Hz) on channel 32
      Warning: No frequencies found for delta (1.0-4.0 Hz) on channel 33
      Warning: No frequencies found for delta (1.0-4.0 Hz) on channel 34
      Warning: No frequencies found for delta (1.0-4.0 Hz) on channel 35
      Warning: No frequencies found for delta (1.0-4.0 Hz) on channel 36
      Warning: No frequencies found for delta (1.0-4.0 Hz) on channel 37
      Warning: No frequencies found for delta (1.0-4.0 Hz) on channel 38
      Warning: No frequencies found for delta (1.0-4.0 Hz) on channel 39
      Warning: No frequencies found for delta (1.0-4.0 Hz) on channel 40
      Warning: No frequencies found for delta (1.0-4.0 Hz) on channel 41
      Warning: No frequencies found for delta (1.0-4.0 Hz) on channel 42
      Warning: No frequencies found for delta (1.0-4.0 Hz) on channel 43
      Warning: No frequencies found for delta (1.0-4.0 Hz) on channel 44
      Warning: No frequencies found for delta (1.0-4.0 Hz) on channel 45
      Warning: No frequencies found for delta (1.0-4.0 Hz) on channel 46
      Warning: No frequencies found for delta (1.0-4.0 Hz) on channel 47
      Warning: No frequencies found for delta (1.0-4.0 Hz) on channel 48
      Warning: No frequencies found for delta (1.0-4.0 Hz) on channel 49
      Warning: No frequencies found for delta (1.0-4.0 Hz) on channel 50
      Warning: No frequencies found for delta (1.0-4.0 Hz) on channel 51
      Warning: No frequencies found for delta (1.0-4.0 Hz) on channel 52
      Warning: No frequencies found for delta (1.0-4.0 Hz) on channel 53
      Warning: No frequencies found for delta (1.0-4.0 Hz) on channel 54
      Warning: No frequencies found for delta (1.0-4.0 Hz) on channel 55
      Warning: No frequencies found for delta (1.0-4.0 Hz) on channel 56
      Warning: No frequencies found for delta (1.0-4.0 Hz) on channel 57
      Warning: No frequencies found for delta (1.0-4.0 Hz) on channel 58
      Warning: No frequencies found for delta (1.0-4.0 Hz) on channel 59
      Warning: No frequencies found for delta (1.0-4.0 Hz) on channel 60
      Warning: No frequencies found for delta (1.0-4.0 Hz) on channel 61
      Warning: No frequencies found for delta (1.0-4.0 Hz) on channel 62
      Warning: No frequencies found for delta (1.0-4.0 Hz) on channel 63
      Warning: No frequencies found for delta (1.0-4.0 Hz) on channel 64
      Warning: No frequencies found for delta (1.0-4.0 Hz) on channel 65
      Warning: No frequencies found for delta (1.0-4.0 Hz) on channel 66
      Warning: No frequencies found for delta (1.0-4.0 Hz) on channel 67
      Warning: No frequencies found for delta (1.0-4.0 Hz) on channel 68
      Warning: No frequencies found for delta (1.0-4.0 Hz) on channel 69
      Warning: No frequencies found for delta (1.0-4.0 Hz) on channel 70
      Warning: No frequencies found for delta (1.0-4.0 Hz) on channel 71
      Warning: No frequencies found for delta (1.0-4.0 Hz) on channel 72
      Warning: No frequencies found for delta (1.0-4.0 Hz) on channel 73
      Warning: No frequencies found for delta (1.0-4.0 Hz) on channel 74
      Warning: No frequencies found for delta (1.0-4.0 Hz) on channel 75
      Warning: No frequencies found for delta (1.0-4.0 Hz) on channel 76
      Warning: No frequencies found for delta (1.0-4.0 Hz) on channel 77
      Warning: No frequencies found for delta (1.0-4.0 Hz) on channel 78
      Warning: No frequencies found for delta (1.0-4.0 Hz) on channel 79
      Warning: No frequencies found for delta (1.0-4.0 Hz) on channel 80
      Warning: No frequencies found for delta (1.0-4.0 Hz) on channel 81
      Warning: No frequencies found for delta (1.0-4.0 Hz) on channel 82
      Warning: No frequencies found for delta (1.0-4.0 Hz) on channel 83
      Warning: No frequencies found for delta (1.0-4.0 Hz) on channel 84
      Warning: No frequencies found for delta (1.0-4.0 Hz) on channel 85
      Warning: No frequencies found for delta (1.0-4.0 Hz) on channel 86
      Warning: No frequencies found for delta (1.0-4.0 Hz) on channel 87
      Warning: No frequencies found for delta (1.0-4.0 Hz) on channel 88
      Warning: No frequencies found for delta (1.0-4.0 Hz) on channel 89
      Warning: No frequencies found for delta (1.0-4.0 Hz) on channel 90
      Warning: No frequencies found for delta (1.0-4.0 Hz) on channel 91
      Warning: No frequencies found for delta (1.0-4.0 Hz) on channel 92
      Warning: No frequencies found for delta (1.0-4.0 Hz) on channel 93
      Warning: No frequencies found for delta (1.0-4.0 Hz) on channel 94
      Warning: No frequencies found for delta (1.0-4.0 Hz) on channel 95
      Warning: No frequencies found for delta (1.0-4.0 Hz) on channel 96
      Warning: No frequencies found for delta (1.0-4.0 Hz) on channel 97
      Warning: No frequencies found for delta (1.0-4.0 Hz) on channel 98
      Warning: No frequencies found for delta (1.0-4.0 Hz) on channel 99
      Warning: No frequencies found for delta (1.0-4.0 Hz) on channel 100
      Warning: No frequencies found for delta (1.0-4.0 Hz) on channel 101
      Warning: No frequencies found for delta (1.0-4.0 Hz) on channel 102
      Warning: No frequencies found for delta (1.0-4.0 Hz) on channel 103
      Warning: No frequencies found for delta (1.0-4.0 Hz) on channel 104
      Warning: No frequencies found for delta (1.0-4.0 Hz) on channel 105
      Warning: No frequencies found for delta (1.0-4.0 Hz) on channel 106
      Warning: No frequencies found for delta (1.0-4.0 Hz) on channel 107
      Warning: No frequencies found for delta (1.0-4.0 Hz) on channel 108
      Warning: No frequencies found for delta (1.0-4.0 Hz) on channel 109
      Warning: No frequencies found for delta (1.0-4.0 Hz) on channel 110
      Warning: No frequencies found for delta (1.0-4.0 Hz) on channel 111
      Warning: No frequencies found for delta (1.0-4.0 Hz) on channel 112
      Warning: No frequencies found for delta (1.0-4.0 Hz) on channel 113
      Warning: No frequencies found for delta (1.0-4.0 Hz) on channel 114
      Warning: No frequencies found for delta (1.0-4.0 Hz) on channel 115
      Warning: No frequencies found for delta (1.0-4.0 Hz) on channel 116
      Warning: No frequencies found for delta (1.0-4.0 Hz) on channel 117
      Warning: No frequencies found for delta (1.0-4.0 Hz) on channel 118
      Warning: No frequencies found for delta (1.0-4.0 Hz) on channel 119
      Warning: No frequencies found for delta (1.0-4.0 Hz) on channel 120
      Warning: No frequencies found for delta (1.0-4.0 Hz) on channel 121
      Warning: No frequencies found for delta (1.0-4.0 Hz) on channel 122
      Warning: No frequencies found for delta (1.0-4.0 Hz) on channel 123
      Warning: No frequencies found for delta (1.0-4.0 Hz) on channel 124
      Warning: No frequencies found for delta (1.0-4.0 Hz) on channel 125
      Warning: No frequencies found for delta (1.0-4.0 Hz) on channel 126
      Warning: No frequencies found for delta (1.0-4.0 Hz) on channel 127
      Warning: No frequencies found for delta (1.0-4.0 Hz) on channel 128
      Warning: No frequencies found for delta (1.0-4.0 Hz) on channel 129
      Warning: No frequencies found for delta (1.0-4.0 Hz) on channel 130
      Warning: No frequencies found for delta (1.0-4.0 Hz) on channel 131
      Warning: No frequencies found for delta (1.0-4.0 Hz) on channel 132
      Warning: No frequencies found for delta (1.0-4.0 Hz) on channel 133
      Warning: No frequencies found for delta (1.0-4.0 Hz) on channel 134
      Warning: No frequencies found for delta (1.0-4.0 Hz) on channel 135
      Warning: No frequencies found for delta (1.0-4.0 Hz) on channel 136
      Warning: No frequencies found for delta (1.0-4.0 Hz) on channel 137
      Warning: No frequencies found for delta (1.0-4.0 Hz) on channel 138
      Warning: No frequencies found for delta (1.0-4.0 Hz) on channel 139
      Warning: No frequencies found for delta (1.0-4.0 Hz) on channel 140
      Warning: No frequencies found for delta (1.0-4.0 Hz) on channel 141
      Warning: No frequencies found for delta (1.0-4.0 Hz) on channel 142
      Warning: No frequencies found for delta (1.0-4.0 Hz) on channel 143
      Warning: No frequencies found for delta (1.0-4.0 Hz) on channel 144
      Warning: No frequencies found for delta (1.0-4.0 Hz) on channel 145
      Warning: No frequencies found for delta (1.0-4.0 Hz) on channel 146
      Warning: No frequencies found for delta (1.0-4.0 Hz) on channel 147
      Warning: No frequencies found for delta (1.0-4.0 Hz) on channel 148
      Warning: No frequencies found for delta (1.0-4.0 Hz) on channel 149
      Warning: No frequencies found for delta (1.0-4.0 Hz) on channel 150
      Warning: No frequencies found for delta (1.0-4.0 Hz) on channel 151
      Warning: No frequencies found for delta (1.0-4.0 Hz) on channel 152
      Warning: No frequencies found for delta (1.0-4.0 Hz) on channel 153
      Warning: No frequencies found for delta (1.0-4.0 Hz) on channel 154
      Warning: No frequencies found for delta (1.0-4.0 Hz) on channel 155
      Warning: No frequencies found for delta (1.0-4.0 Hz) on channel 156
      Warning: No frequencies found for delta (1.0-4.0 Hz) on channel 157
      Warning: No frequencies found for delta (1.0-4.0 Hz) on channel 158
      Warning: No frequencies found for delta (1.0-4.0 Hz) on channel 159
      Warning: No frequencies found for delta (1.0-4.0 Hz) on channel 160
      Warning: No frequencies found for delta (1.0-4.0 Hz) on channel 161
      Warning: No frequencies found for delta (1.0-4.0 Hz) on channel 162
      Warning: No frequencies found for delta (1.0-4.0 Hz) on channel 163
      Warning: No frequencies found for delta (1.0-4.0 Hz) on channel 164
    Chunk 8/63 (12.7%)      Warning: No frequencies found for delta (1.0-4.0 Hz) on channel 0
      Warning: No frequencies found for delta (1.0-4.0 Hz) on channel 1
      Warning: No frequencies found for delta (1.0-4.0 Hz) on channel 2
      Warning: No frequencies found for delta (1.0-4.0 Hz) on channel 3
      Warning: No frequencies found for delta (1.0-4.0 Hz) on channel 4
      Warning: No frequencies found for delta (1.0-4.0 Hz) on channel 5
      Warning: No frequencies found for delta (1.0-4.0 Hz) on channel 6
      Warning: No frequencies found for delta (1.0-4.0 Hz) on channel 7
      Warning: No frequencies found for delta (1.0-4.0 Hz) on channel 8
      Warning: No frequencies found for delta (1.0-4.0 Hz) on channel 9
      Warning: No frequencies found for delta (1.0-4.0 Hz) on channel 10
      Warning: No frequencies found for delta (1.0-4.0 Hz) on channel 11
      Warning: No frequencies found for delta (1.0-4.0 Hz) on channel 12
      Warning: No frequencies found for delta (1.0-4.0 Hz) on channel 13
      Warning: No frequencies found for delta (1.0-4.0 Hz) on channel 14
      Warning: No frequencies found for delta (1.0-4.0 Hz) on channel 15
      Warning: No frequencies found for delta (1.0-4.0 Hz) on channel 16
      Warning: No frequencies found for delta (1.0-4.0 Hz) on channel 17
      Warning: No frequencies found for delta (1.0-4.0 Hz) on channel 18
      Warning: No frequencies found for delta (1.0-4.0 Hz) on channel 19
      Warning: No frequencies found for delta (1.0-4.0 Hz) on channel 20
      Warning: No frequencies found for delta (1.0-4.0 Hz) on channel 21
      Warning: No frequencies found for delta (1.0-4.0 Hz) on channel 22
      Warning: No frequencies found for delta (1.0-4.0 Hz) on channel 23
      Warning: No frequencies found for delta (1.0-4.0 Hz) on channel 24
      Warning: No frequencies found for delta (1.0-4.0 Hz) on channel 25
      Warning: No frequencies found for delta (1.0-4.0 Hz) on channel 26
      Warning: No frequencies found for delta (1.0-4.0 Hz) on channel 27
      Warning: No frequencies found for delta (1.0-4.0 Hz) on channel 28
      Warning: No frequencies found for delta (1.0-4.0 Hz) on channel 29
      Warning: No frequencies found for delta (1.0-4.0 Hz) on channel 30
      Warning: No frequencies found for delta (1.0-4.0 Hz) on channel 31
      Warning: No frequencies found for delta (1.0-4.0 Hz) on channel 32
      Warning: No frequencies found for delta (1.0-4.0 Hz) on channel 33
      Warning: No frequencies found for delta (1.0-4.0 Hz) on channel 34
      Warning: No frequencies found for delta (1.0-4.0 Hz) on channel 35
      Warning: No frequencies found for delta (1.0-4.0 Hz) on channel 36
      Warning: No frequencies found for delta (1.0-4.0 Hz) on channel 37
      Warning: No frequencies found for delta (1.0-4.0 Hz) on channel 38
      Warning: No frequencies found for delta (1.0-4.0 Hz) on channel 39
      Warning: No frequencies found for delta (1.0-4.0 Hz) on channel 40
      Warning: No frequencies found for delta (1.0-4.0 Hz) on channel 41
      Warning: No frequencies found for delta (1.0-4.0 Hz) on channel 42
      Warning: No frequencies found for delta (1.0-4.0 Hz) on channel 43
      Warning: No frequencies found for delta (1.0-4.0 Hz) on channel 44
      Warning: No frequencies found for delta (1.0-4.0 Hz) on channel 45
      Warning: No frequencies found for delta (1.0-4.0 Hz) on channel 46
      Warning: No frequencies found for delta (1.0-4.0 Hz) on channel 47
      Warning: No frequencies found for delta (1.0-4.0 Hz) on channel 48
      Warning: No frequencies found for delta (1.0-4.0 Hz) on channel 49
      Warning: No frequencies found for delta (1.0-4.0 Hz) on channel 50
      Warning: No frequencies found for delta (1.0-4.0 Hz) on channel 51
      Warning: No frequencies found for delta (1.0-4.0 Hz) on channel 52
      Warning: No frequencies found for delta (1.0-4.0 Hz) on channel 53
      Warning: No frequencies found for delta (1.0-4.0 Hz) on channel 54
      Warning: No frequencies found for delta (1.0-4.0 Hz) on channel 55
      Warning: No frequencies found for delta (1.0-4.0 Hz) on channel 56
      Warning: No frequencies found for delta (1.0-4.0 Hz) on channel 57
      Warning: No frequencies found for delta (1.0-4.0 Hz) on channel 58
      Warning: No frequencies found for delta (1.0-4.0 Hz) on channel 59
      Warning: No frequencies found for delta (1.0-4.0 Hz) on channel 60
      Warning: No frequencies found for delta (1.0-4.0 Hz) on channel 61
      Warning: No frequencies found for delta (1.0-4.0 Hz) on channel 62
      Warning: No frequencies found for delta (1.0-4.0 Hz) on channel 63
      Warning: No frequencies found for delta (1.0-4.0 Hz) on channel 64
      Warning: No frequencies found for delta (1.0-4.0 Hz) on channel 65
      Warning: No frequencies found for delta (1.0-4.0 Hz) on channel 66
      Warning: No frequencies found for delta (1.0-4.0 Hz) on channel 67
      Warning: No frequencies found for delta (1.0-4.0 Hz) on channel 68
      Warning: No frequencies found for delta (1.0-4.0 Hz) on channel 69
      Warning: No frequencies found for delta (1.0-4.0 Hz) on channel 70
      Warning: No frequencies found for delta (1.0-4.0 Hz) on channel 71
      Warning: No frequencies found for delta (1.0-4.0 Hz) on channel 72
      Warning: No frequencies found for delta (1.0-4.0 Hz) on channel 73
      Warning: No frequencies found for delta (1.0-4.0 Hz) on channel 74
      Warning: No frequencies found for delta (1.0-4.0 Hz) on channel 75
      Warning: No frequencies found for delta (1.0-4.0 Hz) on channel 76
      Warning: No frequencies found for delta (1.0-4.0 Hz) on channel 77
      Warning: No frequencies found for delta (1.0-4.0 Hz) on channel 78
      Warning: No frequencies found for delta (1.0-4.0 Hz) on channel 79
      Warning: No frequencies found for delta (1.0-4.0 Hz) on channel 80
      Warning: No frequencies found for delta (1.0-4.0 Hz) on channel 81
      Warning: No frequencies found for delta (1.0-4.0 Hz) on channel 82
      Warning: No frequencies found for delta (1.0-4.0 Hz) on channel 83
      Warning: No frequencies found for delta (1.0-4.0 Hz) on channel 84
      Warning: No frequencies found for delta (1.0-4.0 Hz) on channel 85
      Warning: No frequencies found for delta (1.0-4.0 Hz) on channel 86
      Warning: No frequencies found for delta (1.0-4.0 Hz) on channel 87
      Warning: No frequencies found for delta (1.0-4.0 Hz) on channel 88
      Warning: No frequencies found for delta (1.0-4.0 Hz) on channel 89
      Warning: No frequencies found for delta (1.0-4.0 Hz) on channel 90
      Warning: No frequencies found for delta (1.0-4.0 Hz) on channel 91
      Warning: No frequencies found for delta (1.0-4.0 Hz) on channel 92
      Warning: No frequencies found for delta (1.0-4.0 Hz) on channel 93
      Warning: No frequencies found for delta (1.0-4.0 Hz) on channel 94
      Warning: No frequencies found for delta (1.0-4.0 Hz) on channel 95
      Warning: No frequencies found for delta (1.0-4.0 Hz) on channel 96
      Warning: No frequencies found for delta (1.0-4.0 Hz) on channel 97
      Warning: No frequencies found for delta (1.0-4.0 Hz) on channel 98
      Warning: No frequencies found for delta (1.0-4.0 Hz) on channel 99
      Warning: No frequencies found for delta (1.0-4.0 Hz) on channel 100
      Warning: No frequencies found for delta (1.0-4.0 Hz) on channel 101
      Warning: No frequencies found for delta (1.0-4.0 Hz) on channel 102
      Warning: No frequencies found for delta (1.0-4.0 Hz) on channel 103
      Warning: No frequencies found for delta (1.0-4.0 Hz) on channel 104
      Warning: No frequencies found for delta (1.0-4.0 Hz) on channel 105
      Warning: No frequencies found for delta (1.0-4.0 Hz) on channel 106
      Warning: No frequencies found for delta (1.0-4.0 Hz) on channel 107
      Warning: No frequencies found for delta (1.0-4.0 Hz) on channel 108
      Warning: No frequencies found for delta (1.0-4.0 Hz) on channel 109
      Warning: No frequencies found for delta (1.0-4.0 Hz) on channel 110
      Warning: No frequencies found for delta (1.0-4.0 Hz) on channel 111
      Warning: No frequencies found for delta (1.0-4.0 Hz) on channel 112
      Warning: No frequencies found for delta (1.0-4.0 Hz) on channel 113
      Warning: No frequencies found for delta (1.0-4.0 Hz) on channel 114
      Warning: No frequencies found for delta (1.0-4.0 Hz) on channel 115
      Warning: No frequencies found for delta (1.0-4.0 Hz) on channel 116
      Warning: No frequencies found for delta (1.0-4.0 Hz) on channel 117
      Warning: No frequencies found for delta (1.0-4.0 Hz) on channel 118
      Warning: No frequencies found for delta (1.0-4.0 Hz) on channel 119
      Warning: No frequencies found for delta (1.0-4.0 Hz) on channel 120
      Warning: No frequencies found for delta (1.0-4.0 Hz) on channel 121
      Warning: No frequencies found for delta (1.0-4.0 Hz) on channel 122
      Warning: No frequencies found for delta (1.0-4.0 Hz) on channel 123
      Warning: No frequencies found for delta (1.0-4.0 Hz) on channel 124
      Warning: No frequencies found for delta (1.0-4.0 Hz) on channel 125
      Warning: No frequencies found for delta (1.0-4.0 Hz) on channel 126
      Warning: No frequencies found for delta (1.0-4.0 Hz) on channel 127
      Warning: No frequencies found for delta (1.0-4.0 Hz) on channel 128
      Warning: No frequencies found for delta (1.0-4.0 Hz) on channel 129
      Warning: No frequencies found for delta (1.0-4.0 Hz) on channel 130
      Warning: No frequencies found for delta (1.0-4.0 Hz) on channel 131
      Warning: No frequencies found for delta (1.0-4.0 Hz) on channel 132
      Warning: No frequencies found for delta (1.0-4.0 Hz) on channel 133
      Warning: No frequencies found for delta (1.0-4.0 Hz) on channel 134
      Warning: No frequencies found for delta (1.0-4.0 Hz) on channel 135
      Warning: No frequencies found for delta (1.0-4.0 Hz) on channel 136
      Warning: No frequencies found for delta (1.0-4.0 Hz) on channel 137
      Warning: No frequencies found for delta (1.0-4.0 Hz) on channel 138
      Warning: No frequencies found for delta (1.0-4.0 Hz) on channel 139
      Warning: No frequencies found for delta (1.0-4.0 Hz) on channel 140
      Warning: No frequencies found for delta (1.0-4.0 Hz) on channel 141
      Warning: No frequencies found for delta (1.0-4.0 Hz) on channel 142
      Warning: No frequencies found for delta (1.0-4.0 Hz) on channel 143
      Warning: No frequencies found for delta (1.0-4.0 Hz) on channel 144
      Warning: No frequencies found for delta (1.0-4.0 Hz) on channel 145
      Warning: No frequencies found for delta (1.0-4.0 Hz) on channel 146
      Warning: No frequencies found for delta (1.0-4.0 Hz) on channel 147
      Warning: No frequencies found for delta (1.0-4.0 Hz) on channel 148
      Warning: No frequencies found for delta (1.0-4.0 Hz) on channel 149
      Warning: No frequencies found for delta (1.0-4.0 Hz) on channel 150
      Warning: No frequencies found for delta (1.0-4.0 Hz) on channel 151
      Warning: No frequencies found for delta (1.0-4.0 Hz) on channel 152
      Warning: No frequencies found for delta (1.0-4.0 Hz) on channel 153
      Warning: No frequencies found for delta (1.0-4.0 Hz) on channel 154
      Warning: No frequencies found for delta (1.0-4.0 Hz) on channel 155
      Warning: No frequencies found for delta (1.0-4.0 Hz) on channel 156
      Warning: No frequencies found for delta (1.0-4.0 Hz) on channel 157
      Warning: No frequencies found for delta (1.0-4.0 Hz) on channel 158
      Warning: No frequencies found for delta (1.0-4.0 Hz) on channel 159
      Warning: No frequencies found for delta (1.0-4.0 Hz) on channel 160
      Warning: No frequencies found for delta (1.0-4.0 Hz) on channel 161
      Warning: No frequencies found for delta (1.0-4.0 Hz) on channel 162
      Warning: No frequencies found for delta (1.0-4.0 Hz) on channel 163
      Warning: No frequencies found for delta (1.0-4.0 Hz) on channel 164
    Chunk 9/63 (14.3%)      Warning: No frequencies found for delta (1.0-4.0 Hz) on channel 0
      Warning: No frequencies found for delta (1.0-4.0 Hz) on channel 1
      Warning: No frequencies found for delta (1.0-4.0 Hz) on channel 2
      Warning: No frequencies found for delta (1.0-4.0 Hz) on channel 3
      Warning: No frequencies found for delta (1.0-4.0 Hz) on channel 4
      Warning: No frequencies found for delta (1.0-4.0 Hz) on channel 5
      Warning: No frequencies found for delta (1.0-4.0 Hz) on channel 6
      Warning: No frequencies found for delta (1.0-4.0 Hz) on channel 7
      Warning: No frequencies found for delta (1.0-4.0 Hz) on channel 8
      Warning: No frequencies found for delta (1.0-4.0 Hz) on channel 9
      Warning: No frequencies found for delta (1.0-4.0 Hz) on channel 10
      Warning: No frequencies found for delta (1.0-4.0 Hz) on channel 11
      Warning: No frequencies found for delta (1.0-4.0 Hz) on channel 12
      Warning: No frequencies found for delta (1.0-4.0 Hz) on channel 13
      Warning: No frequencies found for delta (1.0-4.0 Hz) on channel 14
      Warning: No frequencies found for delta (1.0-4.0 Hz) on channel 15
      Warning: No frequencies found for delta (1.0-4.0 Hz) on channel 16
      Warning: No frequencies found for delta (1.0-4.0 Hz) on channel 17
      Warning: No frequencies found for delta (1.0-4.0 Hz) on channel 18
      Warning: No frequencies found for delta (1.0-4.0 Hz) on channel 19
      Warning: No frequencies found for delta (1.0-4.0 Hz) on channel 20
      Warning: No frequencies found for delta (1.0-4.0 Hz) on channel 21
      Warning: No frequencies found for delta (1.0-4.0 Hz) on channel 22
      Warning: No frequencies found for delta (1.0-4.0 Hz) on channel 23
      Warning: No frequencies found for delta (1.0-4.0 Hz) on channel 24
      Warning: No frequencies found for delta (1.0-4.0 Hz) on channel 25
      Warning: No frequencies found for delta (1.0-4.0 Hz) on channel 26
      Warning: No frequencies found for delta (1.0-4.0 Hz) on channel 27
      Warning: No frequencies found for delta (1.0-4.0 Hz) on channel 28
      Warning: No frequencies found for delta (1.0-4.0 Hz) on channel 29
      Warning: No frequencies found for delta (1.0-4.0 Hz) on channel 30
      Warning: No frequencies found for delta (1.0-4.0 Hz) on channel 31
      Warning: No frequencies found for delta (1.0-4.0 Hz) on channel 32
      Warning: No frequencies found for delta (1.0-4.0 Hz) on channel 33
      Warning: No frequencies found for delta (1.0-4.0 Hz) on channel 34
      Warning: No frequencies found for delta (1.0-4.0 Hz) on channel 35
      Warning: No frequencies found for delta (1.0-4.0 Hz) on channel 36
      Warning: No frequencies found for delta (1.0-4.0 Hz) on channel 37
      Warning: No frequencies found for delta (1.0-4.0 Hz) on channel 38
      Warning: No frequencies found for delta (1.0-4.0 Hz) on channel 39
      Warning: No frequencies found for delta (1.0-4.0 Hz) on channel 40
      Warning: No frequencies found for delta (1.0-4.0 Hz) on channel 41
      Warning: No frequencies found for delta (1.0-4.0 Hz) on channel 42
      Warning: No frequencies found for delta (1.0-4.0 Hz) on channel 43
      Warning: No frequencies found for delta (1.0-4.0 Hz) on channel 44
      Warning: No frequencies found for delta (1.0-4.0 Hz) on channel 45
      Warning: No frequencies found for delta (1.0-4.0 Hz) on channel 46
      Warning: No frequencies found for delta (1.0-4.0 Hz) on channel 47
      Warning: No frequencies found for delta (1.0-4.0 Hz) on channel 48
      Warning: No frequencies found for delta (1.0-4.0 Hz) on channel 49
      Warning: No frequencies found for delta (1.0-4.0 Hz) on channel 50
      Warning: No frequencies found for delta (1.0-4.0 Hz) on channel 51
      Warning: No frequencies found for delta (1.0-4.0 Hz) on channel 52
      Warning: No frequencies found for delta (1.0-4.0 Hz) on channel 53
      Warning: No frequencies found for delta (1.0-4.0 Hz) on channel 54
      Warning: No frequencies found for delta (1.0-4.0 Hz) on channel 55
      Warning: No frequencies found for delta (1.0-4.0 Hz) on channel 56
      Warning: No frequencies found for delta (1.0-4.0 Hz) on channel 57
      Warning: No frequencies found for delta (1.0-4.0 Hz) on channel 58
      Warning: No frequencies found for delta (1.0-4.0 Hz) on channel 59
      Warning: No frequencies found for delta (1.0-4.0 Hz) on channel 60
      Warning: No frequencies found for delta (1.0-4.0 Hz) on channel 61
      Warning: No frequencies found for delta (1.0-4.0 Hz) on channel 62
      Warning: No frequencies found for delta (1.0-4.0 Hz) on channel 63
      Warning: No frequencies found for delta (1.0-4.0 Hz) on channel 64
      Warning: No frequencies found for delta (1.0-4.0 Hz) on channel 65
      Warning: No frequencies found for delta (1.0-4.0 Hz) on channel 66
      Warning: No frequencies found for delta (1.0-4.0 Hz) on channel 67
      Warning: No frequencies found for delta (1.0-4.0 Hz) on channel 68
      Warning: No frequencies found for delta (1.0-4.0 Hz) on channel 69
      Warning: No frequencies found for delta (1.0-4.0 Hz) on channel 70
      Warning: No frequencies found for delta (1.0-4.0 Hz) on channel 71
      Warning: No frequencies found for delta (1.0-4.0 Hz) on channel 72
      Warning: No frequencies found for delta (1.0-4.0 Hz) on channel 73
      Warning: No frequencies found for delta (1.0-4.0 Hz) on channel 74
      Warning: No frequencies found for delta (1.0-4.0 Hz) on channel 75
      Warning: No frequencies found for delta (1.0-4.0 Hz) on channel 76
      Warning: No frequencies found for delta (1.0-4.0 Hz) on channel 77
      Warning: No frequencies found for delta (1.0-4.0 Hz) on channel 78
      Warning: No frequencies found for delta (1.0-4.0 Hz) on channel 79
      Warning: No frequencies found for delta (1.0-4.0 Hz) on channel 80
      Warning: No frequencies found for delta (1.0-4.0 Hz) on channel 81
      Warning: No frequencies found for delta (1.0-4.0 Hz) on channel 82
      Warning: No frequencies found for delta (1.0-4.0 Hz) on channel 83
      Warning: No frequencies found for delta (1.0-4.0 Hz) on channel 84
      Warning: No frequencies found for delta (1.0-4.0 Hz) on channel 85
      Warning: No frequencies found for delta (1.0-4.0 Hz) on channel 86
      Warning: No frequencies found for delta (1.0-4.0 Hz) on channel 87
      Warning: No frequencies found for delta (1.0-4.0 Hz) on channel 88
      Warning: No frequencies found for delta (1.0-4.0 Hz) on channel 89
      Warning: No frequencies found for delta (1.0-4.0 Hz) on channel 90
      Warning: No frequencies found for delta (1.0-4.0 Hz) on channel 91
      Warning: No frequencies found for delta (1.0-4.0 Hz) on channel 92
      Warning: No frequencies found for delta (1.0-4.0 Hz) on channel 93
      Warning: No frequencies found for delta (1.0-4.0 Hz) on channel 94
      Warning: No frequencies found for delta (1.0-4.0 Hz) on channel 95
      Warning: No frequencies found for delta (1.0-4.0 Hz) on channel 96
      Warning: No frequencies found for delta (1.0-4.0 Hz) on channel 97
      Warning: No frequencies found for delta (1.0-4.0 Hz) on channel 98
      Warning: No frequencies found for delta (1.0-4.0 Hz) on channel 99
      Warning: No frequencies found for delta (1.0-4.0 Hz) on channel 100
      Warning: No frequencies found for delta (1.0-4.0 Hz) on channel 101
      Warning: No frequencies found for delta (1.0-4.0 Hz) on channel 102
      Warning: No frequencies found for delta (1.0-4.0 Hz) on channel 103
      Warning: No frequencies found for delta (1.0-4.0 Hz) on channel 104
      Warning: No frequencies found for delta (1.0-4.0 Hz) on channel 105
      Warning: No frequencies found for delta (1.0-4.0 Hz) on channel 106
      Warning: No frequencies found for delta (1.0-4.0 Hz) on channel 107
      Warning: No frequencies found for delta (1.0-4.0 Hz) on channel 108
      Warning: No frequencies found for delta (1.0-4.0 Hz) on channel 109
      Warning: No frequencies found for delta (1.0-4.0 Hz) on channel 110
      Warning: No frequencies found for delta (1.0-4.0 Hz) on channel 111
      Warning: No frequencies found for delta (1.0-4.0 Hz) on channel 112
      Warning: No frequencies found for delta (1.0-4.0 Hz) on channel 113
      Warning: No frequencies found for delta (1.0-4.0 Hz) on channel 114
      Warning: No frequencies found for delta (1.0-4.0 Hz) on channel 115
      Warning: No frequencies found for delta (1.0-4.0 Hz) on channel 116
      Warning: No frequencies found for delta (1.0-4.0 Hz) on channel 117
      Warning: No frequencies found for delta (1.0-4.0 Hz) on channel 118
      Warning: No frequencies found for delta (1.0-4.0 Hz) on channel 119
      Warning: No frequencies found for delta (1.0-4.0 Hz) on channel 120
      Warning: No frequencies found for delta (1.0-4.0 Hz) on channel 121
      Warning: No frequencies found for delta (1.0-4.0 Hz) on channel 122
      Warning: No frequencies found for delta (1.0-4.0 Hz) on channel 123
      Warning: No frequencies found for delta (1.0-4.0 Hz) on channel 124
      Warning: No frequencies found for delta (1.0-4.0 Hz) on channel 125
      Warning: No frequencies found for delta (1.0-4.0 Hz) on channel 126
      Warning: No frequencies found for delta (1.0-4.0 Hz) on channel 127
      Warning: No frequencies found for delta (1.0-4.0 Hz) on channel 128
      Warning: No frequencies found for delta (1.0-4.0 Hz) on channel 129
      Warning: No frequencies found for delta (1.0-4.0 Hz) on channel 130
      Warning: No frequencies found for delta (1.0-4.0 Hz) on channel 131
      Warning: No frequencies found for delta (1.0-4.0 Hz) on channel 132
      Warning: No frequencies found for delta (1.0-4.0 Hz) on channel 133
      Warning: No frequencies found for delta (1.0-4.0 Hz) on channel 134
      Warning: No frequencies found for delta (1.0-4.0 Hz) on channel 135
      Warning: No frequencies found for delta (1.0-4.0 Hz) on channel 136
      Warning: No frequencies found for delta (1.0-4.0 Hz) on channel 137
      Warning: No frequencies found for delta (1.0-4.0 Hz) on channel 138
      Warning: No frequencies found for delta (1.0-4.0 Hz) on channel 139
      Warning: No frequencies found for delta (1.0-4.0 Hz) on channel 140
      Warning: No frequencies found for delta (1.0-4.0 Hz) on channel 141
      Warning: No frequencies found for delta (1.0-4.0 Hz) on channel 142
      Warning: No frequencies found for delta (1.0-4.0 Hz) on channel 143
      Warning: No frequencies found for delta (1.0-4.0 Hz) on channel 144
      Warning: No frequencies found for delta (1.0-4.0 Hz) on channel 145
      Warning: No frequencies found for delta (1.0-4.0 Hz) on channel 146
      Warning: No frequencies found for delta (1.0-4.0 Hz) on channel 147
      Warning: No frequencies found for delta (1.0-4.0 Hz) on channel 148
      Warning: No frequencies found for delta (1.0-4.0 Hz) on channel 149
      Warning: No frequencies found for delta (1.0-4.0 Hz) on channel 150
      Warning: No frequencies found for delta (1.0-4.0 Hz) on channel 151
      Warning: No frequencies found for delta (1.0-4.0 Hz) on channel 152
      Warning: No frequencies found for delta (1.0-4.0 Hz) on channel 153
      Warning: No frequencies found for delta (1.0-4.0 Hz) on channel 154
      Warning: No frequencies found for delta (1.0-4.0 Hz) on channel 155
      Warning: No frequencies found for delta (1.0-4.0 Hz) on channel 156
      Warning: No frequencies found for delta (1.0-4.0 Hz) on channel 157
      Warning: No frequencies found for delta (1.0-4.0 Hz) on channel 158
      Warning: No frequencies found for delta (1.0-4.0 Hz) on channel 159
      Warning: No frequencies found for delta (1.0-4.0 Hz) on channel 160
      Warning: No frequencies found for delta (1.0-4.0 Hz) on channel 161
      Warning: No frequencies found for delta (1.0-4.0 Hz) on channel 162
      Warning: No frequencies found for delta (1.0-4.0 Hz) on channel 163
      Warning: No frequencies found for delta (1.0-4.0 Hz) on channel 164
    Chunk 10/63 (15.9%)      Warning: No frequencies found for delta (1.0-4.0 Hz) on channel 0
      Warning: No frequencies found for delta (1.0-4.0 Hz) on channel 1
      Warning: No frequencies found for delta (1.0-4.0 Hz) on channel 2
      Warning: No frequencies found for delta (1.0-4.0 Hz) on channel 3
      Warning: No frequencies found for delta (1.0-4.0 Hz) on channel 4
      Warning: No frequencies found for delta (1.0-4.0 Hz) on channel 5
      Warning: No frequencies found for delta (1.0-4.0 Hz) on channel 6
      Warning: No frequencies found for delta (1.0-4.0 Hz) on channel 7
      Warning: No frequencies found for delta (1.0-4.0 Hz) on channel 8
      Warning: No frequencies found for delta (1.0-4.0 Hz) on channel 9
      Warning: No frequencies found for delta (1.0-4.0 Hz) on channel 10
      Warning: No frequencies found for delta (1.0-4.0 Hz) on channel 11
      Warning: No frequencies found for delta (1.0-4.0 Hz) on channel 12
      Warning: No frequencies found for delta (1.0-4.0 Hz) on channel 13
      Warning: No frequencies found for delta (1.0-4.0 Hz) on channel 14
      Warning: No frequencies found for delta (1.0-4.0 Hz) on channel 15
      Warning: No frequencies found for delta (1.0-4.0 Hz) on channel 16
      Warning: No frequencies found for delta (1.0-4.0 Hz) on channel 17
      Warning: No frequencies found for delta (1.0-4.0 Hz) on channel 18
      Warning: No frequencies found for delta (1.0-4.0 Hz) on channel 19
      Warning: No frequencies found for delta (1.0-4.0 Hz) on channel 20
      Warning: No frequencies found for delta (1.0-4.0 Hz) on channel 21
      Warning: No frequencies found for delta (1.0-4.0 Hz) on channel 22
      Warning: No frequencies found for delta (1.0-4.0 Hz) on channel 23
      Warning: No frequencies found for delta (1.0-4.0 Hz) on channel 24
      Warning: No frequencies found for delta (1.0-4.0 Hz) on channel 25
      Warning: No frequencies found for delta (1.0-4.0 Hz) on channel 26
      Warning: No frequencies found for delta (1.0-4.0 Hz) on channel 27
      Warning: No frequencies found for delta (1.0-4.0 Hz) on channel 28
      Warning: No frequencies found for delta (1.0-4.0 Hz) on channel 29
      Warning: No frequencies found for delta (1.0-4.0 Hz) on channel 30
      Warning: No frequencies found for delta (1.0-4.0 Hz) on channel 31
      Warning: No frequencies found for delta (1.0-4.0 Hz) on channel 32
      Warning: No frequencies found for delta (1.0-4.0 Hz) on channel 33
      Warning: No frequencies found for delta (1.0-4.0 Hz) on channel 34
      Warning: No frequencies found for delta (1.0-4.0 Hz) on channel 35
      Warning: No frequencies found for delta (1.0-4.0 Hz) on channel 36
      Warning: No frequencies found for delta (1.0-4.0 Hz) on channel 37
      Warning: No frequencies found for delta (1.0-4.0 Hz) on channel 38
      Warning: No frequencies found for delta (1.0-4.0 Hz) on channel 39
      Warning: No frequencies found for delta (1.0-4.0 Hz) on channel 40
      Warning: No frequencies found for delta (1.0-4.0 Hz) on channel 41
      Warning: No frequencies found for delta (1.0-4.0 Hz) on channel 42
      Warning: No frequencies found for delta (1.0-4.0 Hz) on channel 43
      Warning: No frequencies found for delta (1.0-4.0 Hz) on channel 44
      Warning: No frequencies found for delta (1.0-4.0 Hz) on channel 45
      Warning: No frequencies found for delta (1.0-4.0 Hz) on channel 46
      Warning: No frequencies found for delta (1.0-4.0 Hz) on channel 47
      Warning: No frequencies found for delta (1.0-4.0 Hz) on channel 48
      Warning: No frequencies found for delta (1.0-4.0 Hz) on channel 49
      Warning: No frequencies found for delta (1.0-4.0 Hz) on channel 50
      Warning: No frequencies found for delta (1.0-4.0 Hz) on channel 51
      Warning: No frequencies found for delta (1.0-4.0 Hz) on channel 52
      Warning: No frequencies found for delta (1.0-4.0 Hz) on channel 53
      Warning: No frequencies found for delta (1.0-4.0 Hz) on channel 54
      Warning: No frequencies found for delta (1.0-4.0 Hz) on channel 55
      Warning: No frequencies found for delta (1.0-4.0 Hz) on channel 56
      Warning: No frequencies found for delta (1.0-4.0 Hz) on channel 57
      Warning: No frequencies found for delta (1.0-4.0 Hz) on channel 58
      Warning: No frequencies found for delta (1.0-4.0 Hz) on channel 59
      Warning: No frequencies found for delta (1.0-4.0 Hz) on channel 60
      Warning: No frequencies found for delta (1.0-4.0 Hz) on channel 61
      Warning: No frequencies found for delta (1.0-4.0 Hz) on channel 62
      Warning: No frequencies found for delta (1.0-4.0 Hz) on channel 63
      Warning: No frequencies found for delta (1.0-4.0 Hz) on channel 64
      Warning: No frequencies found for delta (1.0-4.0 Hz) on channel 65
      Warning: No frequencies found for delta (1.0-4.0 Hz) on channel 66
      Warning: No frequencies found for delta (1.0-4.0 Hz) on channel 67
      Warning: No frequencies found for delta (1.0-4.0 Hz) on channel 68
      Warning: No frequencies found for delta (1.0-4.0 Hz) on channel 69
      Warning: No frequencies found for delta (1.0-4.0 Hz) on channel 70
      Warning: No frequencies found for delta (1.0-4.0 Hz) on channel 71
      Warning: No frequencies found for delta (1.0-4.0 Hz) on channel 72
      Warning: No frequencies found for delta (1.0-4.0 Hz) on channel 73
      Warning: No frequencies found for delta (1.0-4.0 Hz) on channel 74
      Warning: No frequencies found for delta (1.0-4.0 Hz) on channel 75
      Warning: No frequencies found for delta (1.0-4.0 Hz) on channel 76
      Warning: No frequencies found for delta (1.0-4.0 Hz) on channel 77
      Warning: No frequencies found for delta (1.0-4.0 Hz) on channel 78
      Warning: No frequencies found for delta (1.0-4.0 Hz) on channel 79
      Warning: No frequencies found for delta (1.0-4.0 Hz) on channel 80
      Warning: No frequencies found for delta (1.0-4.0 Hz) on channel 81
      Warning: No frequencies found for delta (1.0-4.0 Hz) on channel 82
      Warning: No frequencies found for delta (1.0-4.0 Hz) on channel 83
      Warning: No frequencies found for delta (1.0-4.0 Hz) on channel 84
      Warning: No frequencies found for delta (1.0-4.0 Hz) on channel 85
      Warning: No frequencies found for delta (1.0-4.0 Hz) on channel 86
      Warning: No frequencies found for delta (1.0-4.0 Hz) on channel 87
      Warning: No frequencies found for delta (1.0-4.0 Hz) on channel 88
      Warning: No frequencies found for delta (1.0-4.0 Hz) on channel 89
      Warning: No frequencies found for delta (1.0-4.0 Hz) on channel 90
      Warning: No frequencies found for delta (1.0-4.0 Hz) on channel 91
      Warning: No frequencies found for delta (1.0-4.0 Hz) on channel 92
      Warning: No frequencies found for delta (1.0-4.0 Hz) on channel 93
      Warning: No frequencies found for delta (1.0-4.0 Hz) on channel 94
      Warning: No frequencies found for delta (1.0-4.0 Hz) on channel 95
      Warning: No frequencies found for delta (1.0-4.0 Hz) on channel 96
      Warning: No frequencies found for delta (1.0-4.0 Hz) on channel 97
      Warning: No frequencies found for delta (1.0-4.0 Hz) on channel 98
      Warning: No frequencies found for delta (1.0-4.0 Hz) on channel 99
      Warning: No frequencies found for delta (1.0-4.0 Hz) on channel 100
      Warning: No frequencies found for delta (1.0-4.0 Hz) on channel 101
      Warning: No frequencies found for delta (1.0-4.0 Hz) on channel 102
      Warning: No frequencies found for delta (1.0-4.0 Hz) on channel 103
      Warning: No frequencies found for delta (1.0-4.0 Hz) on channel 104
      Warning: No frequencies found for delta (1.0-4.0 Hz) on channel 105
      Warning: No frequencies found for delta (1.0-4.0 Hz) on channel 106
      Warning: No frequencies found for delta (1.0-4.0 Hz) on channel 107
      Warning: No frequencies found for delta (1.0-4.0 Hz) on channel 108
      Warning: No frequencies found for delta (1.0-4.0 Hz) on channel 109
      Warning: No frequencies found for delta (1.0-4.0 Hz) on channel 110
      Warning: No frequencies found for delta (1.0-4.0 Hz) on channel 111
      Warning: No frequencies found for delta (1.0-4.0 Hz) on channel 112
      Warning: No frequencies found for delta (1.0-4.0 Hz) on channel 113
      Warning: No frequencies found for delta (1.0-4.0 Hz) on channel 114
      Warning: No frequencies found for delta (1.0-4.0 Hz) on channel 115
      Warning: No frequencies found for delta (1.0-4.0 Hz) on channel 116
      Warning: No frequencies found for delta (1.0-4.0 Hz) on channel 117
      Warning: No frequencies found for delta (1.0-4.0 Hz) on channel 118
      Warning: No frequencies found for delta (1.0-4.0 Hz) on channel 119
      Warning: No frequencies found for delta (1.0-4.0 Hz) on channel 120
      Warning: No frequencies found for delta (1.0-4.0 Hz) on channel 121
      Warning: No frequencies found for delta (1.0-4.0 Hz) on channel 122
      Warning: No frequencies found for delta (1.0-4.0 Hz) on channel 123
      Warning: No frequencies found for delta (1.0-4.0 Hz) on channel 124
      Warning: No frequencies found for delta (1.0-4.0 Hz) on channel 125
      Warning: No frequencies found for delta (1.0-4.0 Hz) on channel 126
      Warning: No frequencies found for delta (1.0-4.0 Hz) on channel 127
      Warning: No frequencies found for delta (1.0-4.0 Hz) on channel 128
      Warning: No frequencies found for delta (1.0-4.0 Hz) on channel 129
      Warning: No frequencies found for delta (1.0-4.0 Hz) on channel 130
      Warning: No frequencies found for delta (1.0-4.0 Hz) on channel 131
      Warning: No frequencies found for delta (1.0-4.0 Hz) on channel 132
      Warning: No frequencies found for delta (1.0-4.0 Hz) on channel 133
      Warning: No frequencies found for delta (1.0-4.0 Hz) on channel 134
      Warning: No frequencies found for delta (1.0-4.0 Hz) on channel 135
      Warning: No frequencies found for delta (1.0-4.0 Hz) on channel 136
      Warning: No frequencies found for delta (1.0-4.0 Hz) on channel 137
      Warning: No frequencies found for delta (1.0-4.0 Hz) on channel 138
      Warning: No frequencies found for delta (1.0-4.0 Hz) on channel 139
      Warning: No frequencies found for delta (1.0-4.0 Hz) on channel 140
      Warning: No frequencies found for delta (1.0-4.0 Hz) on channel 141
      Warning: No frequencies found for delta (1.0-4.0 Hz) on channel 142
      Warning: No frequencies found for delta (1.0-4.0 Hz) on channel 143
      Warning: No frequencies found for delta (1.0-4.0 Hz) on channel 144
      Warning: No frequencies found for delta (1.0-4.0 Hz) on channel 145
      Warning: No frequencies found for delta (1.0-4.0 Hz) on channel 146
      Warning: No frequencies found for delta (1.0-4.0 Hz) on channel 147
      Warning: No frequencies found for delta (1.0-4.0 Hz) on channel 148
      Warning: No frequencies found for delta (1.0-4.0 Hz) on channel 149
      Warning: No frequencies found for delta (1.0-4.0 Hz) on channel 150
      Warning: No frequencies found for delta (1.0-4.0 Hz) on channel 151
      Warning: No frequencies found for delta (1.0-4.0 Hz) on channel 152
      Warning: No frequencies found for delta (1.0-4.0 Hz) on channel 153
      Warning: No frequencies found for delta (1.0-4.0 Hz) on channel 154
      Warning: No frequencies found for delta (1.0-4.0 Hz) on channel 155
      Warning: No frequencies found for delta (1.0-4.0 Hz) on channel 156
      Warning: No frequencies found for delta (1.0-4.0 Hz) on channel 157
      Warning: No frequencies found for delta (1.0-4.0 Hz) on channel 158
      Warning: No frequencies found for delta (1.0-4.0 Hz) on channel 159
      Warning: No frequencies found for delta (1.0-4.0 Hz) on channel 160
      Warning: No frequencies found for delta (1.0-4.0 Hz) on channel 161
      Warning: No frequencies found for delta (1.0-4.0 Hz) on channel 162
      Warning: No frequencies found for delta (1.0-4.0 Hz) on channel 163
      Warning: No frequencies found for delta (1.0-4.0 Hz) on channel 164
    Chunk 11/63 (17.5%)      Warning: No frequencies found for delta (1.0-4.0 Hz) on channel 0
      Warning: No frequencies found for delta (1.0-4.0 Hz) on channel 1
      Warning: No frequencies found for delta (1.0-4.0 Hz) on channel 2
      Warning: No frequencies found for delta (1.0-4.0 Hz) on channel 3
      Warning: No frequencies found for delta (1.0-4.0 Hz) on channel 4
      Warning: No frequencies found for delta (1.0-4.0 Hz) on channel 5
      Warning: No frequencies found for delta (1.0-4.0 Hz) on channel 6
      Warning: No frequencies found for delta (1.0-4.0 Hz) on channel 7
      Warning: No frequencies found for delta (1.0-4.0 Hz) on channel 8
      Warning: No frequencies found for delta (1.0-4.0 Hz) on channel 9
      Warning: No frequencies found for delta (1.0-4.0 Hz) on channel 10
      Warning: No frequencies found for delta (1.0-4.0 Hz) on channel 11
      Warning: No frequencies found for delta (1.0-4.0 Hz) on channel 12
      Warning: No frequencies found for delta (1.0-4.0 Hz) on channel 13
      Warning: No frequencies found for delta (1.0-4.0 Hz) on channel 14
      Warning: No frequencies found for delta (1.0-4.0 Hz) on channel 15
      Warning: No frequencies found for delta (1.0-4.0 Hz) on channel 16
      Warning: No frequencies found for delta (1.0-4.0 Hz) on channel 17
      Warning: No frequencies found for delta (1.0-4.0 Hz) on channel 18
      Warning: No frequencies found for delta (1.0-4.0 Hz) on channel 19
      Warning: No frequencies found for delta (1.0-4.0 Hz) on channel 20
      Warning: No frequencies found for delta (1.0-4.0 Hz) on channel 21
      Warning: No frequencies found for delta (1.0-4.0 Hz) on channel 22
      Warning: No frequencies found for delta (1.0-4.0 Hz) on channel 23
      Warning: No frequencies found for delta (1.0-4.0 Hz) on channel 24
      Warning: No frequencies found for delta (1.0-4.0 Hz) on channel 25
      Warning: No frequencies found for delta (1.0-4.0 Hz) on channel 26
      Warning: No frequencies found for delta (1.0-4.0 Hz) on channel 27
      Warning: No frequencies found for delta (1.0-4.0 Hz) on channel 28
      Warning: No frequencies found for delta (1.0-4.0 Hz) on channel 29
      Warning: No frequencies found for delta (1.0-4.0 Hz) on channel 30
      Warning: No frequencies found for delta (1.0-4.0 Hz) on channel 31
      Warning: No frequencies found for delta (1.0-4.0 Hz) on channel 32
      Warning: No frequencies found for delta (1.0-4.0 Hz) on channel 33
      Warning: No frequencies found for delta (1.0-4.0 Hz) on channel 34
      Warning: No frequencies found for delta (1.0-4.0 Hz) on channel 35
      Warning: No frequencies found for delta (1.0-4.0 Hz) on channel 36
      Warning: No frequencies found for delta (1.0-4.0 Hz) on channel 37
      Warning: No frequencies found for delta (1.0-4.0 Hz) on channel 38
      Warning: No frequencies found for delta (1.0-4.0 Hz) on channel 39
      Warning: No frequencies found for delta (1.0-4.0 Hz) on channel 40
      Warning: No frequencies found for delta (1.0-4.0 Hz) on channel 41
      Warning: No frequencies found for delta (1.0-4.0 Hz) on channel 42
      Warning: No frequencies found for delta (1.0-4.0 Hz) on channel 43
      Warning: No frequencies found for delta (1.0-4.0 Hz) on channel 44
      Warning: No frequencies found for delta (1.0-4.0 Hz) on channel 45
      Warning: No frequencies found for delta (1.0-4.0 Hz) on channel 46
      Warning: No frequencies found for delta (1.0-4.0 Hz) on channel 47
      Warning: No frequencies found for delta (1.0-4.0 Hz) on channel 48
      Warning: No frequencies found for delta (1.0-4.0 Hz) on channel 49
      Warning: No frequencies found for delta (1.0-4.0 Hz) on channel 50
      Warning: No frequencies found for delta (1.0-4.0 Hz) on channel 51
      Warning: No frequencies found for delta (1.0-4.0 Hz) on channel 52
      Warning: No frequencies found for delta (1.0-4.0 Hz) on channel 53
      Warning: No frequencies found for delta (1.0-4.0 Hz) on channel 54
      Warning: No frequencies found for delta (1.0-4.0 Hz) on channel 55
      Warning: No frequencies found for delta (1.0-4.0 Hz) on channel 56
      Warning: No frequencies found for delta (1.0-4.0 Hz) on channel 57
      Warning: No frequencies found for delta (1.0-4.0 Hz) on channel 58
      Warning: No frequencies found for delta (1.0-4.0 Hz) on channel 59
      Warning: No frequencies found for delta (1.0-4.0 Hz) on channel 60
      Warning: No frequencies found for delta (1.0-4.0 Hz) on channel 61
      Warning: No frequencies found for delta (1.0-4.0 Hz) on channel 62
      Warning: No frequencies found for delta (1.0-4.0 Hz) on channel 63
      Warning: No frequencies found for delta (1.0-4.0 Hz) on channel 64
      Warning: No frequencies found for delta (1.0-4.0 Hz) on channel 65
      Warning: No frequencies found for delta (1.0-4.0 Hz) on channel 66
      Warning: No frequencies found for delta (1.0-4.0 Hz) on channel 67
      Warning: No frequencies found for delta (1.0-4.0 Hz) on channel 68
      Warning: No frequencies found for delta (1.0-4.0 Hz) on channel 69
      Warning: No frequencies found for delta (1.0-4.0 Hz) on channel 70
      Warning: No frequencies found for delta (1.0-4.0 Hz) on channel 71
      Warning: No frequencies found for delta (1.0-4.0 Hz) on channel 72
      Warning: No frequencies found for delta (1.0-4.0 Hz) on channel 73
      Warning: No frequencies found for delta (1.0-4.0 Hz) on channel 74
      Warning: No frequencies found for delta (1.0-4.0 Hz) on channel 75
      Warning: No frequencies found for delta (1.0-4.0 Hz) on channel 76
      Warning: No frequencies found for delta (1.0-4.0 Hz) on channel 77
      Warning: No frequencies found for delta (1.0-4.0 Hz) on channel 78
      Warning: No frequencies found for delta (1.0-4.0 Hz) on channel 79
      Warning: No frequencies found for delta (1.0-4.0 Hz) on channel 80
      Warning: No frequencies found for delta (1.0-4.0 Hz) on channel 81
      Warning: No frequencies found for delta (1.0-4.0 Hz) on channel 82
      Warning: No frequencies found for delta (1.0-4.0 Hz) on channel 83
      Warning: No frequencies found for delta (1.0-4.0 Hz) on channel 84
      Warning: No frequencies found for delta (1.0-4.0 Hz) on channel 85
      Warning: No frequencies found for delta (1.0-4.0 Hz) on channel 86
      Warning: No frequencies found for delta (1.0-4.0 Hz) on channel 87
      Warning: No frequencies found for delta (1.0-4.0 Hz) on channel 88
      Warning: No frequencies found for delta (1.0-4.0 Hz) on channel 89
      Warning: No frequencies found for delta (1.0-4.0 Hz) on channel 90
      Warning: No frequencies found for delta (1.0-4.0 Hz) on channel 91
      Warning: No frequencies found for delta (1.0-4.0 Hz) on channel 92
      Warning: No frequencies found for delta (1.0-4.0 Hz) on channel 93
      Warning: No frequencies found for delta (1.0-4.0 Hz) on channel 94
      Warning: No frequencies found for delta (1.0-4.0 Hz) on channel 95
      Warning: No frequencies found for delta (1.0-4.0 Hz) on channel 96
      Warning: No frequencies found for delta (1.0-4.0 Hz) on channel 97
      Warning: No frequencies found for delta (1.0-4.0 Hz) on channel 98
      Warning: No frequencies found for delta (1.0-4.0 Hz) on channel 99
      Warning: No frequencies found for delta (1.0-4.0 Hz) on channel 100
      Warning: No frequencies found for delta (1.0-4.0 Hz) on channel 101
      Warning: No frequencies found for delta (1.0-4.0 Hz) on channel 102
      Warning: No frequencies found for delta (1.0-4.0 Hz) on channel 103
      Warning: No frequencies found for delta (1.0-4.0 Hz) on channel 104
      Warning: No frequencies found for delta (1.0-4.0 Hz) on channel 105
      Warning: No frequencies found for delta (1.0-4.0 Hz) on channel 106
      Warning: No frequencies found for delta (1.0-4.0 Hz) on channel 107
      Warning: No frequencies found for delta (1.0-4.0 Hz) on channel 108
      Warning: No frequencies found for delta (1.0-4.0 Hz) on channel 109
      Warning: No frequencies found for delta (1.0-4.0 Hz) on channel 110
      Warning: No frequencies found for delta (1.0-4.0 Hz) on channel 111
      Warning: No frequencies found for delta (1.0-4.0 Hz) on channel 112
      Warning: No frequencies found for delta (1.0-4.0 Hz) on channel 113
      Warning: No frequencies found for delta (1.0-4.0 Hz) on channel 114
      Warning: No frequencies found for delta (1.0-4.0 Hz) on channel 115
      Warning: No frequencies found for delta (1.0-4.0 Hz) on channel 116
      Warning: No frequencies found for delta (1.0-4.0 Hz) on channel 117
      Warning: No frequencies found for delta (1.0-4.0 Hz) on channel 118
      Warning: No frequencies found for delta (1.0-4.0 Hz) on channel 119
      Warning: No frequencies found for delta (1.0-4.0 Hz) on channel 120
      Warning: No frequencies found for delta (1.0-4.0 Hz) on channel 121
      Warning: No frequencies found for delta (1.0-4.0 Hz) on channel 122
      Warning: No frequencies found for delta (1.0-4.0 Hz) on channel 123
      Warning: No frequencies found for delta (1.0-4.0 Hz) on channel 124
      Warning: No frequencies found for delta (1.0-4.0 Hz) on channel 125
      Warning: No frequencies found for delta (1.0-4.0 Hz) on channel 126
      Warning: No frequencies found for delta (1.0-4.0 Hz) on channel 127
      Warning: No frequencies found for delta (1.0-4.0 Hz) on channel 128
      Warning: No frequencies found for delta (1.0-4.0 Hz) on channel 129
      Warning: No frequencies found for delta (1.0-4.0 Hz) on channel 130
      Warning: No frequencies found for delta (1.0-4.0 Hz) on channel 131
      Warning: No frequencies found for delta (1.0-4.0 Hz) on channel 132
      Warning: No frequencies found for delta (1.0-4.0 Hz) on channel 133
      Warning: No frequencies found for delta (1.0-4.0 Hz) on channel 134
      Warning: No frequencies found for delta (1.0-4.0 Hz) on channel 135
      Warning: No frequencies found for delta (1.0-4.0 Hz) on channel 136
      Warning: No frequencies found for delta (1.0-4.0 Hz) on channel 137
      Warning: No frequencies found for delta (1.0-4.0 Hz) on channel 138
      Warning: No frequencies found for delta (1.0-4.0 Hz) on channel 139
      Warning: No frequencies found for delta (1.0-4.0 Hz) on channel 140
      Warning: No frequencies found for delta (1.0-4.0 Hz) on channel 141
      Warning: No frequencies found for delta (1.0-4.0 Hz) on channel 142
      Warning: No frequencies found for delta (1.0-4.0 Hz) on channel 143
      Warning: No frequencies found for delta (1.0-4.0 Hz) on channel 144
      Warning: No frequencies found for delta (1.0-4.0 Hz) on channel 145
      Warning: No frequencies found for delta (1.0-4.0 Hz) on channel 146
      Warning: No frequencies found for delta (1.0-4.0 Hz) on channel 147
      Warning: No frequencies found for delta (1.0-4.0 Hz) on channel 148
      Warning: No frequencies found for delta (1.0-4.0 Hz) on channel 149
      Warning: No frequencies found for delta (1.0-4.0 Hz) on channel 150
      Warning: No frequencies found for delta (1.0-4.0 Hz) on channel 151
      Warning: No frequencies found for delta (1.0-4.0 Hz) on channel 152
      Warning: No frequencies found for delta (1.0-4.0 Hz) on channel 153
      Warning: No frequencies found for delta (1.0-4.0 Hz) on channel 154
      Warning: No frequencies found for delta (1.0-4.0 Hz) on channel 155
      Warning: No frequencies found for delta (1.0-4.0 Hz) on channel 156
      Warning: No frequencies found for delta (1.0-4.0 Hz) on channel 157
      Warning: No frequencies found for delta (1.0-4.0 Hz) on channel 158
      Warning: No frequencies found for delta (1.0-4.0 Hz) on channel 159
      Warning: No frequencies found for delta (1.0-4.0 Hz) on channel 160
      Warning: No frequencies found for delta (1.0-4.0 Hz) on channel 161
      Warning: No frequencies found for delta (1.0-4.0 Hz) on channel 162
      Warning: No frequencies found for delta (1.0-4.0 Hz) on channel 163
      Warning: No frequencies found for delta (1.0-4.0 Hz) on channel 164
    Chunk 12/63 (19.0%)      Warning: No frequencies found for delta (1.0-4.0 Hz) on channel 0
      Warning: No frequencies found for delta (1.0-4.0 Hz) on channel 1
      Warning: No frequencies found for delta (1.0-4.0 Hz) on channel 2
      Warning: No frequencies found for delta (1.0-4.0 Hz) on channel 3
      Warning: No frequencies found for delta (1.0-4.0 Hz) on channel 4
      Warning: No frequencies found for delta (1.0-4.0 Hz) on channel 5
      Warning: No frequencies found for delta (1.0-4.0 Hz) on channel 6
      Warning: No frequencies found for delta (1.0-4.0 Hz) on channel 7
      Warning: No frequencies found for delta (1.0-4.0 Hz) on channel 8
      Warning: No frequencies found for delta (1.0-4.0 Hz) on channel 9
      Warning: No frequencies found for delta (1.0-4.0 Hz) on channel 10
      Warning: No frequencies found for delta (1.0-4.0 Hz) on channel 11
      Warning: No frequencies found for delta (1.0-4.0 Hz) on channel 12
      Warning: No frequencies found for delta (1.0-4.0 Hz) on channel 13
      Warning: No frequencies found for delta (1.0-4.0 Hz) on channel 14
      Warning: No frequencies found for delta (1.0-4.0 Hz) on channel 15
      Warning: No frequencies found for delta (1.0-4.0 Hz) on channel 16
      Warning: No frequencies found for delta (1.0-4.0 Hz) on channel 17
      Warning: No frequencies found for delta (1.0-4.0 Hz) on channel 18
      Warning: No frequencies found for delta (1.0-4.0 Hz) on channel 19
      Warning: No frequencies found for delta (1.0-4.0 Hz) on channel 20
      Warning: No frequencies found for delta (1.0-4.0 Hz) on channel 21
      Warning: No frequencies found for delta (1.0-4.0 Hz) on channel 22
      Warning: No frequencies found for delta (1.0-4.0 Hz) on channel 23
      Warning: No frequencies found for delta (1.0-4.0 Hz) on channel 24
      Warning: No frequencies found for delta (1.0-4.0 Hz) on channel 25
      Warning: No frequencies found for delta (1.0-4.0 Hz) on channel 26
      Warning: No frequencies found for delta (1.0-4.0 Hz) on channel 27
      Warning: No frequencies found for delta (1.0-4.0 Hz) on channel 28
      Warning: No frequencies found for delta (1.0-4.0 Hz) on channel 29
      Warning: No frequencies found for delta (1.0-4.0 Hz) on channel 30
      Warning: No frequencies found for delta (1.0-4.0 Hz) on channel 31
      Warning: No frequencies found for delta (1.0-4.0 Hz) on channel 32
      Warning: No frequencies found for delta (1.0-4.0 Hz) on channel 33
      Warning: No frequencies found for delta (1.0-4.0 Hz) on channel 34
      Warning: No frequencies found for delta (1.0-4.0 Hz) on channel 35
      Warning: No frequencies found for delta (1.0-4.0 Hz) on channel 36
      Warning: No frequencies found for delta (1.0-4.0 Hz) on channel 37
      Warning: No frequencies found for delta (1.0-4.0 Hz) on channel 38
      Warning: No frequencies found for delta (1.0-4.0 Hz) on channel 39
      Warning: No frequencies found for delta (1.0-4.0 Hz) on channel 40
      Warning: No frequencies found for delta (1.0-4.0 Hz) on channel 41
      Warning: No frequencies found for delta (1.0-4.0 Hz) on channel 42
      Warning: No frequencies found for delta (1.0-4.0 Hz) on channel 43
      Warning: No frequencies found for delta (1.0-4.0 Hz) on channel 44
      Warning: No frequencies found for delta (1.0-4.0 Hz) on channel 45
      Warning: No frequencies found for delta (1.0-4.0 Hz) on channel 46
      Warning: No frequencies found for delta (1.0-4.0 Hz) on channel 47
      Warning: No frequencies found for delta (1.0-4.0 Hz) on channel 48
      Warning: No frequencies found for delta (1.0-4.0 Hz) on channel 49
      Warning: No frequencies found for delta (1.0-4.0 Hz) on channel 50
      Warning: No frequencies found for delta (1.0-4.0 Hz) on channel 51
      Warning: No frequencies found for delta (1.0-4.0 Hz) on channel 52
      Warning: No frequencies found for delta (1.0-4.0 Hz) on channel 53
      Warning: No frequencies found for delta (1.0-4.0 Hz) on channel 54
      Warning: No frequencies found for delta (1.0-4.0 Hz) on channel 55
      Warning: No frequencies found for delta (1.0-4.0 Hz) on channel 56
      Warning: No frequencies found for delta (1.0-4.0 Hz) on channel 57
      Warning: No frequencies found for delta (1.0-4.0 Hz) on channel 58
      Warning: No frequencies found for delta (1.0-4.0 Hz) on channel 59
      Warning: No frequencies found for delta (1.0-4.0 Hz) on channel 60
      Warning: No frequencies found for delta (1.0-4.0 Hz) on channel 61
      Warning: No frequencies found for delta (1.0-4.0 Hz) on channel 62
      Warning: No frequencies found for delta (1.0-4.0 Hz) on channel 63
      Warning: No frequencies found for delta (1.0-4.0 Hz) on channel 64
      Warning: No frequencies found for delta (1.0-4.0 Hz) on channel 65
      Warning: No frequencies found for delta (1.0-4.0 Hz) on channel 66
      Warning: No frequencies found for delta (1.0-4.0 Hz) on channel 67
      Warning: No frequencies found for delta (1.0-4.0 Hz) on channel 68
      Warning: No frequencies found for delta (1.0-4.0 Hz) on channel 69
      Warning: No frequencies found for delta (1.0-4.0 Hz) on channel 70
      Warning: No frequencies found for delta (1.0-4.0 Hz) on channel 71
      Warning: No frequencies found for delta (1.0-4.0 Hz) on channel 72
      Warning: No frequencies found for delta (1.0-4.0 Hz) on channel 73
      Warning: No frequencies found for delta (1.0-4.0 Hz) on channel 74
      Warning: No frequencies found for delta (1.0-4.0 Hz) on channel 75
      Warning: No frequencies found for delta (1.0-4.0 Hz) on channel 76
      Warning: No frequencies found for delta (1.0-4.0 Hz) on channel 77
      Warning: No frequencies found for delta (1.0-4.0 Hz) on channel 78
      Warning: No frequencies found for delta (1.0-4.0 Hz) on channel 79
      Warning: No frequencies found for delta (1.0-4.0 Hz) on channel 80
      Warning: No frequencies found for delta (1.0-4.0 Hz) on channel 81
      Warning: No frequencies found for delta (1.0-4.0 Hz) on channel 82
      Warning: No frequencies found for delta (1.0-4.0 Hz) on channel 83
      Warning: No frequencies found for delta (1.0-4.0 Hz) on channel 84
      Warning: No frequencies found for delta (1.0-4.0 Hz) on channel 85
      Warning: No frequencies found for delta (1.0-4.0 Hz) on channel 86
      Warning: No frequencies found for delta (1.0-4.0 Hz) on channel 87
      Warning: No frequencies found for delta (1.0-4.0 Hz) on channel 88
      Warning: No frequencies found for delta (1.0-4.0 Hz) on channel 89
      Warning: No frequencies found for delta (1.0-4.0 Hz) on channel 90
      Warning: No frequencies found for delta (1.0-4.0 Hz) on channel 91
      Warning: No frequencies found for delta (1.0-4.0 Hz) on channel 92
      Warning: No frequencies found for delta (1.0-4.0 Hz) on channel 93
      Warning: No frequencies found for delta (1.0-4.0 Hz) on channel 94
      Warning: No frequencies found for delta (1.0-4.0 Hz) on channel 95
      Warning: No frequencies found for delta (1.0-4.0 Hz) on channel 96
      Warning: No frequencies found for delta (1.0-4.0 Hz) on channel 97
      Warning: No frequencies found for delta (1.0-4.0 Hz) on channel 98
      Warning: No frequencies found for delta (1.0-4.0 Hz) on channel 99
      Warning: No frequencies found for delta (1.0-4.0 Hz) on channel 100
      Warning: No frequencies found for delta (1.0-4.0 Hz) on channel 101
      Warning: No frequencies found for delta (1.0-4.0 Hz) on channel 102
      Warning: No frequencies found for delta (1.0-4.0 Hz) on channel 103
      Warning: No frequencies found for delta (1.0-4.0 Hz) on channel 104
      Warning: No frequencies found for delta (1.0-4.0 Hz) on channel 105
      Warning: No frequencies found for delta (1.0-4.0 Hz) on channel 106
      Warning: No frequencies found for delta (1.0-4.0 Hz) on channel 107
      Warning: No frequencies found for delta (1.0-4.0 Hz) on channel 108
      Warning: No frequencies found for delta (1.0-4.0 Hz) on channel 109
      Warning: No frequencies found for delta (1.0-4.0 Hz) on channel 110
      Warning: No frequencies found for delta (1.0-4.0 Hz) on channel 111
      Warning: No frequencies found for delta (1.0-4.0 Hz) on channel 112
      Warning: No frequencies found for delta (1.0-4.0 Hz) on channel 113
      Warning: No frequencies found for delta (1.0-4.0 Hz) on channel 114
      Warning: No frequencies found for delta (1.0-4.0 Hz) on channel 115
      Warning: No frequencies found for delta (1.0-4.0 Hz) on channel 116
      Warning: No frequencies found for delta (1.0-4.0 Hz) on channel 117
      Warning: No frequencies found for delta (1.0-4.0 Hz) on channel 118
      Warning: No frequencies found for delta (1.0-4.0 Hz) on channel 119
      Warning: No frequencies found for delta (1.0-4.0 Hz) on channel 120
      Warning: No frequencies found for delta (1.0-4.0 Hz) on channel 121
      Warning: No frequencies found for delta (1.0-4.0 Hz) on channel 122
      Warning: No frequencies found for delta (1.0-4.0 Hz) on channel 123
      Warning: No frequencies found for delta (1.0-4.0 Hz) on channel 124
      Warning: No frequencies found for delta (1.0-4.0 Hz) on channel 125
      Warning: No frequencies found for delta (1.0-4.0 Hz) on channel 126
      Warning: No frequencies found for delta (1.0-4.0 Hz) on channel 127
      Warning: No frequencies found for delta (1.0-4.0 Hz) on channel 128
      Warning: No frequencies found for delta (1.0-4.0 Hz) on channel 129
      Warning: No frequencies found for delta (1.0-4.0 Hz) on channel 130
      Warning: No frequencies found for delta (1.0-4.0 Hz) on channel 131
      Warning: No frequencies found for delta (1.0-4.0 Hz) on channel 132
      Warning: No frequencies found for delta (1.0-4.0 Hz) on channel 133
      Warning: No frequencies found for delta (1.0-4.0 Hz) on channel 134
      Warning: No frequencies found for delta (1.0-4.0 Hz) on channel 135
      Warning: No frequencies found for delta (1.0-4.0 Hz) on channel 136
      Warning: No frequencies found for delta (1.0-4.0 Hz) on channel 137
      Warning: No frequencies found for delta (1.0-4.0 Hz) on channel 138
      Warning: No frequencies found for delta (1.0-4.0 Hz) on channel 139
      Warning: No frequencies found for delta (1.0-4.0 Hz) on channel 140
      Warning: No frequencies found for delta (1.0-4.0 Hz) on channel 141
      Warning: No frequencies found for delta (1.0-4.0 Hz) on channel 142
      Warning: No frequencies found for delta (1.0-4.0 Hz) on channel 143
      Warning: No frequencies found for delta (1.0-4.0 Hz) on channel 144
      Warning: No frequencies found for delta (1.0-4.0 Hz) on channel 145
      Warning: No frequencies found for delta (1.0-4.0 Hz) on channel 146
      Warning: No frequencies found for delta (1.0-4.0 Hz) on channel 147
      Warning: No frequencies found for delta (1.0-4.0 Hz) on channel 148
      Warning: No frequencies found for delta (1.0-4.0 Hz) on channel 149
      Warning: No frequencies found for delta (1.0-4.0 Hz) on channel 150
      Warning: No frequencies found for delta (1.0-4.0 Hz) on channel 151
      Warning: No frequencies found for delta (1.0-4.0 Hz) on channel 152
      Warning: No frequencies found for delta (1.0-4.0 Hz) on channel 153
      Warning: No frequencies found for delta (1.0-4.0 Hz) on channel 154
      Warning: No frequencies found for delta (1.0-4.0 Hz) on channel 155
      Warning: No frequencies found for delta (1.0-4.0 Hz) on channel 156
      Warning: No frequencies found for delta (1.0-4.0 Hz) on channel 157
      Warning: No frequencies found for delta (1.0-4.0 Hz) on channel 158
      Warning: No frequencies found for delta (1.0-4.0 Hz) on channel 159
      Warning: No frequencies found for delta (1.0-4.0 Hz) on channel 160
      Warning: No frequencies found for delta (1.0-4.0 Hz) on channel 161
      Warning: No frequencies found for delta (1.0-4.0 Hz) on channel 162
      Warning: No frequencies found for delta (1.0-4.0 Hz) on channel 163
      Warning: No frequencies found for delta (1.0-4.0 Hz) on channel 164
    Chunk 13/63 (20.6%)      Warning: No frequencies found for delta (1.0-4.0 Hz) on channel 0
      Warning: No frequencies found for delta (1.0-4.0 Hz) on channel 1
      Warning: No frequencies found for delta (1.0-4.0 Hz) on channel 2
      Warning: No frequencies found for delta (1.0-4.0 Hz) on channel 3
      Warning: No frequencies found for delta (1.0-4.0 Hz) on channel 4
      Warning: No frequencies found for delta (1.0-4.0 Hz) on channel 5
      Warning: No frequencies found for delta (1.0-4.0 Hz) on channel 6
      Warning: No frequencies found for delta (1.0-4.0 Hz) on channel 7
      Warning: No frequencies found for delta (1.0-4.0 Hz) on channel 8
      Warning: No frequencies found for delta (1.0-4.0 Hz) on channel 9
      Warning: No frequencies found for delta (1.0-4.0 Hz) on channel 10
      Warning: No frequencies found for delta (1.0-4.0 Hz) on channel 11
      Warning: No frequencies found for delta (1.0-4.0 Hz) on channel 12
      Warning: No frequencies found for delta (1.0-4.0 Hz) on channel 13
      Warning: No frequencies found for delta (1.0-4.0 Hz) on channel 14
      Warning: No frequencies found for delta (1.0-4.0 Hz) on channel 15
      Warning: No frequencies found for delta (1.0-4.0 Hz) on channel 16
      Warning: No frequencies found for delta (1.0-4.0 Hz) on channel 17
      Warning: No frequencies found for delta (1.0-4.0 Hz) on channel 18
      Warning: No frequencies found for delta (1.0-4.0 Hz) on channel 19
      Warning: No frequencies found for delta (1.0-4.0 Hz) on channel 20
      Warning: No frequencies found for delta (1.0-4.0 Hz) on channel 21
      Warning: No frequencies found for delta (1.0-4.0 Hz) on channel 22
      Warning: No frequencies found for delta (1.0-4.0 Hz) on channel 23
      Warning: No frequencies found for delta (1.0-4.0 Hz) on channel 24
      Warning: No frequencies found for delta (1.0-4.0 Hz) on channel 25
      Warning: No frequencies found for delta (1.0-4.0 Hz) on channel 26
      Warning: No frequencies found for delta (1.0-4.0 Hz) on channel 27
      Warning: No frequencies found for delta (1.0-4.0 Hz) on channel 28
      Warning: No frequencies found for delta (1.0-4.0 Hz) on channel 29
      Warning: No frequencies found for delta (1.0-4.0 Hz) on channel 30
      Warning: No frequencies found for delta (1.0-4.0 Hz) on channel 31
      Warning: No frequencies found for delta (1.0-4.0 Hz) on channel 32
      Warning: No frequencies found for delta (1.0-4.0 Hz) on channel 33
      Warning: No frequencies found for delta (1.0-4.0 Hz) on channel 34
      Warning: No frequencies found for delta (1.0-4.0 Hz) on channel 35
      Warning: No frequencies found for delta (1.0-4.0 Hz) on channel 36
      Warning: No frequencies found for delta (1.0-4.0 Hz) on channel 37
      Warning: No frequencies found for delta (1.0-4.0 Hz) on channel 38
      Warning: No frequencies found for delta (1.0-4.0 Hz) on channel 39
      Warning: No frequencies found for delta (1.0-4.0 Hz) on channel 40
      Warning: No frequencies found for delta (1.0-4.0 Hz) on channel 41
      Warning: No frequencies found for delta (1.0-4.0 Hz) on channel 42
      Warning: No frequencies found for delta (1.0-4.0 Hz) on channel 43
      Warning: No frequencies found for delta (1.0-4.0 Hz) on channel 44
      Warning: No frequencies found for delta (1.0-4.0 Hz) on channel 45
      Warning: No frequencies found for delta (1.0-4.0 Hz) on channel 46
      Warning: No frequencies found for delta (1.0-4.0 Hz) on channel 47
      Warning: No frequencies found for delta (1.0-4.0 Hz) on channel 48
      Warning: No frequencies found for delta (1.0-4.0 Hz) on channel 49
      Warning: No frequencies found for delta (1.0-4.0 Hz) on channel 50
      Warning: No frequencies found for delta (1.0-4.0 Hz) on channel 51
      Warning: No frequencies found for delta (1.0-4.0 Hz) on channel 52
      Warning: No frequencies found for delta (1.0-4.0 Hz) on channel 53
      Warning: No frequencies found for delta (1.0-4.0 Hz) on channel 54
      Warning: No frequencies found for delta (1.0-4.0 Hz) on channel 55
      Warning: No frequencies found for delta (1.0-4.0 Hz) on channel 56
      Warning: No frequencies found for delta (1.0-4.0 Hz) on channel 57
      Warning: No frequencies found for delta (1.0-4.0 Hz) on channel 58
      Warning: No frequencies found for delta (1.0-4.0 Hz) on channel 59
      Warning: No frequencies found for delta (1.0-4.0 Hz) on channel 60
      Warning: No frequencies found for delta (1.0-4.0 Hz) on channel 61
      Warning: No frequencies found for delta (1.0-4.0 Hz) on channel 62
      Warning: No frequencies found for delta (1.0-4.0 Hz) on channel 63
      Warning: No frequencies found for delta (1.0-4.0 Hz) on channel 64
      Warning: No frequencies found for delta (1.0-4.0 Hz) on channel 65
      Warning: No frequencies found for delta (1.0-4.0 Hz) on channel 66
      Warning: No frequencies found for delta (1.0-4.0 Hz) on channel 67
      Warning: No frequencies found for delta (1.0-4.0 Hz) on channel 68
      Warning: No frequencies found for delta (1.0-4.0 Hz) on channel 69
      Warning: No frequencies found for delta (1.0-4.0 Hz) on channel 70
      Warning: No frequencies found for delta (1.0-4.0 Hz) on channel 71
      Warning: No frequencies found for delta (1.0-4.0 Hz) on channel 72
      Warning: No frequencies found for delta (1.0-4.0 Hz) on channel 73
      Warning: No frequencies found for delta (1.0-4.0 Hz) on channel 74
      Warning: No frequencies found for delta (1.0-4.0 Hz) on channel 75
      Warning: No frequencies found for delta (1.0-4.0 Hz) on channel 76
      Warning: No frequencies found for delta (1.0-4.0 Hz) on channel 77
      Warning: No frequencies found for delta (1.0-4.0 Hz) on channel 78
      Warning: No frequencies found for delta (1.0-4.0 Hz) on channel 79
      Warning: No frequencies found for delta (1.0-4.0 Hz) on channel 80
      Warning: No frequencies found for delta (1.0-4.0 Hz) on channel 81
      Warning: No frequencies found for delta (1.0-4.0 Hz) on channel 82
      Warning: No frequencies found for delta (1.0-4.0 Hz) on channel 83
      Warning: No frequencies found for delta (1.0-4.0 Hz) on channel 84
      Warning: No frequencies found for delta (1.0-4.0 Hz) on channel 85
      Warning: No frequencies found for delta (1.0-4.0 Hz) on channel 86
      Warning: No frequencies found for delta (1.0-4.0 Hz) on channel 87
      Warning: No frequencies found for delta (1.0-4.0 Hz) on channel 88
      Warning: No frequencies found for delta (1.0-4.0 Hz) on channel 89
      Warning: No frequencies found for delta (1.0-4.0 Hz) on channel 90
      Warning: No frequencies found for delta (1.0-4.0 Hz) on channel 91
      Warning: No frequencies found for delta (1.0-4.0 Hz) on channel 92
      Warning: No frequencies found for delta (1.0-4.0 Hz) on channel 93
      Warning: No frequencies found for delta (1.0-4.0 Hz) on channel 94
      Warning: No frequencies found for delta (1.0-4.0 Hz) on channel 95
      Warning: No frequencies found for delta (1.0-4.0 Hz) on channel 96
      Warning: No frequencies found for delta (1.0-4.0 Hz) on channel 97
      Warning: No frequencies found for delta (1.0-4.0 Hz) on channel 98
      Warning: No frequencies found for delta (1.0-4.0 Hz) on channel 99
      Warning: No frequencies found for delta (1.0-4.0 Hz) on channel 100
      Warning: No frequencies found for delta (1.0-4.0 Hz) on channel 101
      Warning: No frequencies found for delta (1.0-4.0 Hz) on channel 102
      Warning: No frequencies found for delta (1.0-4.0 Hz) on channel 103
      Warning: No frequencies found for delta (1.0-4.0 Hz) on channel 104
      Warning: No frequencies found for delta (1.0-4.0 Hz) on channel 105
      Warning: No frequencies found for delta (1.0-4.0 Hz) on channel 106
      Warning: No frequencies found for delta (1.0-4.0 Hz) on channel 107
      Warning: No frequencies found for delta (1.0-4.0 Hz) on channel 108
      Warning: No frequencies found for delta (1.0-4.0 Hz) on channel 109
      Warning: No frequencies found for delta (1.0-4.0 Hz) on channel 110
      Warning: No frequencies found for delta (1.0-4.0 Hz) on channel 111
      Warning: No frequencies found for delta (1.0-4.0 Hz) on channel 112
      Warning: No frequencies found for delta (1.0-4.0 Hz) on channel 113
      Warning: No frequencies found for delta (1.0-4.0 Hz) on channel 114
      Warning: No frequencies found for delta (1.0-4.0 Hz) on channel 115
      Warning: No frequencies found for delta (1.0-4.0 Hz) on channel 116
      Warning: No frequencies found for delta (1.0-4.0 Hz) on channel 117
      Warning: No frequencies found for delta (1.0-4.0 Hz) on channel 118
      Warning: No frequencies found for delta (1.0-4.0 Hz) on channel 119
      Warning: No frequencies found for delta (1.0-4.0 Hz) on channel 120
      Warning: No frequencies found for delta (1.0-4.0 Hz) on channel 121
      Warning: No frequencies found for delta (1.0-4.0 Hz) on channel 122
      Warning: No frequencies found for delta (1.0-4.0 Hz) on channel 123
      Warning: No frequencies found for delta (1.0-4.0 Hz) on channel 124
      Warning: No frequencies found for delta (1.0-4.0 Hz) on channel 125
      Warning: No frequencies found for delta (1.0-4.0 Hz) on channel 126
      Warning: No frequencies found for delta (1.0-4.0 Hz) on channel 127
      Warning: No frequencies found for delta (1.0-4.0 Hz) on channel 128
      Warning: No frequencies found for delta (1.0-4.0 Hz) on channel 129
      Warning: No frequencies found for delta (1.0-4.0 Hz) on channel 130
      Warning: No frequencies found for delta (1.0-4.0 Hz) on channel 131
      Warning: No frequencies found for delta (1.0-4.0 Hz) on channel 132
      Warning: No frequencies found for delta (1.0-4.0 Hz) on channel 133
      Warning: No frequencies found for delta (1.0-4.0 Hz) on channel 134
      Warning: No frequencies found for delta (1.0-4.0 Hz) on channel 135
      Warning: No frequencies found for delta (1.0-4.0 Hz) on channel 136
      Warning: No frequencies found for delta (1.0-4.0 Hz) on channel 137
      Warning: No frequencies found for delta (1.0-4.0 Hz) on channel 138
      Warning: No frequencies found for delta (1.0-4.0 Hz) on channel 139
      Warning: No frequencies found for delta (1.0-4.0 Hz) on channel 140
      Warning: No frequencies found for delta (1.0-4.0 Hz) on channel 141
      Warning: No frequencies found for delta (1.0-4.0 Hz) on channel 142
      Warning: No frequencies found for delta (1.0-4.0 Hz) on channel 143
      Warning: No frequencies found for delta (1.0-4.0 Hz) on channel 144
      Warning: No frequencies found for delta (1.0-4.0 Hz) on channel 145
      Warning: No frequencies found for delta (1.0-4.0 Hz) on channel 146
      Warning: No frequencies found for delta (1.0-4.0 Hz) on channel 147
      Warning: No frequencies found for delta (1.0-4.0 Hz) on channel 148
      Warning: No frequencies found for delta (1.0-4.0 Hz) on channel 149
      Warning: No frequencies found for delta (1.0-4.0 Hz) on channel 150
      Warning: No frequencies found for delta (1.0-4.0 Hz) on channel 151
      Warning: No frequencies found for delta (1.0-4.0 Hz) on channel 152
      Warning: No frequencies found for delta (1.0-4.0 Hz) on channel 153
      Warning: No frequencies found for delta (1.0-4.0 Hz) on channel 154
      Warning: No frequencies found for delta (1.0-4.0 Hz) on channel 155
      Warning: No frequencies found for delta (1.0-4.0 Hz) on channel 156
      Warning: No frequencies found for delta (1.0-4.0 Hz) on channel 157
      Warning: No frequencies found for delta (1.0-4.0 Hz) on channel 158
      Warning: No frequencies found for delta (1.0-4.0 Hz) on channel 159
      Warning: No frequencies found for delta (1.0-4.0 Hz) on channel 160
      Warning: No frequencies found for delta (1.0-4.0 Hz) on channel 161
      Warning: No frequencies found for delta (1.0-4.0 Hz) on channel 162
      Warning: No frequencies found for delta (1.0-4.0 Hz) on channel 163
      Warning: No frequencies found for delta (1.0-4.0 Hz) on channel 164
    Chunk 14/63 (22.2%)      Warning: No frequencies found for delta (1.0-4.0 Hz) on channel 0
      Warning: No frequencies found for delta (1.0-4.0 Hz) on channel 1
      Warning: No frequencies found for delta (1.0-4.0 Hz) on channel 2
      Warning: No frequencies found for delta (1.0-4.0 Hz) on channel 3
      Warning: No frequencies found for delta (1.0-4.0 Hz) on channel 4
      Warning: No frequencies found for delta (1.0-4.0 Hz) on channel 5
      Warning: No frequencies found for delta (1.0-4.0 Hz) on channel 6
      Warning: No frequencies found for delta (1.0-4.0 Hz) on channel 7
      Warning: No frequencies found for delta (1.0-4.0 Hz) on channel 8
      Warning: No frequencies found for delta (1.0-4.0 Hz) on channel 9
      Warning: No frequencies found for delta (1.0-4.0 Hz) on channel 10
      Warning: No frequencies found for delta (1.0-4.0 Hz) on channel 11
      Warning: No frequencies found for delta (1.0-4.0 Hz) on channel 12
      Warning: No frequencies found for delta (1.0-4.0 Hz) on channel 13
      Warning: No frequencies found for delta (1.0-4.0 Hz) on channel 14
      Warning: No frequencies found for delta (1.0-4.0 Hz) on channel 15
      Warning: No frequencies found for delta (1.0-4.0 Hz) on channel 16
      Warning: No frequencies found for delta (1.0-4.0 Hz) on channel 17
      Warning: No frequencies found for delta (1.0-4.0 Hz) on channel 18
      Warning: No frequencies found for delta (1.0-4.0 Hz) on channel 19
      Warning: No frequencies found for delta (1.0-4.0 Hz) on channel 20
      Warning: No frequencies found for delta (1.0-4.0 Hz) on channel 21
      Warning: No frequencies found for delta (1.0-4.0 Hz) on channel 22
      Warning: No frequencies found for delta (1.0-4.0 Hz) on channel 23
      Warning: No frequencies found for delta (1.0-4.0 Hz) on channel 24
      Warning: No frequencies found for delta (1.0-4.0 Hz) on channel 25
      Warning: No frequencies found for delta (1.0-4.0 Hz) on channel 26
      Warning: No frequencies found for delta (1.0-4.0 Hz) on channel 27
      Warning: No frequencies found for delta (1.0-4.0 Hz) on channel 28
      Warning: No frequencies found for delta (1.0-4.0 Hz) on channel 29
      Warning: No frequencies found for delta (1.0-4.0 Hz) on channel 30
      Warning: No frequencies found for delta (1.0-4.0 Hz) on channel 31
      Warning: No frequencies found for delta (1.0-4.0 Hz) on channel 32
      Warning: No frequencies found for delta (1.0-4.0 Hz) on channel 33
      Warning: No frequencies found for delta (1.0-4.0 Hz) on channel 34
      Warning: No frequencies found for delta (1.0-4.0 Hz) on channel 35
      Warning: No frequencies found for delta (1.0-4.0 Hz) on channel 36
      Warning: No frequencies found for delta (1.0-4.0 Hz) on channel 37
      Warning: No frequencies found for delta (1.0-4.0 Hz) on channel 38
      Warning: No frequencies found for delta (1.0-4.0 Hz) on channel 39
      Warning: No frequencies found for delta (1.0-4.0 Hz) on channel 40
      Warning: No frequencies found for delta (1.0-4.0 Hz) on channel 41
      Warning: No frequencies found for delta (1.0-4.0 Hz) on channel 42
      Warning: No frequencies found for delta (1.0-4.0 Hz) on channel 43
      Warning: No frequencies found for delta (1.0-4.0 Hz) on channel 44
      Warning: No frequencies found for delta (1.0-4.0 Hz) on channel 45
      Warning: No frequencies found for delta (1.0-4.0 Hz) on channel 46
      Warning: No frequencies found for delta (1.0-4.0 Hz) on channel 47
      Warning: No frequencies found for delta (1.0-4.0 Hz) on channel 48
      Warning: No frequencies found for delta (1.0-4.0 Hz) on channel 49
      Warning: No frequencies found for delta (1.0-4.0 Hz) on channel 50
      Warning: No frequencies found for delta (1.0-4.0 Hz) on channel 51
      Warning: No frequencies found for delta (1.0-4.0 Hz) on channel 52
      Warning: No frequencies found for delta (1.0-4.0 Hz) on channel 53
      Warning: No frequencies found for delta (1.0-4.0 Hz) on channel 54
      Warning: No frequencies found for delta (1.0-4.0 Hz) on channel 55
      Warning: No frequencies found for delta (1.0-4.0 Hz) on channel 56
      Warning: No frequencies found for delta (1.0-4.0 Hz) on channel 57
      Warning: No frequencies found for delta (1.0-4.0 Hz) on channel 58
      Warning: No frequencies found for delta (1.0-4.0 Hz) on channel 59
      Warning: No frequencies found for delta (1.0-4.0 Hz) on channel 60
      Warning: No frequencies found for delta (1.0-4.0 Hz) on channel 61
      Warning: No frequencies found for delta (1.0-4.0 Hz) on channel 62
      Warning: No frequencies found for delta (1.0-4.0 Hz) on channel 63
      Warning: No frequencies found for delta (1.0-4.0 Hz) on channel 64
      Warning: No frequencies found for delta (1.0-4.0 Hz) on channel 65
      Warning: No frequencies found for delta (1.0-4.0 Hz) on channel 66
      Warning: No frequencies found for delta (1.0-4.0 Hz) on channel 67
      Warning: No frequencies found for delta (1.0-4.0 Hz) on channel 68
      Warning: No frequencies found for delta (1.0-4.0 Hz) on channel 69
      Warning: No frequencies found for delta (1.0-4.0 Hz) on channel 70
      Warning: No frequencies found for delta (1.0-4.0 Hz) on channel 71
      Warning: No frequencies found for delta (1.0-4.0 Hz) on channel 72
      Warning: No frequencies found for delta (1.0-4.0 Hz) on channel 73
      Warning: No frequencies found for delta (1.0-4.0 Hz) on channel 74
      Warning: No frequencies found for delta (1.0-4.0 Hz) on channel 75
      Warning: No frequencies found for delta (1.0-4.0 Hz) on channel 76
      Warning: No frequencies found for delta (1.0-4.0 Hz) on channel 77
      Warning: No frequencies found for delta (1.0-4.0 Hz) on channel 78
      Warning: No frequencies found for delta (1.0-4.0 Hz) on channel 79
      Warning: No frequencies found for delta (1.0-4.0 Hz) on channel 80
      Warning: No frequencies found for delta (1.0-4.0 Hz) on channel 81
      Warning: No frequencies found for delta (1.0-4.0 Hz) on channel 82
      Warning: No frequencies found for delta (1.0-4.0 Hz) on channel 83
      Warning: No frequencies found for delta (1.0-4.0 Hz) on channel 84
      Warning: No frequencies found for delta (1.0-4.0 Hz) on channel 85
      Warning: No frequencies found for delta (1.0-4.0 Hz) on channel 86
      Warning: No frequencies found for delta (1.0-4.0 Hz) on channel 87
      Warning: No frequencies found for delta (1.0-4.0 Hz) on channel 88
      Warning: No frequencies found for delta (1.0-4.0 Hz) on channel 89
      Warning: No frequencies found for delta (1.0-4.0 Hz) on channel 90
      Warning: No frequencies found for delta (1.0-4.0 Hz) on channel 91
      Warning: No frequencies found for delta (1.0-4.0 Hz) on channel 92
      Warning: No frequencies found for delta (1.0-4.0 Hz) on channel 93
      Warning: No frequencies found for delta (1.0-4.0 Hz) on channel 94
      Warning: No frequencies found for delta (1.0-4.0 Hz) on channel 95
      Warning: No frequencies found for delta (1.0-4.0 Hz) on channel 96
      Warning: No frequencies found for delta (1.0-4.0 Hz) on channel 97
      Warning: No frequencies found for delta (1.0-4.0 Hz) on channel 98
      Warning: No frequencies found for delta (1.0-4.0 Hz) on channel 99
      Warning: No frequencies found for delta (1.0-4.0 Hz) on channel 100
      Warning: No frequencies found for delta (1.0-4.0 Hz) on channel 101
      Warning: No frequencies found for delta (1.0-4.0 Hz) on channel 102
      Warning: No frequencies found for delta (1.0-4.0 Hz) on channel 103
      Warning: No frequencies found for delta (1.0-4.0 Hz) on channel 104
      Warning: No frequencies found for delta (1.0-4.0 Hz) on channel 105
      Warning: No frequencies found for delta (1.0-4.0 Hz) on channel 106
      Warning: No frequencies found for delta (1.0-4.0 Hz) on channel 107
      Warning: No frequencies found for delta (1.0-4.0 Hz) on channel 108
      Warning: No frequencies found for delta (1.0-4.0 Hz) on channel 109
      Warning: No frequencies found for delta (1.0-4.0 Hz) on channel 110
      Warning: No frequencies found for delta (1.0-4.0 Hz) on channel 111
      Warning: No frequencies found for delta (1.0-4.0 Hz) on channel 112
      Warning: No frequencies found for delta (1.0-4.0 Hz) on channel 113
      Warning: No frequencies found for delta (1.0-4.0 Hz) on channel 114
      Warning: No frequencies found for delta (1.0-4.0 Hz) on channel 115
      Warning: No frequencies found for delta (1.0-4.0 Hz) on channel 116
      Warning: No frequencies found for delta (1.0-4.0 Hz) on channel 117
      Warning: No frequencies found for delta (1.0-4.0 Hz) on channel 118
      Warning: No frequencies found for delta (1.0-4.0 Hz) on channel 119
      Warning: No frequencies found for delta (1.0-4.0 Hz) on channel 120
      Warning: No frequencies found for delta (1.0-4.0 Hz) on channel 121
      Warning: No frequencies found for delta (1.0-4.0 Hz) on channel 122
      Warning: No frequencies found for delta (1.0-4.0 Hz) on channel 123
      Warning: No frequencies found for delta (1.0-4.0 Hz) on channel 124
      Warning: No frequencies found for delta (1.0-4.0 Hz) on channel 125
      Warning: No frequencies found for delta (1.0-4.0 Hz) on channel 126
      Warning: No frequencies found for delta (1.0-4.0 Hz) on channel 127
      Warning: No frequencies found for delta (1.0-4.0 Hz) on channel 128
      Warning: No frequencies found for delta (1.0-4.0 Hz) on channel 129
      Warning: No frequencies found for delta (1.0-4.0 Hz) on channel 130
      Warning: No frequencies found for delta (1.0-4.0 Hz) on channel 131
      Warning: No frequencies found for delta (1.0-4.0 Hz) on channel 132
      Warning: No frequencies found for delta (1.0-4.0 Hz) on channel 133
      Warning: No frequencies found for delta (1.0-4.0 Hz) on channel 134
      Warning: No frequencies found for delta (1.0-4.0 Hz) on channel 135
      Warning: No frequencies found for delta (1.0-4.0 Hz) on channel 136
      Warning: No frequencies found for delta (1.0-4.0 Hz) on channel 137
      Warning: No frequencies found for delta (1.0-4.0 Hz) on channel 138
      Warning: No frequencies found for delta (1.0-4.0 Hz) on channel 139
      Warning: No frequencies found for delta (1.0-4.0 Hz) on channel 140
      Warning: No frequencies found for delta (1.0-4.0 Hz) on channel 141
      Warning: No frequencies found for delta (1.0-4.0 Hz) on channel 142
      Warning: No frequencies found for delta (1.0-4.0 Hz) on channel 143
      Warning: No frequencies found for delta (1.0-4.0 Hz) on channel 144
      Warning: No frequencies found for delta (1.0-4.0 Hz) on channel 145
      Warning: No frequencies found for delta (1.0-4.0 Hz) on channel 146
      Warning: No frequencies found for delta (1.0-4.0 Hz) on channel 147
      Warning: No frequencies found for delta (1.0-4.0 Hz) on channel 148
      Warning: No frequencies found for delta (1.0-4.0 Hz) on channel 149
      Warning: No frequencies found for delta (1.0-4.0 Hz) on channel 150
      Warning: No frequencies found for delta (1.0-4.0 Hz) on channel 151
      Warning: No frequencies found for delta (1.0-4.0 Hz) on channel 152
      Warning: No frequencies found for delta (1.0-4.0 Hz) on channel 153
      Warning: No frequencies found for delta (1.0-4.0 Hz) on channel 154
      Warning: No frequencies found for delta (1.0-4.0 Hz) on channel 155
      Warning: No frequencies found for delta (1.0-4.0 Hz) on channel 156
      Warning: No frequencies found for delta (1.0-4.0 Hz) on channel 157
      Warning: No frequencies found for delta (1.0-4.0 Hz) on channel 158
      Warning: No frequencies found for delta (1.0-4.0 Hz) on channel 159
      Warning: No frequencies found for delta (1.0-4.0 Hz) on channel 160
      Warning: No frequencies found for delta (1.0-4.0 Hz) on channel 161
      Warning: No frequencies found for delta (1.0-4.0 Hz) on channel 162
      Warning: No frequencies found for delta (1.0-4.0 Hz) on channel 163
      Warning: No frequencies found for delta (1.0-4.0 Hz) on channel 164
    Chunk 15/63 (23.8%)      Warning: No frequencies found for delta (1.0-4.0 Hz) on channel 0
      Warning: No frequencies found for delta (1.0-4.0 Hz) on channel 1
      Warning: No frequencies found for delta (1.0-4.0 Hz) on channel 2
      Warning: No frequencies found for delta (1.0-4.0 Hz) on channel 3
      Warning: No frequencies found for delta (1.0-4.0 Hz) on channel 4
      Warning: No frequencies found for delta (1.0-4.0 Hz) on channel 5
      Warning: No frequencies found for delta (1.0-4.0 Hz) on channel 6
      Warning: No frequencies found for delta (1.0-4.0 Hz) on channel 7
      Warning: No frequencies found for delta (1.0-4.0 Hz) on channel 8
      Warning: No frequencies found for delta (1.0-4.0 Hz) on channel 9
      Warning: No frequencies found for delta (1.0-4.0 Hz) on channel 10
      Warning: No frequencies found for delta (1.0-4.0 Hz) on channel 11
      Warning: No frequencies found for delta (1.0-4.0 Hz) on channel 12
      Warning: No frequencies found for delta (1.0-4.0 Hz) on channel 13
      Warning: No frequencies found for delta (1.0-4.0 Hz) on channel 14
      Warning: No frequencies found for delta (1.0-4.0 Hz) on channel 15
      Warning: No frequencies found for delta (1.0-4.0 Hz) on channel 16
      Warning: No frequencies found for delta (1.0-4.0 Hz) on channel 17
      Warning: No frequencies found for delta (1.0-4.0 Hz) on channel 18
      Warning: No frequencies found for delta (1.0-4.0 Hz) on channel 19
      Warning: No frequencies found for delta (1.0-4.0 Hz) on channel 20
      Warning: No frequencies found for delta (1.0-4.0 Hz) on channel 21
      Warning: No frequencies found for delta (1.0-4.0 Hz) on channel 22
      Warning: No frequencies found for delta (1.0-4.0 Hz) on channel 23
      Warning: No frequencies found for delta (1.0-4.0 Hz) on channel 24
      Warning: No frequencies found for delta (1.0-4.0 Hz) on channel 25
      Warning: No frequencies found for delta (1.0-4.0 Hz) on channel 26
      Warning: No frequencies found for delta (1.0-4.0 Hz) on channel 27
      Warning: No frequencies found for delta (1.0-4.0 Hz) on channel 28
      Warning: No frequencies found for delta (1.0-4.0 Hz) on channel 29
      Warning: No frequencies found for delta (1.0-4.0 Hz) on channel 30
      Warning: No frequencies found for delta (1.0-4.0 Hz) on channel 31
      Warning: No frequencies found for delta (1.0-4.0 Hz) on channel 32
      Warning: No frequencies found for delta (1.0-4.0 Hz) on channel 33
      Warning: No frequencies found for delta (1.0-4.0 Hz) on channel 34
      Warning: No frequencies found for delta (1.0-4.0 Hz) on channel 35
      Warning: No frequencies found for delta (1.0-4.0 Hz) on channel 36
      Warning: No frequencies found for delta (1.0-4.0 Hz) on channel 37
      Warning: No frequencies found for delta (1.0-4.0 Hz) on channel 38
      Warning: No frequencies found for delta (1.0-4.0 Hz) on channel 39
      Warning: No frequencies found for delta (1.0-4.0 Hz) on channel 40
      Warning: No frequencies found for delta (1.0-4.0 Hz) on channel 41
      Warning: No frequencies found for delta (1.0-4.0 Hz) on channel 42
      Warning: No frequencies found for delta (1.0-4.0 Hz) on channel 43
      Warning: No frequencies found for delta (1.0-4.0 Hz) on channel 44
      Warning: No frequencies found for delta (1.0-4.0 Hz) on channel 45
      Warning: No frequencies found for delta (1.0-4.0 Hz) on channel 46
      Warning: No frequencies found for delta (1.0-4.0 Hz) on channel 47
      Warning: No frequencies found for delta (1.0-4.0 Hz) on channel 48
      Warning: No frequencies found for delta (1.0-4.0 Hz) on channel 49
      Warning: No frequencies found for delta (1.0-4.0 Hz) on channel 50
      Warning: No frequencies found for delta (1.0-4.0 Hz) on channel 51
      Warning: No frequencies found for delta (1.0-4.0 Hz) on channel 52
      Warning: No frequencies found for delta (1.0-4.0 Hz) on channel 53
      Warning: No frequencies found for delta (1.0-4.0 Hz) on channel 54
      Warning: No frequencies found for delta (1.0-4.0 Hz) on channel 55
      Warning: No frequencies found for delta (1.0-4.0 Hz) on channel 56
      Warning: No frequencies found for delta (1.0-4.0 Hz) on channel 57
      Warning: No frequencies found for delta (1.0-4.0 Hz) on channel 58
      Warning: No frequencies found for delta (1.0-4.0 Hz) on channel 59
      Warning: No frequencies found for delta (1.0-4.0 Hz) on channel 60
      Warning: No frequencies found for delta (1.0-4.0 Hz) on channel 61
      Warning: No frequencies found for delta (1.0-4.0 Hz) on channel 62
      Warning: No frequencies found for delta (1.0-4.0 Hz) on channel 63
      Warning: No frequencies found for delta (1.0-4.0 Hz) on channel 64
      Warning: No frequencies found for delta (1.0-4.0 Hz) on channel 65
      Warning: No frequencies found for delta (1.0-4.0 Hz) on channel 66
      Warning: No frequencies found for delta (1.0-4.0 Hz) on channel 67
      Warning: No frequencies found for delta (1.0-4.0 Hz) on channel 68
      Warning: No frequencies found for delta (1.0-4.0 Hz) on channel 69
      Warning: No frequencies found for delta (1.0-4.0 Hz) on channel 70
      Warning: No frequencies found for delta (1.0-4.0 Hz) on channel 71
      Warning: No frequencies found for delta (1.0-4.0 Hz) on channel 72
      Warning: No frequencies found for delta (1.0-4.0 Hz) on channel 73
      Warning: No frequencies found for delta (1.0-4.0 Hz) on channel 74
      Warning: No frequencies found for delta (1.0-4.0 Hz) on channel 75
      Warning: No frequencies found for delta (1.0-4.0 Hz) on channel 76
      Warning: No frequencies found for delta (1.0-4.0 Hz) on channel 77
      Warning: No frequencies found for delta (1.0-4.0 Hz) on channel 78
      Warning: No frequencies found for delta (1.0-4.0 Hz) on channel 79
      Warning: No frequencies found for delta (1.0-4.0 Hz) on channel 80
      Warning: No frequencies found for delta (1.0-4.0 Hz) on channel 81
      Warning: No frequencies found for delta (1.0-4.0 Hz) on channel 82
      Warning: No frequencies found for delta (1.0-4.0 Hz) on channel 83
      Warning: No frequencies found for delta (1.0-4.0 Hz) on channel 84
      Warning: No frequencies found for delta (1.0-4.0 Hz) on channel 85
      Warning: No frequencies found for delta (1.0-4.0 Hz) on channel 86
      Warning: No frequencies found for delta (1.0-4.0 Hz) on channel 87
      Warning: No frequencies found for delta (1.0-4.0 Hz) on channel 88
      Warning: No frequencies found for delta (1.0-4.0 Hz) on channel 89
      Warning: No frequencies found for delta (1.0-4.0 Hz) on channel 90
      Warning: No frequencies found for delta (1.0-4.0 Hz) on channel 91
      Warning: No frequencies found for delta (1.0-4.0 Hz) on channel 92
      Warning: No frequencies found for delta (1.0-4.0 Hz) on channel 93
      Warning: No frequencies found for delta (1.0-4.0 Hz) on channel 94
      Warning: No frequencies found for delta (1.0-4.0 Hz) on channel 95
      Warning: No frequencies found for delta (1.0-4.0 Hz) on channel 96
      Warning: No frequencies found for delta (1.0-4.0 Hz) on channel 97
      Warning: No frequencies found for delta (1.0-4.0 Hz) on channel 98
      Warning: No frequencies found for delta (1.0-4.0 Hz) on channel 99
      Warning: No frequencies found for delta (1.0-4.0 Hz) on channel 100
      Warning: No frequencies found for delta (1.0-4.0 Hz) on channel 101
      Warning: No frequencies found for delta (1.0-4.0 Hz) on channel 102
      Warning: No frequencies found for delta (1.0-4.0 Hz) on channel 103
      Warning: No frequencies found for delta (1.0-4.0 Hz) on channel 104
      Warning: No frequencies found for delta (1.0-4.0 Hz) on channel 105
      Warning: No frequencies found for delta (1.0-4.0 Hz) on channel 106
      Warning: No frequencies found for delta (1.0-4.0 Hz) on channel 107
      Warning: No frequencies found for delta (1.0-4.0 Hz) on channel 108
      Warning: No frequencies found for delta (1.0-4.0 Hz) on channel 109
      Warning: No frequencies found for delta (1.0-4.0 Hz) on channel 110
      Warning: No frequencies found for delta (1.0-4.0 Hz) on channel 111
      Warning: No frequencies found for delta (1.0-4.0 Hz) on channel 112
      Warning: No frequencies found for delta (1.0-4.0 Hz) on channel 113
      Warning: No frequencies found for delta (1.0-4.0 Hz) on channel 114
      Warning: No frequencies found for delta (1.0-4.0 Hz) on channel 115
      Warning: No frequencies found for delta (1.0-4.0 Hz) on channel 116
      Warning: No frequencies found for delta (1.0-4.0 Hz) on channel 117
      Warning: No frequencies found for delta (1.0-4.0 Hz) on channel 118
      Warning: No frequencies found for delta (1.0-4.0 Hz) on channel 119
      Warning: No frequencies found for delta (1.0-4.0 Hz) on channel 120
      Warning: No frequencies found for delta (1.0-4.0 Hz) on channel 121
      Warning: No frequencies found for delta (1.0-4.0 Hz) on channel 122
      Warning: No frequencies found for delta (1.0-4.0 Hz) on channel 123
      Warning: No frequencies found for delta (1.0-4.0 Hz) on channel 124
      Warning: No frequencies found for delta (1.0-4.0 Hz) on channel 125
      Warning: No frequencies found for delta (1.0-4.0 Hz) on channel 126
      Warning: No frequencies found for delta (1.0-4.0 Hz) on channel 127
      Warning: No frequencies found for delta (1.0-4.0 Hz) on channel 128
      Warning: No frequencies found for delta (1.0-4.0 Hz) on channel 129
      Warning: No frequencies found for delta (1.0-4.0 Hz) on channel 130
      Warning: No frequencies found for delta (1.0-4.0 Hz) on channel 131
      Warning: No frequencies found for delta (1.0-4.0 Hz) on channel 132
      Warning: No frequencies found for delta (1.0-4.0 Hz) on channel 133
      Warning: No frequencies found for delta (1.0-4.0 Hz) on channel 134
      Warning: No frequencies found for delta (1.0-4.0 Hz) on channel 135
      Warning: No frequencies found for delta (1.0-4.0 Hz) on channel 136
      Warning: No frequencies found for delta (1.0-4.0 Hz) on channel 137
      Warning: No frequencies found for delta (1.0-4.0 Hz) on channel 138
      Warning: No frequencies found for delta (1.0-4.0 Hz) on channel 139
      Warning: No frequencies found for delta (1.0-4.0 Hz) on channel 140
      Warning: No frequencies found for delta (1.0-4.0 Hz) on channel 141
      Warning: No frequencies found for delta (1.0-4.0 Hz) on channel 142
      Warning: No frequencies found for delta (1.0-4.0 Hz) on channel 143
      Warning: No frequencies found for delta (1.0-4.0 Hz) on channel 144
      Warning: No frequencies found for delta (1.0-4.0 Hz) on channel 145
      Warning: No frequencies found for delta (1.0-4.0 Hz) on channel 146
      Warning: No frequencies found for delta (1.0-4.0 Hz) on channel 147
      Warning: No frequencies found for delta (1.0-4.0 Hz) on channel 148
      Warning: No frequencies found for delta (1.0-4.0 Hz) on channel 149
      Warning: No frequencies found for delta (1.0-4.0 Hz) on channel 150
      Warning: No frequencies found for delta (1.0-4.0 Hz) on channel 151
      Warning: No frequencies found for delta (1.0-4.0 Hz) on channel 152
      Warning: No frequencies found for delta (1.0-4.0 Hz) on channel 153
      Warning: No frequencies found for delta (1.0-4.0 Hz) on channel 154
      Warning: No frequencies found for delta (1.0-4.0 Hz) on channel 155
      Warning: No frequencies found for delta (1.0-4.0 Hz) on channel 156
      Warning: No frequencies found for delta (1.0-4.0 Hz) on channel 157
      Warning: No frequencies found for delta (1.0-4.0 Hz) on channel 158
      Warning: No frequencies found for delta (1.0-4.0 Hz) on channel 159
      Warning: No frequencies found for delta (1.0-4.0 Hz) on channel 160
      Warning: No frequencies found for delta (1.0-4.0 Hz) on channel 161
      Warning: No frequencies found for delta (1.0-4.0 Hz) on channel 162
      Warning: No frequencies found for delta (1.0-4.0 Hz) on channel 163
      Warning: No frequencies found for delta (1.0-4.0 Hz) on channel 164
    Chunk 16/63 (25.4%)      Warning: No frequencies found for delta (1.0-4.0 Hz) on channel 0
      Warning: No frequencies found for delta (1.0-4.0 Hz) on channel 1
      Warning: No frequencies found for delta (1.0-4.0 Hz) on channel 2
      Warning: No frequencies found for delta (1.0-4.0 Hz) on channel 3
      Warning: No frequencies found for delta (1.0-4.0 Hz) on channel 4
      Warning: No frequencies found for delta (1.0-4.0 Hz) on channel 5
      Warning: No frequencies found for delta (1.0-4.0 Hz) on channel 6
      Warning: No frequencies found for delta (1.0-4.0 Hz) on channel 7
      Warning: No frequencies found for delta (1.0-4.0 Hz) on channel 8
      Warning: No frequencies found for delta (1.0-4.0 Hz) on channel 9
      Warning: No frequencies found for delta (1.0-4.0 Hz) on channel 10
      Warning: No frequencies found for delta (1.0-4.0 Hz) on channel 11
      Warning: No frequencies found for delta (1.0-4.0 Hz) on channel 12
      Warning: No frequencies found for delta (1.0-4.0 Hz) on channel 13
      Warning: No frequencies found for delta (1.0-4.0 Hz) on channel 14
      Warning: No frequencies found for delta (1.0-4.0 Hz) on channel 15
      Warning: No frequencies found for delta (1.0-4.0 Hz) on channel 16
      Warning: No frequencies found for delta (1.0-4.0 Hz) on channel 17
      Warning: No frequencies found for delta (1.0-4.0 Hz) on channel 18
      Warning: No frequencies found for delta (1.0-4.0 Hz) on channel 19
      Warning: No frequencies found for delta (1.0-4.0 Hz) on channel 20
      Warning: No frequencies found for delta (1.0-4.0 Hz) on channel 21
      Warning: No frequencies found for delta (1.0-4.0 Hz) on channel 22
      Warning: No frequencies found for delta (1.0-4.0 Hz) on channel 23
      Warning: No frequencies found for delta (1.0-4.0 Hz) on channel 24
      Warning: No frequencies found for delta (1.0-4.0 Hz) on channel 25
      Warning: No frequencies found for delta (1.0-4.0 Hz) on channel 26
      Warning: No frequencies found for delta (1.0-4.0 Hz) on channel 27
      Warning: No frequencies found for delta (1.0-4.0 Hz) on channel 28
      Warning: No frequencies found for delta (1.0-4.0 Hz) on channel 29
      Warning: No frequencies found for delta (1.0-4.0 Hz) on channel 30
      Warning: No frequencies found for delta (1.0-4.0 Hz) on channel 31
      Warning: No frequencies found for delta (1.0-4.0 Hz) on channel 32
      Warning: No frequencies found for delta (1.0-4.0 Hz) on channel 33
      Warning: No frequencies found for delta (1.0-4.0 Hz) on channel 34
      Warning: No frequencies found for delta (1.0-4.0 Hz) on channel 35
      Warning: No frequencies found for delta (1.0-4.0 Hz) on channel 36
      Warning: No frequencies found for delta (1.0-4.0 Hz) on channel 37
      Warning: No frequencies found for delta (1.0-4.0 Hz) on channel 38
      Warning: No frequencies found for delta (1.0-4.0 Hz) on channel 39
      Warning: No frequencies found for delta (1.0-4.0 Hz) on channel 40
      Warning: No frequencies found for delta (1.0-4.0 Hz) on channel 41
      Warning: No frequencies found for delta (1.0-4.0 Hz) on channel 42
      Warning: No frequencies found for delta (1.0-4.0 Hz) on channel 43
      Warning: No frequencies found for delta (1.0-4.0 Hz) on channel 44
      Warning: No frequencies found for delta (1.0-4.0 Hz) on channel 45
      Warning: No frequencies found for delta (1.0-4.0 Hz) on channel 46
      Warning: No frequencies found for delta (1.0-4.0 Hz) on channel 47
      Warning: No frequencies found for delta (1.0-4.0 Hz) on channel 48
      Warning: No frequencies found for delta (1.0-4.0 Hz) on channel 49
      Warning: No frequencies found for delta (1.0-4.0 Hz) on channel 50
      Warning: No frequencies found for delta (1.0-4.0 Hz) on channel 51
      Warning: No frequencies found for delta (1.0-4.0 Hz) on channel 52
      Warning: No frequencies found for delta (1.0-4.0 Hz) on channel 53
      Warning: No frequencies found for delta (1.0-4.0 Hz) on channel 54
      Warning: No frequencies found for delta (1.0-4.0 Hz) on channel 55
      Warning: No frequencies found for delta (1.0-4.0 Hz) on channel 56
      Warning: No frequencies found for delta (1.0-4.0 Hz) on channel 57
      Warning: No frequencies found for delta (1.0-4.0 Hz) on channel 58
      Warning: No frequencies found for delta (1.0-4.0 Hz) on channel 59
      Warning: No frequencies found for delta (1.0-4.0 Hz) on channel 60
      Warning: No frequencies found for delta (1.0-4.0 Hz) on channel 61
      Warning: No frequencies found for delta (1.0-4.0 Hz) on channel 62
      Warning: No frequencies found for delta (1.0-4.0 Hz) on channel 63
      Warning: No frequencies found for delta (1.0-4.0 Hz) on channel 64
      Warning: No frequencies found for delta (1.0-4.0 Hz) on channel 65
      Warning: No frequencies found for delta (1.0-4.0 Hz) on channel 66
      Warning: No frequencies found for delta (1.0-4.0 Hz) on channel 67
      Warning: No frequencies found for delta (1.0-4.0 Hz) on channel 68
      Warning: No frequencies found for delta (1.0-4.0 Hz) on channel 69
      Warning: No frequencies found for delta (1.0-4.0 Hz) on channel 70
      Warning: No frequencies found for delta (1.0-4.0 Hz) on channel 71
      Warning: No frequencies found for delta (1.0-4.0 Hz) on channel 72
      Warning: No frequencies found for delta (1.0-4.0 Hz) on channel 73
      Warning: No frequencies found for delta (1.0-4.0 Hz) on channel 74
      Warning: No frequencies found for delta (1.0-4.0 Hz) on channel 75
      Warning: No frequencies found for delta (1.0-4.0 Hz) on channel 76
      Warning: No frequencies found for delta (1.0-4.0 Hz) on channel 77
      Warning: No frequencies found for delta (1.0-4.0 Hz) on channel 78
      Warning: No frequencies found for delta (1.0-4.0 Hz) on channel 79
      Warning: No frequencies found for delta (1.0-4.0 Hz) on channel 80
      Warning: No frequencies found for delta (1.0-4.0 Hz) on channel 81
      Warning: No frequencies found for delta (1.0-4.0 Hz) on channel 82
      Warning: No frequencies found for delta (1.0-4.0 Hz) on channel 83
      Warning: No frequencies found for delta (1.0-4.0 Hz) on channel 84
      Warning: No frequencies found for delta (1.0-4.0 Hz) on channel 85
      Warning: No frequencies found for delta (1.0-4.0 Hz) on channel 86
      Warning: No frequencies found for delta (1.0-4.0 Hz) on channel 87
      Warning: No frequencies found for delta (1.0-4.0 Hz) on channel 88
      Warning: No frequencies found for delta (1.0-4.0 Hz) on channel 89
      Warning: No frequencies found for delta (1.0-4.0 Hz) on channel 90
      Warning: No frequencies found for delta (1.0-4.0 Hz) on channel 91
      Warning: No frequencies found for delta (1.0-4.0 Hz) on channel 92
      Warning: No frequencies found for delta (1.0-4.0 Hz) on channel 93
      Warning: No frequencies found for delta (1.0-4.0 Hz) on channel 94
      Warning: No frequencies found for delta (1.0-4.0 Hz) on channel 95
      Warning: No frequencies found for delta (1.0-4.0 Hz) on channel 96
      Warning: No frequencies found for delta (1.0-4.0 Hz) on channel 97
      Warning: No frequencies found for delta (1.0-4.0 Hz) on channel 98
      Warning: No frequencies found for delta (1.0-4.0 Hz) on channel 99
      Warning: No frequencies found for delta (1.0-4.0 Hz) on channel 100
      Warning: No frequencies found for delta (1.0-4.0 Hz) on channel 101
      Warning: No frequencies found for delta (1.0-4.0 Hz) on channel 102
      Warning: No frequencies found for delta (1.0-4.0 Hz) on channel 103
      Warning: No frequencies found for delta (1.0-4.0 Hz) on channel 104
      Warning: No frequencies found for delta (1.0-4.0 Hz) on channel 105
      Warning: No frequencies found for delta (1.0-4.0 Hz) on channel 106
      Warning: No frequencies found for delta (1.0-4.0 Hz) on channel 107
      Warning: No frequencies found for delta (1.0-4.0 Hz) on channel 108
      Warning: No frequencies found for delta (1.0-4.0 Hz) on channel 109
      Warning: No frequencies found for delta (1.0-4.0 Hz) on channel 110
      Warning: No frequencies found for delta (1.0-4.0 Hz) on channel 111
      Warning: No frequencies found for delta (1.0-4.0 Hz) on channel 112
      Warning: No frequencies found for delta (1.0-4.0 Hz) on channel 113
      Warning: No frequencies found for delta (1.0-4.0 Hz) on channel 114
      Warning: No frequencies found for delta (1.0-4.0 Hz) on channel 115
      Warning: No frequencies found for delta (1.0-4.0 Hz) on channel 116
      Warning: No frequencies found for delta (1.0-4.0 Hz) on channel 117
      Warning: No frequencies found for delta (1.0-4.0 Hz) on channel 118
      Warning: No frequencies found for delta (1.0-4.0 Hz) on channel 119
      Warning: No frequencies found for delta (1.0-4.0 Hz) on channel 120
      Warning: No frequencies found for delta (1.0-4.0 Hz) on channel 121
      Warning: No frequencies found for delta (1.0-4.0 Hz) on channel 122
      Warning: No frequencies found for delta (1.0-4.0 Hz) on channel 123
      Warning: No frequencies found for delta (1.0-4.0 Hz) on channel 124
      Warning: No frequencies found for delta (1.0-4.0 Hz) on channel 125
      Warning: No frequencies found for delta (1.0-4.0 Hz) on channel 126
      Warning: No frequencies found for delta (1.0-4.0 Hz) on channel 127
      Warning: No frequencies found for delta (1.0-4.0 Hz) on channel 128
      Warning: No frequencies found for delta (1.0-4.0 Hz) on channel 129
      Warning: No frequencies found for delta (1.0-4.0 Hz) on channel 130
      Warning: No frequencies found for delta (1.0-4.0 Hz) on channel 131
      Warning: No frequencies found for delta (1.0-4.0 Hz) on channel 132
      Warning: No frequencies found for delta (1.0-4.0 Hz) on channel 133
      Warning: No frequencies found for delta (1.0-4.0 Hz) on channel 134
      Warning: No frequencies found for delta (1.0-4.0 Hz) on channel 135
      Warning: No frequencies found for delta (1.0-4.0 Hz) on channel 136
      Warning: No frequencies found for delta (1.0-4.0 Hz) on channel 137
      Warning: No frequencies found for delta (1.0-4.0 Hz) on channel 138
      Warning: No frequencies found for delta (1.0-4.0 Hz) on channel 139
      Warning: No frequencies found for delta (1.0-4.0 Hz) on channel 140
      Warning: No frequencies found for delta (1.0-4.0 Hz) on channel 141
      Warning: No frequencies found for delta (1.0-4.0 Hz) on channel 142
      Warning: No frequencies found for delta (1.0-4.0 Hz) on channel 143
      Warning: No frequencies found for delta (1.0-4.0 Hz) on channel 144
      Warning: No frequencies found for delta (1.0-4.0 Hz) on channel 145
      Warning: No frequencies found for delta (1.0-4.0 Hz) on channel 146
      Warning: No frequencies found for delta (1.0-4.0 Hz) on channel 147
      Warning: No frequencies found for delta (1.0-4.0 Hz) on channel 148
      Warning: No frequencies found for delta (1.0-4.0 Hz) on channel 149
      Warning: No frequencies found for delta (1.0-4.0 Hz) on channel 150
      Warning: No frequencies found for delta (1.0-4.0 Hz) on channel 151
      Warning: No frequencies found for delta (1.0-4.0 Hz) on channel 152
      Warning: No frequencies found for delta (1.0-4.0 Hz) on channel 153
      Warning: No frequencies found for delta (1.0-4.0 Hz) on channel 154
      Warning: No frequencies found for delta (1.0-4.0 Hz) on channel 155
      Warning: No frequencies found for delta (1.0-4.0 Hz) on channel 156
      Warning: No frequencies found for delta (1.0-4.0 Hz) on channel 157
      Warning: No frequencies found for delta (1.0-4.0 Hz) on channel 158
      Warning: No frequencies found for delta (1.0-4.0 Hz) on channel 159
      Warning: No frequencies found for delta (1.0-4.0 Hz) on channel 160
      Warning: No frequencies found for delta (1.0-4.0 Hz) on channel 161
      Warning: No frequencies found for delta (1.0-4.0 Hz) on channel 162
      Warning: No frequencies found for delta (1.0-4.0 Hz) on channel 163
      Warning: No frequencies found for delta (1.0-4.0 Hz) on channel 164
    Chunk 17/63 (27.0%)      Warning: No frequencies found for delta (1.0-4.0 Hz) on channel 0
      Warning: No frequencies found for delta (1.0-4.0 Hz) on channel 1
      Warning: No frequencies found for delta (1.0-4.0 Hz) on channel 2
      Warning: No frequencies found for delta (1.0-4.0 Hz) on channel 3
      Warning: No frequencies found for delta (1.0-4.0 Hz) on channel 4
      Warning: No frequencies found for delta (1.0-4.0 Hz) on channel 5
      Warning: No frequencies found for delta (1.0-4.0 Hz) on channel 6
      Warning: No frequencies found for delta (1.0-4.0 Hz) on channel 7
      Warning: No frequencies found for delta (1.0-4.0 Hz) on channel 8
      Warning: No frequencies found for delta (1.0-4.0 Hz) on channel 9
      Warning: No frequencies found for delta (1.0-4.0 Hz) on channel 10
      Warning: No frequencies found for delta (1.0-4.0 Hz) on channel 11
      Warning: No frequencies found for delta (1.0-4.0 Hz) on channel 12
      Warning: No frequencies found for delta (1.0-4.0 Hz) on channel 13
      Warning: No frequencies found for delta (1.0-4.0 Hz) on channel 14
      Warning: No frequencies found for delta (1.0-4.0 Hz) on channel 15
      Warning: No frequencies found for delta (1.0-4.0 Hz) on channel 16
      Warning: No frequencies found for delta (1.0-4.0 Hz) on channel 17
      Warning: No frequencies found for delta (1.0-4.0 Hz) on channel 18
      Warning: No frequencies found for delta (1.0-4.0 Hz) on channel 19
      Warning: No frequencies found for delta (1.0-4.0 Hz) on channel 20
      Warning: No frequencies found for delta (1.0-4.0 Hz) on channel 21
      Warning: No frequencies found for delta (1.0-4.0 Hz) on channel 22
      Warning: No frequencies found for delta (1.0-4.0 Hz) on channel 23
      Warning: No frequencies found for delta (1.0-4.0 Hz) on channel 24
      Warning: No frequencies found for delta (1.0-4.0 Hz) on channel 25
      Warning: No frequencies found for delta (1.0-4.0 Hz) on channel 26
      Warning: No frequencies found for delta (1.0-4.0 Hz) on channel 27
      Warning: No frequencies found for delta (1.0-4.0 Hz) on channel 28
      Warning: No frequencies found for delta (1.0-4.0 Hz) on channel 29
      Warning: No frequencies found for delta (1.0-4.0 Hz) on channel 30
      Warning: No frequencies found for delta (1.0-4.0 Hz) on channel 31
      Warning: No frequencies found for delta (1.0-4.0 Hz) on channel 32
      Warning: No frequencies found for delta (1.0-4.0 Hz) on channel 33
      Warning: No frequencies found for delta (1.0-4.0 Hz) on channel 34
      Warning: No frequencies found for delta (1.0-4.0 Hz) on channel 35
      Warning: No frequencies found for delta (1.0-4.0 Hz) on channel 36
      Warning: No frequencies found for delta (1.0-4.0 Hz) on channel 37
      Warning: No frequencies found for delta (1.0-4.0 Hz) on channel 38
      Warning: No frequencies found for delta (1.0-4.0 Hz) on channel 39
      Warning: No frequencies found for delta (1.0-4.0 Hz) on channel 40
      Warning: No frequencies found for delta (1.0-4.0 Hz) on channel 41
      Warning: No frequencies found for delta (1.0-4.0 Hz) on channel 42
      Warning: No frequencies found for delta (1.0-4.0 Hz) on channel 43
      Warning: No frequencies found for delta (1.0-4.0 Hz) on channel 44
      Warning: No frequencies found for delta (1.0-4.0 Hz) on channel 45
      Warning: No frequencies found for delta (1.0-4.0 Hz) on channel 46
      Warning: No frequencies found for delta (1.0-4.0 Hz) on channel 47
      Warning: No frequencies found for delta (1.0-4.0 Hz) on channel 48
      Warning: No frequencies found for delta (1.0-4.0 Hz) on channel 49
      Warning: No frequencies found for delta (1.0-4.0 Hz) on channel 50
      Warning: No frequencies found for delta (1.0-4.0 Hz) on channel 51
      Warning: No frequencies found for delta (1.0-4.0 Hz) on channel 52
      Warning: No frequencies found for delta (1.0-4.0 Hz) on channel 53
      Warning: No frequencies found for delta (1.0-4.0 Hz) on channel 54
      Warning: No frequencies found for delta (1.0-4.0 Hz) on channel 55
      Warning: No frequencies found for delta (1.0-4.0 Hz) on channel 56
      Warning: No frequencies found for delta (1.0-4.0 Hz) on channel 57
      Warning: No frequencies found for delta (1.0-4.0 Hz) on channel 58
      Warning: No frequencies found for delta (1.0-4.0 Hz) on channel 59
      Warning: No frequencies found for delta (1.0-4.0 Hz) on channel 60
      Warning: No frequencies found for delta (1.0-4.0 Hz) on channel 61
      Warning: No frequencies found for delta (1.0-4.0 Hz) on channel 62
      Warning: No frequencies found for delta (1.0-4.0 Hz) on channel 63
      Warning: No frequencies found for delta (1.0-4.0 Hz) on channel 64
      Warning: No frequencies found for delta (1.0-4.0 Hz) on channel 65
      Warning: No frequencies found for delta (1.0-4.0 Hz) on channel 66
      Warning: No frequencies found for delta (1.0-4.0 Hz) on channel 67
      Warning: No frequencies found for delta (1.0-4.0 Hz) on channel 68
      Warning: No frequencies found for delta (1.0-4.0 Hz) on channel 69
      Warning: No frequencies found for delta (1.0-4.0 Hz) on channel 70
      Warning: No frequencies found for delta (1.0-4.0 Hz) on channel 71
      Warning: No frequencies found for delta (1.0-4.0 Hz) on channel 72
      Warning: No frequencies found for delta (1.0-4.0 Hz) on channel 73
      Warning: No frequencies found for delta (1.0-4.0 Hz) on channel 74
      Warning: No frequencies found for delta (1.0-4.0 Hz) on channel 75
      Warning: No frequencies found for delta (1.0-4.0 Hz) on channel 76
      Warning: No frequencies found for delta (1.0-4.0 Hz) on channel 77
      Warning: No frequencies found for delta (1.0-4.0 Hz) on channel 78
      Warning: No frequencies found for delta (1.0-4.0 Hz) on channel 79
      Warning: No frequencies found for delta (1.0-4.0 Hz) on channel 80
      Warning: No frequencies found for delta (1.0-4.0 Hz) on channel 81
      Warning: No frequencies found for delta (1.0-4.0 Hz) on channel 82
      Warning: No frequencies found for delta (1.0-4.0 Hz) on channel 83
      Warning: No frequencies found for delta (1.0-4.0 Hz) on channel 84
      Warning: No frequencies found for delta (1.0-4.0 Hz) on channel 85
      Warning: No frequencies found for delta (1.0-4.0 Hz) on channel 86
      Warning: No frequencies found for delta (1.0-4.0 Hz) on channel 87
      Warning: No frequencies found for delta (1.0-4.0 Hz) on channel 88
      Warning: No frequencies found for delta (1.0-4.0 Hz) on channel 89
      Warning: No frequencies found for delta (1.0-4.0 Hz) on channel 90
      Warning: No frequencies found for delta (1.0-4.0 Hz) on channel 91
      Warning: No frequencies found for delta (1.0-4.0 Hz) on channel 92
      Warning: No frequencies found for delta (1.0-4.0 Hz) on channel 93
      Warning: No frequencies found for delta (1.0-4.0 Hz) on channel 94
      Warning: No frequencies found for delta (1.0-4.0 Hz) on channel 95
      Warning: No frequencies found for delta (1.0-4.0 Hz) on channel 96
      Warning: No frequencies found for delta (1.0-4.0 Hz) on channel 97
      Warning: No frequencies found for delta (1.0-4.0 Hz) on channel 98
      Warning: No frequencies found for delta (1.0-4.0 Hz) on channel 99
      Warning: No frequencies found for delta (1.0-4.0 Hz) on channel 100
      Warning: No frequencies found for delta (1.0-4.0 Hz) on channel 101
      Warning: No frequencies found for delta (1.0-4.0 Hz) on channel 102
      Warning: No frequencies found for delta (1.0-4.0 Hz) on channel 103
      Warning: No frequencies found for delta (1.0-4.0 Hz) on channel 104
      Warning: No frequencies found for delta (1.0-4.0 Hz) on channel 105
      Warning: No frequencies found for delta (1.0-4.0 Hz) on channel 106
      Warning: No frequencies found for delta (1.0-4.0 Hz) on channel 107
      Warning: No frequencies found for delta (1.0-4.0 Hz) on channel 108
      Warning: No frequencies found for delta (1.0-4.0 Hz) on channel 109
      Warning: No frequencies found for delta (1.0-4.0 Hz) on channel 110
      Warning: No frequencies found for delta (1.0-4.0 Hz) on channel 111
      Warning: No frequencies found for delta (1.0-4.0 Hz) on channel 112
      Warning: No frequencies found for delta (1.0-4.0 Hz) on channel 113
      Warning: No frequencies found for delta (1.0-4.0 Hz) on channel 114
      Warning: No frequencies found for delta (1.0-4.0 Hz) on channel 115
      Warning: No frequencies found for delta (1.0-4.0 Hz) on channel 116
      Warning: No frequencies found for delta (1.0-4.0 Hz) on channel 117
      Warning: No frequencies found for delta (1.0-4.0 Hz) on channel 118
      Warning: No frequencies found for delta (1.0-4.0 Hz) on channel 119
      Warning: No frequencies found for delta (1.0-4.0 Hz) on channel 120
      Warning: No frequencies found for delta (1.0-4.0 Hz) on channel 121
      Warning: No frequencies found for delta (1.0-4.0 Hz) on channel 122
      Warning: No frequencies found for delta (1.0-4.0 Hz) on channel 123
      Warning: No frequencies found for delta (1.0-4.0 Hz) on channel 124
      Warning: No frequencies found for delta (1.0-4.0 Hz) on channel 125
      Warning: No frequencies found for delta (1.0-4.0 Hz) on channel 126
      Warning: No frequencies found for delta (1.0-4.0 Hz) on channel 127
      Warning: No frequencies found for delta (1.0-4.0 Hz) on channel 128
      Warning: No frequencies found for delta (1.0-4.0 Hz) on channel 129
      Warning: No frequencies found for delta (1.0-4.0 Hz) on channel 130
      Warning: No frequencies found for delta (1.0-4.0 Hz) on channel 131
      Warning: No frequencies found for delta (1.0-4.0 Hz) on channel 132
      Warning: No frequencies found for delta (1.0-4.0 Hz) on channel 133
      Warning: No frequencies found for delta (1.0-4.0 Hz) on channel 134
      Warning: No frequencies found for delta (1.0-4.0 Hz) on channel 135
      Warning: No frequencies found for delta (1.0-4.0 Hz) on channel 136
      Warning: No frequencies found for delta (1.0-4.0 Hz) on channel 137
      Warning: No frequencies found for delta (1.0-4.0 Hz) on channel 138
      Warning: No frequencies found for delta (1.0-4.0 Hz) on channel 139
      Warning: No frequencies found for delta (1.0-4.0 Hz) on channel 140
      Warning: No frequencies found for delta (1.0-4.0 Hz) on channel 141
      Warning: No frequencies found for delta (1.0-4.0 Hz) on channel 142
      Warning: No frequencies found for delta (1.0-4.0 Hz) on channel 143
      Warning: No frequencies found for delta (1.0-4.0 Hz) on channel 144
      Warning: No frequencies found for delta (1.0-4.0 Hz) on channel 145
      Warning: No frequencies found for delta (1.0-4.0 Hz) on channel 146
      Warning: No frequencies found for delta (1.0-4.0 Hz) on channel 147
      Warning: No frequencies found for delta (1.0-4.0 Hz) on channel 148
      Warning: No frequencies found for delta (1.0-4.0 Hz) on channel 149
      Warning: No frequencies found for delta (1.0-4.0 Hz) on channel 150
      Warning: No frequencies found for delta (1.0-4.0 Hz) on channel 151
      Warning: No frequencies found for delta (1.0-4.0 Hz) on channel 152
      Warning: No frequencies found for delta (1.0-4.0 Hz) on channel 153
      Warning: No frequencies found for delta (1.0-4.0 Hz) on channel 154
      Warning: No frequencies found for delta (1.0-4.0 Hz) on channel 155
      Warning: No frequencies found for delta (1.0-4.0 Hz) on channel 156
      Warning: No frequencies found for delta (1.0-4.0 Hz) on channel 157
      Warning: No frequencies found for delta (1.0-4.0 Hz) on channel 158
      Warning: No frequencies found for delta (1.0-4.0 Hz) on channel 159
      Warning: No frequencies found for delta (1.0-4.0 Hz) on channel 160
      Warning: No frequencies found for delta (1.0-4.0 Hz) on channel 161
      Warning: No frequencies found for delta (1.0-4.0 Hz) on channel 162
      Warning: No frequencies found for delta (1.0-4.0 Hz) on channel 163
      Warning: No frequencies found for delta (1.0-4.0 Hz) on channel 164
    Chunk 18/63 (28.6%)      Warning: No frequencies found for delta (1.0-4.0 Hz) on channel 0
      Warning: No frequencies found for delta (1.0-4.0 Hz) on channel 1
      Warning: No frequencies found for delta (1.0-4.0 Hz) on channel 2
      Warning: No frequencies found for delta (1.0-4.0 Hz) on channel 3
      Warning: No frequencies found for delta (1.0-4.0 Hz) on channel 4
      Warning: No frequencies found for delta (1.0-4.0 Hz) on channel 5
      Warning: No frequencies found for delta (1.0-4.0 Hz) on channel 6
      Warning: No frequencies found for delta (1.0-4.0 Hz) on channel 7
      Warning: No frequencies found for delta (1.0-4.0 Hz) on channel 8
      Warning: No frequencies found for delta (1.0-4.0 Hz) on channel 9
      Warning: No frequencies found for delta (1.0-4.0 Hz) on channel 10
      Warning: No frequencies found for delta (1.0-4.0 Hz) on channel 11
      Warning: No frequencies found for delta (1.0-4.0 Hz) on channel 12
      Warning: No frequencies found for delta (1.0-4.0 Hz) on channel 13
      Warning: No frequencies found for delta (1.0-4.0 Hz) on channel 14
      Warning: No frequencies found for delta (1.0-4.0 Hz) on channel 15
      Warning: No frequencies found for delta (1.0-4.0 Hz) on channel 16
      Warning: No frequencies found for delta (1.0-4.0 Hz) on channel 17
      Warning: No frequencies found for delta (1.0-4.0 Hz) on channel 18
      Warning: No frequencies found for delta (1.0-4.0 Hz) on channel 19
      Warning: No frequencies found for delta (1.0-4.0 Hz) on channel 20
      Warning: No frequencies found for delta (1.0-4.0 Hz) on channel 21
      Warning: No frequencies found for delta (1.0-4.0 Hz) on channel 22
      Warning: No frequencies found for delta (1.0-4.0 Hz) on channel 23
      Warning: No frequencies found for delta (1.0-4.0 Hz) on channel 24
      Warning: No frequencies found for delta (1.0-4.0 Hz) on channel 25
      Warning: No frequencies found for delta (1.0-4.0 Hz) on channel 26
      Warning: No frequencies found for delta (1.0-4.0 Hz) on channel 27
      Warning: No frequencies found for delta (1.0-4.0 Hz) on channel 28
      Warning: No frequencies found for delta (1.0-4.0 Hz) on channel 29
      Warning: No frequencies found for delta (1.0-4.0 Hz) on channel 30
      Warning: No frequencies found for delta (1.0-4.0 Hz) on channel 31
      Warning: No frequencies found for delta (1.0-4.0 Hz) on channel 32
      Warning: No frequencies found for delta (1.0-4.0 Hz) on channel 33
      Warning: No frequencies found for delta (1.0-4.0 Hz) on channel 34
      Warning: No frequencies found for delta (1.0-4.0 Hz) on channel 35
      Warning: No frequencies found for delta (1.0-4.0 Hz) on channel 36
      Warning: No frequencies found for delta (1.0-4.0 Hz) on channel 37
      Warning: No frequencies found for delta (1.0-4.0 Hz) on channel 38
      Warning: No frequencies found for delta (1.0-4.0 Hz) on channel 39
      Warning: No frequencies found for delta (1.0-4.0 Hz) on channel 40
      Warning: No frequencies found for delta (1.0-4.0 Hz) on channel 41
      Warning: No frequencies found for delta (1.0-4.0 Hz) on channel 42
      Warning: No frequencies found for delta (1.0-4.0 Hz) on channel 43
      Warning: No frequencies found for delta (1.0-4.0 Hz) on channel 44
      Warning: No frequencies found for delta (1.0-4.0 Hz) on channel 45
      Warning: No frequencies found for delta (1.0-4.0 Hz) on channel 46
      Warning: No frequencies found for delta (1.0-4.0 Hz) on channel 47
      Warning: No frequencies found for delta (1.0-4.0 Hz) on channel 48
      Warning: No frequencies found for delta (1.0-4.0 Hz) on channel 49
      Warning: No frequencies found for delta (1.0-4.0 Hz) on channel 50
      Warning: No frequencies found for delta (1.0-4.0 Hz) on channel 51
      Warning: No frequencies found for delta (1.0-4.0 Hz) on channel 52
      Warning: No frequencies found for delta (1.0-4.0 Hz) on channel 53
      Warning: No frequencies found for delta (1.0-4.0 Hz) on channel 54
      Warning: No frequencies found for delta (1.0-4.0 Hz) on channel 55
      Warning: No frequencies found for delta (1.0-4.0 Hz) on channel 56
      Warning: No frequencies found for delta (1.0-4.0 Hz) on channel 57
      Warning: No frequencies found for delta (1.0-4.0 Hz) on channel 58
      Warning: No frequencies found for delta (1.0-4.0 Hz) on channel 59
      Warning: No frequencies found for delta (1.0-4.0 Hz) on channel 60
      Warning: No frequencies found for delta (1.0-4.0 Hz) on channel 61
      Warning: No frequencies found for delta (1.0-4.0 Hz) on channel 62
      Warning: No frequencies found for delta (1.0-4.0 Hz) on channel 63
      Warning: No frequencies found for delta (1.0-4.0 Hz) on channel 64
      Warning: No frequencies found for delta (1.0-4.0 Hz) on channel 65
      Warning: No frequencies found for delta (1.0-4.0 Hz) on channel 66
      Warning: No frequencies found for delta (1.0-4.0 Hz) on channel 67
      Warning: No frequencies found for delta (1.0-4.0 Hz) on channel 68
      Warning: No frequencies found for delta (1.0-4.0 Hz) on channel 69
      Warning: No frequencies found for delta (1.0-4.0 Hz) on channel 70
      Warning: No frequencies found for delta (1.0-4.0 Hz) on channel 71
      Warning: No frequencies found for delta (1.0-4.0 Hz) on channel 72
      Warning: No frequencies found for delta (1.0-4.0 Hz) on channel 73
      Warning: No frequencies found for delta (1.0-4.0 Hz) on channel 74
      Warning: No frequencies found for delta (1.0-4.0 Hz) on channel 75
      Warning: No frequencies found for delta (1.0-4.0 Hz) on channel 76
      Warning: No frequencies found for delta (1.0-4.0 Hz) on channel 77
      Warning: No frequencies found for delta (1.0-4.0 Hz) on channel 78
      Warning: No frequencies found for delta (1.0-4.0 Hz) on channel 79
      Warning: No frequencies found for delta (1.0-4.0 Hz) on channel 80
      Warning: No frequencies found for delta (1.0-4.0 Hz) on channel 81
      Warning: No frequencies found for delta (1.0-4.0 Hz) on channel 82
      Warning: No frequencies found for delta (1.0-4.0 Hz) on channel 83
      Warning: No frequencies found for delta (1.0-4.0 Hz) on channel 84
      Warning: No frequencies found for delta (1.0-4.0 Hz) on channel 85
      Warning: No frequencies found for delta (1.0-4.0 Hz) on channel 86
      Warning: No frequencies found for delta (1.0-4.0 Hz) on channel 87
      Warning: No frequencies found for delta (1.0-4.0 Hz) on channel 88
      Warning: No frequencies found for delta (1.0-4.0 Hz) on channel 89
      Warning: No frequencies found for delta (1.0-4.0 Hz) on channel 90
      Warning: No frequencies found for delta (1.0-4.0 Hz) on channel 91
      Warning: No frequencies found for delta (1.0-4.0 Hz) on channel 92
      Warning: No frequencies found for delta (1.0-4.0 Hz) on channel 93
      Warning: No frequencies found for delta (1.0-4.0 Hz) on channel 94
      Warning: No frequencies found for delta (1.0-4.0 Hz) on channel 95
      Warning: No frequencies found for delta (1.0-4.0 Hz) on channel 96
      Warning: No frequencies found for delta (1.0-4.0 Hz) on channel 97
      Warning: No frequencies found for delta (1.0-4.0 Hz) on channel 98
      Warning: No frequencies found for delta (1.0-4.0 Hz) on channel 99
      Warning: No frequencies found for delta (1.0-4.0 Hz) on channel 100
      Warning: No frequencies found for delta (1.0-4.0 Hz) on channel 101
      Warning: No frequencies found for delta (1.0-4.0 Hz) on channel 102
      Warning: No frequencies found for delta (1.0-4.0 Hz) on channel 103
      Warning: No frequencies found for delta (1.0-4.0 Hz) on channel 104
      Warning: No frequencies found for delta (1.0-4.0 Hz) on channel 105
      Warning: No frequencies found for delta (1.0-4.0 Hz) on channel 106
      Warning: No frequencies found for delta (1.0-4.0 Hz) on channel 107
      Warning: No frequencies found for delta (1.0-4.0 Hz) on channel 108
      Warning: No frequencies found for delta (1.0-4.0 Hz) on channel 109
      Warning: No frequencies found for delta (1.0-4.0 Hz) on channel 110
      Warning: No frequencies found for delta (1.0-4.0 Hz) on channel 111
      Warning: No frequencies found for delta (1.0-4.0 Hz) on channel 112
      Warning: No frequencies found for delta (1.0-4.0 Hz) on channel 113
      Warning: No frequencies found for delta (1.0-4.0 Hz) on channel 114
      Warning: No frequencies found for delta (1.0-4.0 Hz) on channel 115
      Warning: No frequencies found for delta (1.0-4.0 Hz) on channel 116
      Warning: No frequencies found for delta (1.0-4.0 Hz) on channel 117
      Warning: No frequencies found for delta (1.0-4.0 Hz) on channel 118
      Warning: No frequencies found for delta (1.0-4.0 Hz) on channel 119
      Warning: No frequencies found for delta (1.0-4.0 Hz) on channel 120
      Warning: No frequencies found for delta (1.0-4.0 Hz) on channel 121
      Warning: No frequencies found for delta (1.0-4.0 Hz) on channel 122
      Warning: No frequencies found for delta (1.0-4.0 Hz) on channel 123
      Warning: No frequencies found for delta (1.0-4.0 Hz) on channel 124
      Warning: No frequencies found for delta (1.0-4.0 Hz) on channel 125
      Warning: No frequencies found for delta (1.0-4.0 Hz) on channel 126
      Warning: No frequencies found for delta (1.0-4.0 Hz) on channel 127
      Warning: No frequencies found for delta (1.0-4.0 Hz) on channel 128
      Warning: No frequencies found for delta (1.0-4.0 Hz) on channel 129
      Warning: No frequencies found for delta (1.0-4.0 Hz) on channel 130
      Warning: No frequencies found for delta (1.0-4.0 Hz) on channel 131
      Warning: No frequencies found for delta (1.0-4.0 Hz) on channel 132
      Warning: No frequencies found for delta (1.0-4.0 Hz) on channel 133
      Warning: No frequencies found for delta (1.0-4.0 Hz) on channel 134
      Warning: No frequencies found for delta (1.0-4.0 Hz) on channel 135
      Warning: No frequencies found for delta (1.0-4.0 Hz) on channel 136
      Warning: No frequencies found for delta (1.0-4.0 Hz) on channel 137
      Warning: No frequencies found for delta (1.0-4.0 Hz) on channel 138
      Warning: No frequencies found for delta (1.0-4.0 Hz) on channel 139
      Warning: No frequencies found for delta (1.0-4.0 Hz) on channel 140
      Warning: No frequencies found for delta (1.0-4.0 Hz) on channel 141
      Warning: No frequencies found for delta (1.0-4.0 Hz) on channel 142
      Warning: No frequencies found for delta (1.0-4.0 Hz) on channel 143
      Warning: No frequencies found for delta (1.0-4.0 Hz) on channel 144
      Warning: No frequencies found for delta (1.0-4.0 Hz) on channel 145
      Warning: No frequencies found for delta (1.0-4.0 Hz) on channel 146
      Warning: No frequencies found for delta (1.0-4.0 Hz) on channel 147
      Warning: No frequencies found for delta (1.0-4.0 Hz) on channel 148
      Warning: No frequencies found for delta (1.0-4.0 Hz) on channel 149
      Warning: No frequencies found for delta (1.0-4.0 Hz) on channel 150
      Warning: No frequencies found for delta (1.0-4.0 Hz) on channel 151
      Warning: No frequencies found for delta (1.0-4.0 Hz) on channel 152
      Warning: No frequencies found for delta (1.0-4.0 Hz) on channel 153
      Warning: No frequencies found for delta (1.0-4.0 Hz) on channel 154
      Warning: No frequencies found for delta (1.0-4.0 Hz) on channel 155
      Warning: No frequencies found for delta (1.0-4.0 Hz) on channel 156
      Warning: No frequencies found for delta (1.0-4.0 Hz) on channel 157
      Warning: No frequencies found for delta (1.0-4.0 Hz) on channel 158
      Warning: No frequencies found for delta (1.0-4.0 Hz) on channel 159
      Warning: No frequencies found for delta (1.0-4.0 Hz) on channel 160
      Warning: No frequencies found for delta (1.0-4.0 Hz) on channel 161
      Warning: No frequencies found for delta (1.0-4.0 Hz) on channel 162
      Warning: No frequencies found for delta (1.0-4.0 Hz) on channel 163
      Warning: No frequencies found for delta (1.0-4.0 Hz) on channel 164
    Chunk 19/63 (30.2%)      Warning: No frequencies found for delta (1.0-4.0 Hz) on channel 0
      Warning: No frequencies found for delta (1.0-4.0 Hz) on channel 1
      Warning: No frequencies found for delta (1.0-4.0 Hz) on channel 2
      Warning: No frequencies found for delta (1.0-4.0 Hz) on channel 3
      Warning: No frequencies found for delta (1.0-4.0 Hz) on channel 4
      Warning: No frequencies found for delta (1.0-4.0 Hz) on channel 5
      Warning: No frequencies found for delta (1.0-4.0 Hz) on channel 6
      Warning: No frequencies found for delta (1.0-4.0 Hz) on channel 7
      Warning: No frequencies found for delta (1.0-4.0 Hz) on channel 8
      Warning: No frequencies found for delta (1.0-4.0 Hz) on channel 9
      Warning: No frequencies found for delta (1.0-4.0 Hz) on channel 10
      Warning: No frequencies found for delta (1.0-4.0 Hz) on channel 11
      Warning: No frequencies found for delta (1.0-4.0 Hz) on channel 12
      Warning: No frequencies found for delta (1.0-4.0 Hz) on channel 13
      Warning: No frequencies found for delta (1.0-4.0 Hz) on channel 14
      Warning: No frequencies found for delta (1.0-4.0 Hz) on channel 15
      Warning: No frequencies found for delta (1.0-4.0 Hz) on channel 16
      Warning: No frequencies found for delta (1.0-4.0 Hz) on channel 17
      Warning: No frequencies found for delta (1.0-4.0 Hz) on channel 18
      Warning: No frequencies found for delta (1.0-4.0 Hz) on channel 19
      Warning: No frequencies found for delta (1.0-4.0 Hz) on channel 20
      Warning: No frequencies found for delta (1.0-4.0 Hz) on channel 21
      Warning: No frequencies found for delta (1.0-4.0 Hz) on channel 22
      Warning: No frequencies found for delta (1.0-4.0 Hz) on channel 23
      Warning: No frequencies found for delta (1.0-4.0 Hz) on channel 24
      Warning: No frequencies found for delta (1.0-4.0 Hz) on channel 25
      Warning: No frequencies found for delta (1.0-4.0 Hz) on channel 26
      Warning: No frequencies found for delta (1.0-4.0 Hz) on channel 27
      Warning: No frequencies found for delta (1.0-4.0 Hz) on channel 28
      Warning: No frequencies found for delta (1.0-4.0 Hz) on channel 29
      Warning: No frequencies found for delta (1.0-4.0 Hz) on channel 30
      Warning: No frequencies found for delta (1.0-4.0 Hz) on channel 31
      Warning: No frequencies found for delta (1.0-4.0 Hz) on channel 32
      Warning: No frequencies found for delta (1.0-4.0 Hz) on channel 33
      Warning: No frequencies found for delta (1.0-4.0 Hz) on channel 34
      Warning: No frequencies found for delta (1.0-4.0 Hz) on channel 35
      Warning: No frequencies found for delta (1.0-4.0 Hz) on channel 36
      Warning: No frequencies found for delta (1.0-4.0 Hz) on channel 37
      Warning: No frequencies found for delta (1.0-4.0 Hz) on channel 38
      Warning: No frequencies found for delta (1.0-4.0 Hz) on channel 39
      Warning: No frequencies found for delta (1.0-4.0 Hz) on channel 40
      Warning: No frequencies found for delta (1.0-4.0 Hz) on channel 41
      Warning: No frequencies found for delta (1.0-4.0 Hz) on channel 42
      Warning: No frequencies found for delta (1.0-4.0 Hz) on channel 43
      Warning: No frequencies found for delta (1.0-4.0 Hz) on channel 44
      Warning: No frequencies found for delta (1.0-4.0 Hz) on channel 45
      Warning: No frequencies found for delta (1.0-4.0 Hz) on channel 46
      Warning: No frequencies found for delta (1.0-4.0 Hz) on channel 47
      Warning: No frequencies found for delta (1.0-4.0 Hz) on channel 48
      Warning: No frequencies found for delta (1.0-4.0 Hz) on channel 49
      Warning: No frequencies found for delta (1.0-4.0 Hz) on channel 50
      Warning: No frequencies found for delta (1.0-4.0 Hz) on channel 51
      Warning: No frequencies found for delta (1.0-4.0 Hz) on channel 52
      Warning: No frequencies found for delta (1.0-4.0 Hz) on channel 53
      Warning: No frequencies found for delta (1.0-4.0 Hz) on channel 54
      Warning: No frequencies found for delta (1.0-4.0 Hz) on channel 55
      Warning: No frequencies found for delta (1.0-4.0 Hz) on channel 56
      Warning: No frequencies found for delta (1.0-4.0 Hz) on channel 57
      Warning: No frequencies found for delta (1.0-4.0 Hz) on channel 58
      Warning: No frequencies found for delta (1.0-4.0 Hz) on channel 59
      Warning: No frequencies found for delta (1.0-4.0 Hz) on channel 60
      Warning: No frequencies found for delta (1.0-4.0 Hz) on channel 61
      Warning: No frequencies found for delta (1.0-4.0 Hz) on channel 62
      Warning: No frequencies found for delta (1.0-4.0 Hz) on channel 63
      Warning: No frequencies found for delta (1.0-4.0 Hz) on channel 64
      Warning: No frequencies found for delta (1.0-4.0 Hz) on channel 65
      Warning: No frequencies found for delta (1.0-4.0 Hz) on channel 66
      Warning: No frequencies found for delta (1.0-4.0 Hz) on channel 67
      Warning: No frequencies found for delta (1.0-4.0 Hz) on channel 68
      Warning: No frequencies found for delta (1.0-4.0 Hz) on channel 69
      Warning: No frequencies found for delta (1.0-4.0 Hz) on channel 70
      Warning: No frequencies found for delta (1.0-4.0 Hz) on channel 71
      Warning: No frequencies found for delta (1.0-4.0 Hz) on channel 72
      Warning: No frequencies found for delta (1.0-4.0 Hz) on channel 73
      Warning: No frequencies found for delta (1.0-4.0 Hz) on channel 74
      Warning: No frequencies found for delta (1.0-4.0 Hz) on channel 75
      Warning: No frequencies found for delta (1.0-4.0 Hz) on channel 76
      Warning: No frequencies found for delta (1.0-4.0 Hz) on channel 77
      Warning: No frequencies found for delta (1.0-4.0 Hz) on channel 78
      Warning: No frequencies found for delta (1.0-4.0 Hz) on channel 79
      Warning: No frequencies found for delta (1.0-4.0 Hz) on channel 80
      Warning: No frequencies found for delta (1.0-4.0 Hz) on channel 81
      Warning: No frequencies found for delta (1.0-4.0 Hz) on channel 82
      Warning: No frequencies found for delta (1.0-4.0 Hz) on channel 83
      Warning: No frequencies found for delta (1.0-4.0 Hz) on channel 84
      Warning: No frequencies found for delta (1.0-4.0 Hz) on channel 85
      Warning: No frequencies found for delta (1.0-4.0 Hz) on channel 86
      Warning: No frequencies found for delta (1.0-4.0 Hz) on channel 87
      Warning: No frequencies found for delta (1.0-4.0 Hz) on channel 88
      Warning: No frequencies found for delta (1.0-4.0 Hz) on channel 89
      Warning: No frequencies found for delta (1.0-4.0 Hz) on channel 90
      Warning: No frequencies found for delta (1.0-4.0 Hz) on channel 91
      Warning: No frequencies found for delta (1.0-4.0 Hz) on channel 92
      Warning: No frequencies found for delta (1.0-4.0 Hz) on channel 93
      Warning: No frequencies found for delta (1.0-4.0 Hz) on channel 94
      Warning: No frequencies found for delta (1.0-4.0 Hz) on channel 95
      Warning: No frequencies found for delta (1.0-4.0 Hz) on channel 96
      Warning: No frequencies found for delta (1.0-4.0 Hz) on channel 97
      Warning: No frequencies found for delta (1.0-4.0 Hz) on channel 98
      Warning: No frequencies found for delta (1.0-4.0 Hz) on channel 99
      Warning: No frequencies found for delta (1.0-4.0 Hz) on channel 100
      Warning: No frequencies found for delta (1.0-4.0 Hz) on channel 101
      Warning: No frequencies found for delta (1.0-4.0 Hz) on channel 102
      Warning: No frequencies found for delta (1.0-4.0 Hz) on channel 103
      Warning: No frequencies found for delta (1.0-4.0 Hz) on channel 104
      Warning: No frequencies found for delta (1.0-4.0 Hz) on channel 105
      Warning: No frequencies found for delta (1.0-4.0 Hz) on channel 106
      Warning: No frequencies found for delta (1.0-4.0 Hz) on channel 107
      Warning: No frequencies found for delta (1.0-4.0 Hz) on channel 108
      Warning: No frequencies found for delta (1.0-4.0 Hz) on channel 109
      Warning: No frequencies found for delta (1.0-4.0 Hz) on channel 110
      Warning: No frequencies found for delta (1.0-4.0 Hz) on channel 111
      Warning: No frequencies found for delta (1.0-4.0 Hz) on channel 112
      Warning: No frequencies found for delta (1.0-4.0 Hz) on channel 113
      Warning: No frequencies found for delta (1.0-4.0 Hz) on channel 114
      Warning: No frequencies found for delta (1.0-4.0 Hz) on channel 115
      Warning: No frequencies found for delta (1.0-4.0 Hz) on channel 116
      Warning: No frequencies found for delta (1.0-4.0 Hz) on channel 117
      Warning: No frequencies found for delta (1.0-4.0 Hz) on channel 118
      Warning: No frequencies found for delta (1.0-4.0 Hz) on channel 119
      Warning: No frequencies found for delta (1.0-4.0 Hz) on channel 120
      Warning: No frequencies found for delta (1.0-4.0 Hz) on channel 121
      Warning: No frequencies found for delta (1.0-4.0 Hz) on channel 122
      Warning: No frequencies found for delta (1.0-4.0 Hz) on channel 123
      Warning: No frequencies found for delta (1.0-4.0 Hz) on channel 124
      Warning: No frequencies found for delta (1.0-4.0 Hz) on channel 125
      Warning: No frequencies found for delta (1.0-4.0 Hz) on channel 126
      Warning: No frequencies found for delta (1.0-4.0 Hz) on channel 127
      Warning: No frequencies found for delta (1.0-4.0 Hz) on channel 128
      Warning: No frequencies found for delta (1.0-4.0 Hz) on channel 129
      Warning: No frequencies found for delta (1.0-4.0 Hz) on channel 130
      Warning: No frequencies found for delta (1.0-4.0 Hz) on channel 131
      Warning: No frequencies found for delta (1.0-4.0 Hz) on channel 132
      Warning: No frequencies found for delta (1.0-4.0 Hz) on channel 133
      Warning: No frequencies found for delta (1.0-4.0 Hz) on channel 134
      Warning: No frequencies found for delta (1.0-4.0 Hz) on channel 135
      Warning: No frequencies found for delta (1.0-4.0 Hz) on channel 136
      Warning: No frequencies found for delta (1.0-4.0 Hz) on channel 137
      Warning: No frequencies found for delta (1.0-4.0 Hz) on channel 138
      Warning: No frequencies found for delta (1.0-4.0 Hz) on channel 139
      Warning: No frequencies found for delta (1.0-4.0 Hz) on channel 140
      Warning: No frequencies found for delta (1.0-4.0 Hz) on channel 141
      Warning: No frequencies found for delta (1.0-4.0 Hz) on channel 142
      Warning: No frequencies found for delta (1.0-4.0 Hz) on channel 143
      Warning: No frequencies found for delta (1.0-4.0 Hz) on channel 144
      Warning: No frequencies found for delta (1.0-4.0 Hz) on channel 145
      Warning: No frequencies found for delta (1.0-4.0 Hz) on channel 146
      Warning: No frequencies found for delta (1.0-4.0 Hz) on channel 147
      Warning: No frequencies found for delta (1.0-4.0 Hz) on channel 148
      Warning: No frequencies found for delta (1.0-4.0 Hz) on channel 149
      Warning: No frequencies found for delta (1.0-4.0 Hz) on channel 150
      Warning: No frequencies found for delta (1.0-4.0 Hz) on channel 151
      Warning: No frequencies found for delta (1.0-4.0 Hz) on channel 152
      Warning: No frequencies found for delta (1.0-4.0 Hz) on channel 153
      Warning: No frequencies found for delta (1.0-4.0 Hz) on channel 154
      Warning: No frequencies found for delta (1.0-4.0 Hz) on channel 155
      Warning: No frequencies found for delta (1.0-4.0 Hz) on channel 156
      Warning: No frequencies found for delta (1.0-4.0 Hz) on channel 157
      Warning: No frequencies found for delta (1.0-4.0 Hz) on channel 158
      Warning: No frequencies found for delta (1.0-4.0 Hz) on channel 159
      Warning: No frequencies found for delta (1.0-4.0 Hz) on channel 160
      Warning: No frequencies found for delta (1.0-4.0 Hz) on channel 161
      Warning: No frequencies found for delta (1.0-4.0 Hz) on channel 162
      Warning: No frequencies found for delta (1.0-4.0 Hz) on channel 163
      Warning: No frequencies found for delta (1.0-4.0 Hz) on channel 164
    Chunk 20/63 (31.7%)      Warning: No frequencies found for delta (1.0-4.0 Hz) on channel 0
      Warning: No frequencies found for delta (1.0-4.0 Hz) on channel 1
      Warning: No frequencies found for delta (1.0-4.0 Hz) on channel 2
      Warning: No frequencies found for delta (1.0-4.0 Hz) on channel 3
      Warning: No frequencies found for delta (1.0-4.0 Hz) on channel 4
      Warning: No frequencies found for delta (1.0-4.0 Hz) on channel 5
      Warning: No frequencies found for delta (1.0-4.0 Hz) on channel 6
      Warning: No frequencies found for delta (1.0-4.0 Hz) on channel 7
      Warning: No frequencies found for delta (1.0-4.0 Hz) on channel 8
      Warning: No frequencies found for delta (1.0-4.0 Hz) on channel 9
      Warning: No frequencies found for delta (1.0-4.0 Hz) on channel 10
      Warning: No frequencies found for delta (1.0-4.0 Hz) on channel 11
      Warning: No frequencies found for delta (1.0-4.0 Hz) on channel 12
      Warning: No frequencies found for delta (1.0-4.0 Hz) on channel 13
      Warning: No frequencies found for delta (1.0-4.0 Hz) on channel 14
      Warning: No frequencies found for delta (1.0-4.0 Hz) on channel 15
      Warning: No frequencies found for delta (1.0-4.0 Hz) on channel 16
      Warning: No frequencies found for delta (1.0-4.0 Hz) on channel 17
      Warning: No frequencies found for delta (1.0-4.0 Hz) on channel 18
      Warning: No frequencies found for delta (1.0-4.0 Hz) on channel 19
      Warning: No frequencies found for delta (1.0-4.0 Hz) on channel 20
      Warning: No frequencies found for delta (1.0-4.0 Hz) on channel 21
      Warning: No frequencies found for delta (1.0-4.0 Hz) on channel 22
      Warning: No frequencies found for delta (1.0-4.0 Hz) on channel 23
      Warning: No frequencies found for delta (1.0-4.0 Hz) on channel 24
      Warning: No frequencies found for delta (1.0-4.0 Hz) on channel 25
      Warning: No frequencies found for delta (1.0-4.0 Hz) on channel 26
      Warning: No frequencies found for delta (1.0-4.0 Hz) on channel 27
      Warning: No frequencies found for delta (1.0-4.0 Hz) on channel 28
      Warning: No frequencies found for delta (1.0-4.0 Hz) on channel 29
      Warning: No frequencies found for delta (1.0-4.0 Hz) on channel 30
      Warning: No frequencies found for delta (1.0-4.0 Hz) on channel 31
      Warning: No frequencies found for delta (1.0-4.0 Hz) on channel 32
      Warning: No frequencies found for delta (1.0-4.0 Hz) on channel 33
      Warning: No frequencies found for delta (1.0-4.0 Hz) on channel 34
      Warning: No frequencies found for delta (1.0-4.0 Hz) on channel 35
      Warning: No frequencies found for delta (1.0-4.0 Hz) on channel 36
      Warning: No frequencies found for delta (1.0-4.0 Hz) on channel 37
      Warning: No frequencies found for delta (1.0-4.0 Hz) on channel 38
      Warning: No frequencies found for delta (1.0-4.0 Hz) on channel 39
      Warning: No frequencies found for delta (1.0-4.0 Hz) on channel 40
      Warning: No frequencies found for delta (1.0-4.0 Hz) on channel 41
      Warning: No frequencies found for delta (1.0-4.0 Hz) on channel 42
      Warning: No frequencies found for delta (1.0-4.0 Hz) on channel 43
      Warning: No frequencies found for delta (1.0-4.0 Hz) on channel 44
      Warning: No frequencies found for delta (1.0-4.0 Hz) on channel 45
      Warning: No frequencies found for delta (1.0-4.0 Hz) on channel 46
      Warning: No frequencies found for delta (1.0-4.0 Hz) on channel 47
      Warning: No frequencies found for delta (1.0-4.0 Hz) on channel 48
      Warning: No frequencies found for delta (1.0-4.0 Hz) on channel 49
      Warning: No frequencies found for delta (1.0-4.0 Hz) on channel 50
      Warning: No frequencies found for delta (1.0-4.0 Hz) on channel 51
      Warning: No frequencies found for delta (1.0-4.0 Hz) on channel 52
      Warning: No frequencies found for delta (1.0-4.0 Hz) on channel 53
      Warning: No frequencies found for delta (1.0-4.0 Hz) on channel 54
      Warning: No frequencies found for delta (1.0-4.0 Hz) on channel 55
      Warning: No frequencies found for delta (1.0-4.0 Hz) on channel 56
      Warning: No frequencies found for delta (1.0-4.0 Hz) on channel 57
      Warning: No frequencies found for delta (1.0-4.0 Hz) on channel 58
      Warning: No frequencies found for delta (1.0-4.0 Hz) on channel 59
      Warning: No frequencies found for delta (1.0-4.0 Hz) on channel 60
      Warning: No frequencies found for delta (1.0-4.0 Hz) on channel 61
      Warning: No frequencies found for delta (1.0-4.0 Hz) on channel 62
      Warning: No frequencies found for delta (1.0-4.0 Hz) on channel 63
      Warning: No frequencies found for delta (1.0-4.0 Hz) on channel 64
      Warning: No frequencies found for delta (1.0-4.0 Hz) on channel 65
      Warning: No frequencies found for delta (1.0-4.0 Hz) on channel 66
      Warning: No frequencies found for delta (1.0-4.0 Hz) on channel 67
      Warning: No frequencies found for delta (1.0-4.0 Hz) on channel 68
      Warning: No frequencies found for delta (1.0-4.0 Hz) on channel 69
      Warning: No frequencies found for delta (1.0-4.0 Hz) on channel 70
      Warning: No frequencies found for delta (1.0-4.0 Hz) on channel 71
      Warning: No frequencies found for delta (1.0-4.0 Hz) on channel 72
      Warning: No frequencies found for delta (1.0-4.0 Hz) on channel 73
      Warning: No frequencies found for delta (1.0-4.0 Hz) on channel 74
      Warning: No frequencies found for delta (1.0-4.0 Hz) on channel 75
      Warning: No frequencies found for delta (1.0-4.0 Hz) on channel 76
      Warning: No frequencies found for delta (1.0-4.0 Hz) on channel 77
      Warning: No frequencies found for delta (1.0-4.0 Hz) on channel 78
      Warning: No frequencies found for delta (1.0-4.0 Hz) on channel 79
      Warning: No frequencies found for delta (1.0-4.0 Hz) on channel 80
      Warning: No frequencies found for delta (1.0-4.0 Hz) on channel 81
      Warning: No frequencies found for delta (1.0-4.0 Hz) on channel 82
      Warning: No frequencies found for delta (1.0-4.0 Hz) on channel 83
      Warning: No frequencies found for delta (1.0-4.0 Hz) on channel 84
      Warning: No frequencies found for delta (1.0-4.0 Hz) on channel 85
      Warning: No frequencies found for delta (1.0-4.0 Hz) on channel 86
      Warning: No frequencies found for delta (1.0-4.0 Hz) on channel 87
      Warning: No frequencies found for delta (1.0-4.0 Hz) on channel 88
      Warning: No frequencies found for delta (1.0-4.0 Hz) on channel 89
      Warning: No frequencies found for delta (1.0-4.0 Hz) on channel 90
      Warning: No frequencies found for delta (1.0-4.0 Hz) on channel 91
      Warning: No frequencies found for delta (1.0-4.0 Hz) on channel 92
      Warning: No frequencies found for delta (1.0-4.0 Hz) on channel 93
      Warning: No frequencies found for delta (1.0-4.0 Hz) on channel 94
      Warning: No frequencies found for delta (1.0-4.0 Hz) on channel 95
      Warning: No frequencies found for delta (1.0-4.0 Hz) on channel 96
      Warning: No frequencies found for delta (1.0-4.0 Hz) on channel 97
      Warning: No frequencies found for delta (1.0-4.0 Hz) on channel 98
      Warning: No frequencies found for delta (1.0-4.0 Hz) on channel 99
      Warning: No frequencies found for delta (1.0-4.0 Hz) on channel 100
      Warning: No frequencies found for delta (1.0-4.0 Hz) on channel 101
      Warning: No frequencies found for delta (1.0-4.0 Hz) on channel 102
      Warning: No frequencies found for delta (1.0-4.0 Hz) on channel 103
      Warning: No frequencies found for delta (1.0-4.0 Hz) on channel 104
      Warning: No frequencies found for delta (1.0-4.0 Hz) on channel 105
      Warning: No frequencies found for delta (1.0-4.0 Hz) on channel 106
      Warning: No frequencies found for delta (1.0-4.0 Hz) on channel 107
      Warning: No frequencies found for delta (1.0-4.0 Hz) on channel 108
      Warning: No frequencies found for delta (1.0-4.0 Hz) on channel 109
      Warning: No frequencies found for delta (1.0-4.0 Hz) on channel 110
      Warning: No frequencies found for delta (1.0-4.0 Hz) on channel 111
      Warning: No frequencies found for delta (1.0-4.0 Hz) on channel 112
      Warning: No frequencies found for delta (1.0-4.0 Hz) on channel 113
      Warning: No frequencies found for delta (1.0-4.0 Hz) on channel 114
      Warning: No frequencies found for delta (1.0-4.0 Hz) on channel 115
      Warning: No frequencies found for delta (1.0-4.0 Hz) on channel 116
      Warning: No frequencies found for delta (1.0-4.0 Hz) on channel 117
      Warning: No frequencies found for delta (1.0-4.0 Hz) on channel 118
      Warning: No frequencies found for delta (1.0-4.0 Hz) on channel 119
      Warning: No frequencies found for delta (1.0-4.0 Hz) on channel 120
      Warning: No frequencies found for delta (1.0-4.0 Hz) on channel 121
      Warning: No frequencies found for delta (1.0-4.0 Hz) on channel 122
      Warning: No frequencies found for delta (1.0-4.0 Hz) on channel 123
      Warning: No frequencies found for delta (1.0-4.0 Hz) on channel 124
      Warning: No frequencies found for delta (1.0-4.0 Hz) on channel 125
      Warning: No frequencies found for delta (1.0-4.0 Hz) on channel 126
      Warning: No frequencies found for delta (1.0-4.0 Hz) on channel 127
      Warning: No frequencies found for delta (1.0-4.0 Hz) on channel 128
      Warning: No frequencies found for delta (1.0-4.0 Hz) on channel 129
      Warning: No frequencies found for delta (1.0-4.0 Hz) on channel 130
      Warning: No frequencies found for delta (1.0-4.0 Hz) on channel 131
      Warning: No frequencies found for delta (1.0-4.0 Hz) on channel 132
      Warning: No frequencies found for delta (1.0-4.0 Hz) on channel 133
      Warning: No frequencies found for delta (1.0-4.0 Hz) on channel 134
      Warning: No frequencies found for delta (1.0-4.0 Hz) on channel 135
      Warning: No frequencies found for delta (1.0-4.0 Hz) on channel 136
      Warning: No frequencies found for delta (1.0-4.0 Hz) on channel 137
      Warning: No frequencies found for delta (1.0-4.0 Hz) on channel 138
      Warning: No frequencies found for delta (1.0-4.0 Hz) on channel 139
      Warning: No frequencies found for delta (1.0-4.0 Hz) on channel 140
      Warning: No frequencies found for delta (1.0-4.0 Hz) on channel 141
      Warning: No frequencies found for delta (1.0-4.0 Hz) on channel 142
      Warning: No frequencies found for delta (1.0-4.0 Hz) on channel 143
      Warning: No frequencies found for delta (1.0-4.0 Hz) on channel 144
      Warning: No frequencies found for delta (1.0-4.0 Hz) on channel 145
      Warning: No frequencies found for delta (1.0-4.0 Hz) on channel 146
      Warning: No frequencies found for delta (1.0-4.0 Hz) on channel 147
      Warning: No frequencies found for delta (1.0-4.0 Hz) on channel 148
      Warning: No frequencies found for delta (1.0-4.0 Hz) on channel 149
      Warning: No frequencies found for delta (1.0-4.0 Hz) on channel 150
      Warning: No frequencies found for delta (1.0-4.0 Hz) on channel 151
      Warning: No frequencies found for delta (1.0-4.0 Hz) on channel 152
      Warning: No frequencies found for delta (1.0-4.0 Hz) on channel 153
      Warning: No frequencies found for delta (1.0-4.0 Hz) on channel 154
      Warning: No frequencies found for delta (1.0-4.0 Hz) on channel 155
      Warning: No frequencies found for delta (1.0-4.0 Hz) on channel 156
      Warning: No frequencies found for delta (1.0-4.0 Hz) on channel 157
      Warning: No frequencies found for delta (1.0-4.0 Hz) on channel 158
      Warning: No frequencies found for delta (1.0-4.0 Hz) on channel 159
      Warning: No frequencies found for delta (1.0-4.0 Hz) on channel 160
      Warning: No frequencies found for delta (1.0-4.0 Hz) on channel 161
      Warning: No frequencies found for delta (1.0-4.0 Hz) on channel 162
      Warning: No frequencies found for delta (1.0-4.0 Hz) on channel 163
      Warning: No frequencies found for delta (1.0-4.0 Hz) on channel 164
    Chunk 21/63 (33.3%)      Warning: No frequencies found for delta (1.0-4.0 Hz) on channel 0
      Warning: No frequencies found for delta (1.0-4.0 Hz) on channel 1
      Warning: No frequencies found for delta (1.0-4.0 Hz) on channel 2
      Warning: No frequencies found for delta (1.0-4.0 Hz) on channel 3
      Warning: No frequencies found for delta (1.0-4.0 Hz) on channel 4
      Warning: No frequencies found for delta (1.0-4.0 Hz) on channel 5
      Warning: No frequencies found for delta (1.0-4.0 Hz) on channel 6
      Warning: No frequencies found for delta (1.0-4.0 Hz) on channel 7
      Warning: No frequencies found for delta (1.0-4.0 Hz) on channel 8
      Warning: No frequencies found for delta (1.0-4.0 Hz) on channel 9
      Warning: No frequencies found for delta (1.0-4.0 Hz) on channel 10
      Warning: No frequencies found for delta (1.0-4.0 Hz) on channel 11
      Warning: No frequencies found for delta (1.0-4.0 Hz) on channel 12
      Warning: No frequencies found for delta (1.0-4.0 Hz) on channel 13
      Warning: No frequencies found for delta (1.0-4.0 Hz) on channel 14
      Warning: No frequencies found for delta (1.0-4.0 Hz) on channel 15
      Warning: No frequencies found for delta (1.0-4.0 Hz) on channel 16
      Warning: No frequencies found for delta (1.0-4.0 Hz) on channel 17
      Warning: No frequencies found for delta (1.0-4.0 Hz) on channel 18
      Warning: No frequencies found for delta (1.0-4.0 Hz) on channel 19
      Warning: No frequencies found for delta (1.0-4.0 Hz) on channel 20
      Warning: No frequencies found for delta (1.0-4.0 Hz) on channel 21
      Warning: No frequencies found for delta (1.0-4.0 Hz) on channel 22
      Warning: No frequencies found for delta (1.0-4.0 Hz) on channel 23
      Warning: No frequencies found for delta (1.0-4.0 Hz) on channel 24
      Warning: No frequencies found for delta (1.0-4.0 Hz) on channel 25
      Warning: No frequencies found for delta (1.0-4.0 Hz) on channel 26
      Warning: No frequencies found for delta (1.0-4.0 Hz) on channel 27
      Warning: No frequencies found for delta (1.0-4.0 Hz) on channel 28
      Warning: No frequencies found for delta (1.0-4.0 Hz) on channel 29
      Warning: No frequencies found for delta (1.0-4.0 Hz) on channel 30
      Warning: No frequencies found for delta (1.0-4.0 Hz) on channel 31
      Warning: No frequencies found for delta (1.0-4.0 Hz) on channel 32
      Warning: No frequencies found for delta (1.0-4.0 Hz) on channel 33
      Warning: No frequencies found for delta (1.0-4.0 Hz) on channel 34
      Warning: No frequencies found for delta (1.0-4.0 Hz) on channel 35
      Warning: No frequencies found for delta (1.0-4.0 Hz) on channel 36
      Warning: No frequencies found for delta (1.0-4.0 Hz) on channel 37
      Warning: No frequencies found for delta (1.0-4.0 Hz) on channel 38
      Warning: No frequencies found for delta (1.0-4.0 Hz) on channel 39
      Warning: No frequencies found for delta (1.0-4.0 Hz) on channel 40
      Warning: No frequencies found for delta (1.0-4.0 Hz) on channel 41
      Warning: No frequencies found for delta (1.0-4.0 Hz) on channel 42
      Warning: No frequencies found for delta (1.0-4.0 Hz) on channel 43
      Warning: No frequencies found for delta (1.0-4.0 Hz) on channel 44
      Warning: No frequencies found for delta (1.0-4.0 Hz) on channel 45
      Warning: No frequencies found for delta (1.0-4.0 Hz) on channel 46
      Warning: No frequencies found for delta (1.0-4.0 Hz) on channel 47
      Warning: No frequencies found for delta (1.0-4.0 Hz) on channel 48
      Warning: No frequencies found for delta (1.0-4.0 Hz) on channel 49
      Warning: No frequencies found for delta (1.0-4.0 Hz) on channel 50
      Warning: No frequencies found for delta (1.0-4.0 Hz) on channel 51
      Warning: No frequencies found for delta (1.0-4.0 Hz) on channel 52
      Warning: No frequencies found for delta (1.0-4.0 Hz) on channel 53
      Warning: No frequencies found for delta (1.0-4.0 Hz) on channel 54
      Warning: No frequencies found for delta (1.0-4.0 Hz) on channel 55
      Warning: No frequencies found for delta (1.0-4.0 Hz) on channel 56
      Warning: No frequencies found for delta (1.0-4.0 Hz) on channel 57
      Warning: No frequencies found for delta (1.0-4.0 Hz) on channel 58
      Warning: No frequencies found for delta (1.0-4.0 Hz) on channel 59
      Warning: No frequencies found for delta (1.0-4.0 Hz) on channel 60
      Warning: No frequencies found for delta (1.0-4.0 Hz) on channel 61
      Warning: No frequencies found for delta (1.0-4.0 Hz) on channel 62
      Warning: No frequencies found for delta (1.0-4.0 Hz) on channel 63
      Warning: No frequencies found for delta (1.0-4.0 Hz) on channel 64
      Warning: No frequencies found for delta (1.0-4.0 Hz) on channel 65
      Warning: No frequencies found for delta (1.0-4.0 Hz) on channel 66
      Warning: No frequencies found for delta (1.0-4.0 Hz) on channel 67
      Warning: No frequencies found for delta (1.0-4.0 Hz) on channel 68
      Warning: No frequencies found for delta (1.0-4.0 Hz) on channel 69
      Warning: No frequencies found for delta (1.0-4.0 Hz) on channel 70
      Warning: No frequencies found for delta (1.0-4.0 Hz) on channel 71
      Warning: No frequencies found for delta (1.0-4.0 Hz) on channel 72
      Warning: No frequencies found for delta (1.0-4.0 Hz) on channel 73
      Warning: No frequencies found for delta (1.0-4.0 Hz) on channel 74
      Warning: No frequencies found for delta (1.0-4.0 Hz) on channel 75
      Warning: No frequencies found for delta (1.0-4.0 Hz) on channel 76
      Warning: No frequencies found for delta (1.0-4.0 Hz) on channel 77
      Warning: No frequencies found for delta (1.0-4.0 Hz) on channel 78
      Warning: No frequencies found for delta (1.0-4.0 Hz) on channel 79
      Warning: No frequencies found for delta (1.0-4.0 Hz) on channel 80
      Warning: No frequencies found for delta (1.0-4.0 Hz) on channel 81
      Warning: No frequencies found for delta (1.0-4.0 Hz) on channel 82
      Warning: No frequencies found for delta (1.0-4.0 Hz) on channel 83
      Warning: No frequencies found for delta (1.0-4.0 Hz) on channel 84
      Warning: No frequencies found for delta (1.0-4.0 Hz) on channel 85
      Warning: No frequencies found for delta (1.0-4.0 Hz) on channel 86
      Warning: No frequencies found for delta (1.0-4.0 Hz) on channel 87
      Warning: No frequencies found for delta (1.0-4.0 Hz) on channel 88
      Warning: No frequencies found for delta (1.0-4.0 Hz) on channel 89
      Warning: No frequencies found for delta (1.0-4.0 Hz) on channel 90
      Warning: No frequencies found for delta (1.0-4.0 Hz) on channel 91
      Warning: No frequencies found for delta (1.0-4.0 Hz) on channel 92
      Warning: No frequencies found for delta (1.0-4.0 Hz) on channel 93
      Warning: No frequencies found for delta (1.0-4.0 Hz) on channel 94
      Warning: No frequencies found for delta (1.0-4.0 Hz) on channel 95
      Warning: No frequencies found for delta (1.0-4.0 Hz) on channel 96
      Warning: No frequencies found for delta (1.0-4.0 Hz) on channel 97
      Warning: No frequencies found for delta (1.0-4.0 Hz) on channel 98
      Warning: No frequencies found for delta (1.0-4.0 Hz) on channel 99
      Warning: No frequencies found for delta (1.0-4.0 Hz) on channel 100
      Warning: No frequencies found for delta (1.0-4.0 Hz) on channel 101
      Warning: No frequencies found for delta (1.0-4.0 Hz) on channel 102
      Warning: No frequencies found for delta (1.0-4.0 Hz) on channel 103
      Warning: No frequencies found for delta (1.0-4.0 Hz) on channel 104
      Warning: No frequencies found for delta (1.0-4.0 Hz) on channel 105
      Warning: No frequencies found for delta (1.0-4.0 Hz) on channel 106
      Warning: No frequencies found for delta (1.0-4.0 Hz) on channel 107
      Warning: No frequencies found for delta (1.0-4.0 Hz) on channel 108
      Warning: No frequencies found for delta (1.0-4.0 Hz) on channel 109
      Warning: No frequencies found for delta (1.0-4.0 Hz) on channel 110
      Warning: No frequencies found for delta (1.0-4.0 Hz) on channel 111
      Warning: No frequencies found for delta (1.0-4.0 Hz) on channel 112
      Warning: No frequencies found for delta (1.0-4.0 Hz) on channel 113
      Warning: No frequencies found for delta (1.0-4.0 Hz) on channel 114
      Warning: No frequencies found for delta (1.0-4.0 Hz) on channel 115
      Warning: No frequencies found for delta (1.0-4.0 Hz) on channel 116
      Warning: No frequencies found for delta (1.0-4.0 Hz) on channel 117
      Warning: No frequencies found for delta (1.0-4.0 Hz) on channel 118
      Warning: No frequencies found for delta (1.0-4.0 Hz) on channel 119
      Warning: No frequencies found for delta (1.0-4.0 Hz) on channel 120
      Warning: No frequencies found for delta (1.0-4.0 Hz) on channel 121
      Warning: No frequencies found for delta (1.0-4.0 Hz) on channel 122
      Warning: No frequencies found for delta (1.0-4.0 Hz) on channel 123
      Warning: No frequencies found for delta (1.0-4.0 Hz) on channel 124
      Warning: No frequencies found for delta (1.0-4.0 Hz) on channel 125
      Warning: No frequencies found for delta (1.0-4.0 Hz) on channel 126
      Warning: No frequencies found for delta (1.0-4.0 Hz) on channel 127
      Warning: No frequencies found for delta (1.0-4.0 Hz) on channel 128
      Warning: No frequencies found for delta (1.0-4.0 Hz) on channel 129
      Warning: No frequencies found for delta (1.0-4.0 Hz) on channel 130
      Warning: No frequencies found for delta (1.0-4.0 Hz) on channel 131
      Warning: No frequencies found for delta (1.0-4.0 Hz) on channel 132
      Warning: No frequencies found for delta (1.0-4.0 Hz) on channel 133
      Warning: No frequencies found for delta (1.0-4.0 Hz) on channel 134
      Warning: No frequencies found for delta (1.0-4.0 Hz) on channel 135
      Warning: No frequencies found for delta (1.0-4.0 Hz) on channel 136
      Warning: No frequencies found for delta (1.0-4.0 Hz) on channel 137
      Warning: No frequencies found for delta (1.0-4.0 Hz) on channel 138
      Warning: No frequencies found for delta (1.0-4.0 Hz) on channel 139
      Warning: No frequencies found for delta (1.0-4.0 Hz) on channel 140
      Warning: No frequencies found for delta (1.0-4.0 Hz) on channel 141
      Warning: No frequencies found for delta (1.0-4.0 Hz) on channel 142
      Warning: No frequencies found for delta (1.0-4.0 Hz) on channel 143
      Warning: No frequencies found for delta (1.0-4.0 Hz) on channel 144
      Warning: No frequencies found for delta (1.0-4.0 Hz) on channel 145
      Warning: No frequencies found for delta (1.0-4.0 Hz) on channel 146
      Warning: No frequencies found for delta (1.0-4.0 Hz) on channel 147
      Warning: No frequencies found for delta (1.0-4.0 Hz) on channel 148
      Warning: No frequencies found for delta (1.0-4.0 Hz) on channel 149
      Warning: No frequencies found for delta (1.0-4.0 Hz) on channel 150
      Warning: No frequencies found for delta (1.0-4.0 Hz) on channel 151
      Warning: No frequencies found for delta (1.0-4.0 Hz) on channel 152
      Warning: No frequencies found for delta (1.0-4.0 Hz) on channel 153
      Warning: No frequencies found for delta (1.0-4.0 Hz) on channel 154
      Warning: No frequencies found for delta (1.0-4.0 Hz) on channel 155
      Warning: No frequencies found for delta (1.0-4.0 Hz) on channel 156
      Warning: No frequencies found for delta (1.0-4.0 Hz) on channel 157
      Warning: No frequencies found for delta (1.0-4.0 Hz) on channel 158
      Warning: No frequencies found for delta (1.0-4.0 Hz) on channel 159
      Warning: No frequencies found for delta (1.0-4.0 Hz) on channel 160
      Warning: No frequencies found for delta (1.0-4.0 Hz) on channel 161
      Warning: No frequencies found for delta (1.0-4.0 Hz) on channel 162
      Warning: No frequencies found for delta (1.0-4.0 Hz) on channel 163
      Warning: No frequencies found for delta (1.0-4.0 Hz) on channel 164
    Chunk 22/63 (34.9%)      Warning: No frequencies found for delta (1.0-4.0 Hz) on channel 0
      Warning: No frequencies found for delta (1.0-4.0 Hz) on channel 1
      Warning: No frequencies found for delta (1.0-4.0 Hz) on channel 2
      Warning: No frequencies found for delta (1.0-4.0 Hz) on channel 3
      Warning: No frequencies found for delta (1.0-4.0 Hz) on channel 4
      Warning: No frequencies found for delta (1.0-4.0 Hz) on channel 5
      Warning: No frequencies found for delta (1.0-4.0 Hz) on channel 6
      Warning: No frequencies found for delta (1.0-4.0 Hz) on channel 7
      Warning: No frequencies found for delta (1.0-4.0 Hz) on channel 8
      Warning: No frequencies found for delta (1.0-4.0 Hz) on channel 9
      Warning: No frequencies found for delta (1.0-4.0 Hz) on channel 10
      Warning: No frequencies found for delta (1.0-4.0 Hz) on channel 11
      Warning: No frequencies found for delta (1.0-4.0 Hz) on channel 12
      Warning: No frequencies found for delta (1.0-4.0 Hz) on channel 13
      Warning: No frequencies found for delta (1.0-4.0 Hz) on channel 14
      Warning: No frequencies found for delta (1.0-4.0 Hz) on channel 15
      Warning: No frequencies found for delta (1.0-4.0 Hz) on channel 16
      Warning: No frequencies found for delta (1.0-4.0 Hz) on channel 17
      Warning: No frequencies found for delta (1.0-4.0 Hz) on channel 18
      Warning: No frequencies found for delta (1.0-4.0 Hz) on channel 19
      Warning: No frequencies found for delta (1.0-4.0 Hz) on channel 20
      Warning: No frequencies found for delta (1.0-4.0 Hz) on channel 21
      Warning: No frequencies found for delta (1.0-4.0 Hz) on channel 22
      Warning: No frequencies found for delta (1.0-4.0 Hz) on channel 23
      Warning: No frequencies found for delta (1.0-4.0 Hz) on channel 24
      Warning: No frequencies found for delta (1.0-4.0 Hz) on channel 25
      Warning: No frequencies found for delta (1.0-4.0 Hz) on channel 26
      Warning: No frequencies found for delta (1.0-4.0 Hz) on channel 27
      Warning: No frequencies found for delta (1.0-4.0 Hz) on channel 28
      Warning: No frequencies found for delta (1.0-4.0 Hz) on channel 29
      Warning: No frequencies found for delta (1.0-4.0 Hz) on channel 30
      Warning: No frequencies found for delta (1.0-4.0 Hz) on channel 31
      Warning: No frequencies found for delta (1.0-4.0 Hz) on channel 32
      Warning: No frequencies found for delta (1.0-4.0 Hz) on channel 33
      Warning: No frequencies found for delta (1.0-4.0 Hz) on channel 34
      Warning: No frequencies found for delta (1.0-4.0 Hz) on channel 35
      Warning: No frequencies found for delta (1.0-4.0 Hz) on channel 36
      Warning: No frequencies found for delta (1.0-4.0 Hz) on channel 37
      Warning: No frequencies found for delta (1.0-4.0 Hz) on channel 38
      Warning: No frequencies found for delta (1.0-4.0 Hz) on channel 39
      Warning: No frequencies found for delta (1.0-4.0 Hz) on channel 40
      Warning: No frequencies found for delta (1.0-4.0 Hz) on channel 41
      Warning: No frequencies found for delta (1.0-4.0 Hz) on channel 42
      Warning: No frequencies found for delta (1.0-4.0 Hz) on channel 43
      Warning: No frequencies found for delta (1.0-4.0 Hz) on channel 44
      Warning: No frequencies found for delta (1.0-4.0 Hz) on channel 45
      Warning: No frequencies found for delta (1.0-4.0 Hz) on channel 46
      Warning: No frequencies found for delta (1.0-4.0 Hz) on channel 47
      Warning: No frequencies found for delta (1.0-4.0 Hz) on channel 48
      Warning: No frequencies found for delta (1.0-4.0 Hz) on channel 49
      Warning: No frequencies found for delta (1.0-4.0 Hz) on channel 50
      Warning: No frequencies found for delta (1.0-4.0 Hz) on channel 51
      Warning: No frequencies found for delta (1.0-4.0 Hz) on channel 52
      Warning: No frequencies found for delta (1.0-4.0 Hz) on channel 53
      Warning: No frequencies found for delta (1.0-4.0 Hz) on channel 54
      Warning: No frequencies found for delta (1.0-4.0 Hz) on channel 55
      Warning: No frequencies found for delta (1.0-4.0 Hz) on channel 56
      Warning: No frequencies found for delta (1.0-4.0 Hz) on channel 57
      Warning: No frequencies found for delta (1.0-4.0 Hz) on channel 58
      Warning: No frequencies found for delta (1.0-4.0 Hz) on channel 59
      Warning: No frequencies found for delta (1.0-4.0 Hz) on channel 60
      Warning: No frequencies found for delta (1.0-4.0 Hz) on channel 61
      Warning: No frequencies found for delta (1.0-4.0 Hz) on channel 62
      Warning: No frequencies found for delta (1.0-4.0 Hz) on channel 63
      Warning: No frequencies found for delta (1.0-4.0 Hz) on channel 64
      Warning: No frequencies found for delta (1.0-4.0 Hz) on channel 65
      Warning: No frequencies found for delta (1.0-4.0 Hz) on channel 66
      Warning: No frequencies found for delta (1.0-4.0 Hz) on channel 67
      Warning: No frequencies found for delta (1.0-4.0 Hz) on channel 68
      Warning: No frequencies found for delta (1.0-4.0 Hz) on channel 69
      Warning: No frequencies found for delta (1.0-4.0 Hz) on channel 70
      Warning: No frequencies found for delta (1.0-4.0 Hz) on channel 71
      Warning: No frequencies found for delta (1.0-4.0 Hz) on channel 72
      Warning: No frequencies found for delta (1.0-4.0 Hz) on channel 73
      Warning: No frequencies found for delta (1.0-4.0 Hz) on channel 74
      Warning: No frequencies found for delta (1.0-4.0 Hz) on channel 75
      Warning: No frequencies found for delta (1.0-4.0 Hz) on channel 76
      Warning: No frequencies found for delta (1.0-4.0 Hz) on channel 77
      Warning: No frequencies found for delta (1.0-4.0 Hz) on channel 78
      Warning: No frequencies found for delta (1.0-4.0 Hz) on channel 79
      Warning: No frequencies found for delta (1.0-4.0 Hz) on channel 80
      Warning: No frequencies found for delta (1.0-4.0 Hz) on channel 81
      Warning: No frequencies found for delta (1.0-4.0 Hz) on channel 82
      Warning: No frequencies found for delta (1.0-4.0 Hz) on channel 83
      Warning: No frequencies found for delta (1.0-4.0 Hz) on channel 84
      Warning: No frequencies found for delta (1.0-4.0 Hz) on channel 85
      Warning: No frequencies found for delta (1.0-4.0 Hz) on channel 86
      Warning: No frequencies found for delta (1.0-4.0 Hz) on channel 87
      Warning: No frequencies found for delta (1.0-4.0 Hz) on channel 88
      Warning: No frequencies found for delta (1.0-4.0 Hz) on channel 89
      Warning: No frequencies found for delta (1.0-4.0 Hz) on channel 90
      Warning: No frequencies found for delta (1.0-4.0 Hz) on channel 91
      Warning: No frequencies found for delta (1.0-4.0 Hz) on channel 92
      Warning: No frequencies found for delta (1.0-4.0 Hz) on channel 93
      Warning: No frequencies found for delta (1.0-4.0 Hz) on channel 94
      Warning: No frequencies found for delta (1.0-4.0 Hz) on channel 95
      Warning: No frequencies found for delta (1.0-4.0 Hz) on channel 96
      Warning: No frequencies found for delta (1.0-4.0 Hz) on channel 97
      Warning: No frequencies found for delta (1.0-4.0 Hz) on channel 98
      Warning: No frequencies found for delta (1.0-4.0 Hz) on channel 99
      Warning: No frequencies found for delta (1.0-4.0 Hz) on channel 100
      Warning: No frequencies found for delta (1.0-4.0 Hz) on channel 101
      Warning: No frequencies found for delta (1.0-4.0 Hz) on channel 102
      Warning: No frequencies found for delta (1.0-4.0 Hz) on channel 103
      Warning: No frequencies found for delta (1.0-4.0 Hz) on channel 104
      Warning: No frequencies found for delta (1.0-4.0 Hz) on channel 105
      Warning: No frequencies found for delta (1.0-4.0 Hz) on channel 106
      Warning: No frequencies found for delta (1.0-4.0 Hz) on channel 107
      Warning: No frequencies found for delta (1.0-4.0 Hz) on channel 108
      Warning: No frequencies found for delta (1.0-4.0 Hz) on channel 109
      Warning: No frequencies found for delta (1.0-4.0 Hz) on channel 110
      Warning: No frequencies found for delta (1.0-4.0 Hz) on channel 111
      Warning: No frequencies found for delta (1.0-4.0 Hz) on channel 112
      Warning: No frequencies found for delta (1.0-4.0 Hz) on channel 113
      Warning: No frequencies found for delta (1.0-4.0 Hz) on channel 114
      Warning: No frequencies found for delta (1.0-4.0 Hz) on channel 115
      Warning: No frequencies found for delta (1.0-4.0 Hz) on channel 116
      Warning: No frequencies found for delta (1.0-4.0 Hz) on channel 117
      Warning: No frequencies found for delta (1.0-4.0 Hz) on channel 118
      Warning: No frequencies found for delta (1.0-4.0 Hz) on channel 119
      Warning: No frequencies found for delta (1.0-4.0 Hz) on channel 120
      Warning: No frequencies found for delta (1.0-4.0 Hz) on channel 121
      Warning: No frequencies found for delta (1.0-4.0 Hz) on channel 122
      Warning: No frequencies found for delta (1.0-4.0 Hz) on channel 123
      Warning: No frequencies found for delta (1.0-4.0 Hz) on channel 124
      Warning: No frequencies found for delta (1.0-4.0 Hz) on channel 125
      Warning: No frequencies found for delta (1.0-4.0 Hz) on channel 126
      Warning: No frequencies found for delta (1.0-4.0 Hz) on channel 127
      Warning: No frequencies found for delta (1.0-4.0 Hz) on channel 128
      Warning: No frequencies found for delta (1.0-4.0 Hz) on channel 129
      Warning: No frequencies found for delta (1.0-4.0 Hz) on channel 130
      Warning: No frequencies found for delta (1.0-4.0 Hz) on channel 131
      Warning: No frequencies found for delta (1.0-4.0 Hz) on channel 132
      Warning: No frequencies found for delta (1.0-4.0 Hz) on channel 133
      Warning: No frequencies found for delta (1.0-4.0 Hz) on channel 134
      Warning: No frequencies found for delta (1.0-4.0 Hz) on channel 135
      Warning: No frequencies found for delta (1.0-4.0 Hz) on channel 136
      Warning: No frequencies found for delta (1.0-4.0 Hz) on channel 137
      Warning: No frequencies found for delta (1.0-4.0 Hz) on channel 138
      Warning: No frequencies found for delta (1.0-4.0 Hz) on channel 139
      Warning: No frequencies found for delta (1.0-4.0 Hz) on channel 140
      Warning: No frequencies found for delta (1.0-4.0 Hz) on channel 141
      Warning: No frequencies found for delta (1.0-4.0 Hz) on channel 142
      Warning: No frequencies found for delta (1.0-4.0 Hz) on channel 143
      Warning: No frequencies found for delta (1.0-4.0 Hz) on channel 144
      Warning: No frequencies found for delta (1.0-4.0 Hz) on channel 145
      Warning: No frequencies found for delta (1.0-4.0 Hz) on channel 146
      Warning: No frequencies found for delta (1.0-4.0 Hz) on channel 147
      Warning: No frequencies found for delta (1.0-4.0 Hz) on channel 148
      Warning: No frequencies found for delta (1.0-4.0 Hz) on channel 149
      Warning: No frequencies found for delta (1.0-4.0 Hz) on channel 150
      Warning: No frequencies found for delta (1.0-4.0 Hz) on channel 151
      Warning: No frequencies found for delta (1.0-4.0 Hz) on channel 152
      Warning: No frequencies found for delta (1.0-4.0 Hz) on channel 153
      Warning: No frequencies found for delta (1.0-4.0 Hz) on channel 154
      Warning: No frequencies found for delta (1.0-4.0 Hz) on channel 155
      Warning: No frequencies found for delta (1.0-4.0 Hz) on channel 156
      Warning: No frequencies found for delta (1.0-4.0 Hz) on channel 157
      Warning: No frequencies found for delta (1.0-4.0 Hz) on channel 158
      Warning: No frequencies found for delta (1.0-4.0 Hz) on channel 159
      Warning: No frequencies found for delta (1.0-4.0 Hz) on channel 160
      Warning: No frequencies found for delta (1.0-4.0 Hz) on channel 161
      Warning: No frequencies found for delta (1.0-4.0 Hz) on channel 162
      Warning: No frequencies found for delta (1.0-4.0 Hz) on channel 163
      Warning: No frequencies found for delta (1.0-4.0 Hz) on channel 164
    Chunk 23/63 (36.5%)      Warning: No frequencies found for delta (1.0-4.0 Hz) on channel 0
      Warning: No frequencies found for delta (1.0-4.0 Hz) on channel 1
      Warning: No frequencies found for delta (1.0-4.0 Hz) on channel 2
      Warning: No frequencies found for delta (1.0-4.0 Hz) on channel 3
      Warning: No frequencies found for delta (1.0-4.0 Hz) on channel 4
      Warning: No frequencies found for delta (1.0-4.0 Hz) on channel 5
      Warning: No frequencies found for delta (1.0-4.0 Hz) on channel 6
      Warning: No frequencies found for delta (1.0-4.0 Hz) on channel 7
      Warning: No frequencies found for delta (1.0-4.0 Hz) on channel 8
      Warning: No frequencies found for delta (1.0-4.0 Hz) on channel 9
      Warning: No frequencies found for delta (1.0-4.0 Hz) on channel 10
      Warning: No frequencies found for delta (1.0-4.0 Hz) on channel 11
      Warning: No frequencies found for delta (1.0-4.0 Hz) on channel 12
      Warning: No frequencies found for delta (1.0-4.0 Hz) on channel 13
      Warning: No frequencies found for delta (1.0-4.0 Hz) on channel 14
      Warning: No frequencies found for delta (1.0-4.0 Hz) on channel 15
      Warning: No frequencies found for delta (1.0-4.0 Hz) on channel 16
      Warning: No frequencies found for delta (1.0-4.0 Hz) on channel 17
      Warning: No frequencies found for delta (1.0-4.0 Hz) on channel 18
      Warning: No frequencies found for delta (1.0-4.0 Hz) on channel 19
      Warning: No frequencies found for delta (1.0-4.0 Hz) on channel 20
      Warning: No frequencies found for delta (1.0-4.0 Hz) on channel 21
      Warning: No frequencies found for delta (1.0-4.0 Hz) on channel 22
      Warning: No frequencies found for delta (1.0-4.0 Hz) on channel 23
      Warning: No frequencies found for delta (1.0-4.0 Hz) on channel 24
      Warning: No frequencies found for delta (1.0-4.0 Hz) on channel 25
      Warning: No frequencies found for delta (1.0-4.0 Hz) on channel 26
      Warning: No frequencies found for delta (1.0-4.0 Hz) on channel 27
      Warning: No frequencies found for delta (1.0-4.0 Hz) on channel 28
      Warning: No frequencies found for delta (1.0-4.0 Hz) on channel 29
      Warning: No frequencies found for delta (1.0-4.0 Hz) on channel 30
      Warning: No frequencies found for delta (1.0-4.0 Hz) on channel 31
      Warning: No frequencies found for delta (1.0-4.0 Hz) on channel 32
      Warning: No frequencies found for delta (1.0-4.0 Hz) on channel 33
      Warning: No frequencies found for delta (1.0-4.0 Hz) on channel 34
      Warning: No frequencies found for delta (1.0-4.0 Hz) on channel 35
      Warning: No frequencies found for delta (1.0-4.0 Hz) on channel 36
      Warning: No frequencies found for delta (1.0-4.0 Hz) on channel 37
      Warning: No frequencies found for delta (1.0-4.0 Hz) on channel 38
      Warning: No frequencies found for delta (1.0-4.0 Hz) on channel 39
      Warning: No frequencies found for delta (1.0-4.0 Hz) on channel 40
      Warning: No frequencies found for delta (1.0-4.0 Hz) on channel 41
      Warning: No frequencies found for delta (1.0-4.0 Hz) on channel 42
      Warning: No frequencies found for delta (1.0-4.0 Hz) on channel 43
      Warning: No frequencies found for delta (1.0-4.0 Hz) on channel 44
      Warning: No frequencies found for delta (1.0-4.0 Hz) on channel 45
      Warning: No frequencies found for delta (1.0-4.0 Hz) on channel 46
      Warning: No frequencies found for delta (1.0-4.0 Hz) on channel 47
      Warning: No frequencies found for delta (1.0-4.0 Hz) on channel 48
      Warning: No frequencies found for delta (1.0-4.0 Hz) on channel 49
      Warning: No frequencies found for delta (1.0-4.0 Hz) on channel 50
      Warning: No frequencies found for delta (1.0-4.0 Hz) on channel 51
      Warning: No frequencies found for delta (1.0-4.0 Hz) on channel 52
      Warning: No frequencies found for delta (1.0-4.0 Hz) on channel 53
      Warning: No frequencies found for delta (1.0-4.0 Hz) on channel 54
      Warning: No frequencies found for delta (1.0-4.0 Hz) on channel 55
      Warning: No frequencies found for delta (1.0-4.0 Hz) on channel 56
      Warning: No frequencies found for delta (1.0-4.0 Hz) on channel 57
      Warning: No frequencies found for delta (1.0-4.0 Hz) on channel 58
      Warning: No frequencies found for delta (1.0-4.0 Hz) on channel 59
      Warning: No frequencies found for delta (1.0-4.0 Hz) on channel 60
      Warning: No frequencies found for delta (1.0-4.0 Hz) on channel 61
      Warning: No frequencies found for delta (1.0-4.0 Hz) on channel 62
      Warning: No frequencies found for delta (1.0-4.0 Hz) on channel 63
      Warning: No frequencies found for delta (1.0-4.0 Hz) on channel 64
      Warning: No frequencies found for delta (1.0-4.0 Hz) on channel 65
      Warning: No frequencies found for delta (1.0-4.0 Hz) on channel 66
      Warning: No frequencies found for delta (1.0-4.0 Hz) on channel 67
      Warning: No frequencies found for delta (1.0-4.0 Hz) on channel 68
      Warning: No frequencies found for delta (1.0-4.0 Hz) on channel 69
      Warning: No frequencies found for delta (1.0-4.0 Hz) on channel 70
      Warning: No frequencies found for delta (1.0-4.0 Hz) on channel 71
      Warning: No frequencies found for delta (1.0-4.0 Hz) on channel 72
      Warning: No frequencies found for delta (1.0-4.0 Hz) on channel 73
      Warning: No frequencies found for delta (1.0-4.0 Hz) on channel 74
      Warning: No frequencies found for delta (1.0-4.0 Hz) on channel 75
      Warning: No frequencies found for delta (1.0-4.0 Hz) on channel 76
      Warning: No frequencies found for delta (1.0-4.0 Hz) on channel 77
      Warning: No frequencies found for delta (1.0-4.0 Hz) on channel 78
      Warning: No frequencies found for delta (1.0-4.0 Hz) on channel 79
      Warning: No frequencies found for delta (1.0-4.0 Hz) on channel 80
      Warning: No frequencies found for delta (1.0-4.0 Hz) on channel 81
      Warning: No frequencies found for delta (1.0-4.0 Hz) on channel 82
      Warning: No frequencies found for delta (1.0-4.0 Hz) on channel 83
      Warning: No frequencies found for delta (1.0-4.0 Hz) on channel 84
      Warning: No frequencies found for delta (1.0-4.0 Hz) on channel 85
      Warning: No frequencies found for delta (1.0-4.0 Hz) on channel 86
      Warning: No frequencies found for delta (1.0-4.0 Hz) on channel 87
      Warning: No frequencies found for delta (1.0-4.0 Hz) on channel 88
      Warning: No frequencies found for delta (1.0-4.0 Hz) on channel 89
      Warning: No frequencies found for delta (1.0-4.0 Hz) on channel 90
      Warning: No frequencies found for delta (1.0-4.0 Hz) on channel 91
      Warning: No frequencies found for delta (1.0-4.0 Hz) on channel 92
      Warning: No frequencies found for delta (1.0-4.0 Hz) on channel 93
      Warning: No frequencies found for delta (1.0-4.0 Hz) on channel 94
      Warning: No frequencies found for delta (1.0-4.0 Hz) on channel 95
      Warning: No frequencies found for delta (1.0-4.0 Hz) on channel 96
      Warning: No frequencies found for delta (1.0-4.0 Hz) on channel 97
      Warning: No frequencies found for delta (1.0-4.0 Hz) on channel 98
      Warning: No frequencies found for delta (1.0-4.0 Hz) on channel 99
      Warning: No frequencies found for delta (1.0-4.0 Hz) on channel 100
      Warning: No frequencies found for delta (1.0-4.0 Hz) on channel 101
      Warning: No frequencies found for delta (1.0-4.0 Hz) on channel 102
      Warning: No frequencies found for delta (1.0-4.0 Hz) on channel 103
      Warning: No frequencies found for delta (1.0-4.0 Hz) on channel 104
      Warning: No frequencies found for delta (1.0-4.0 Hz) on channel 105
      Warning: No frequencies found for delta (1.0-4.0 Hz) on channel 106
      Warning: No frequencies found for delta (1.0-4.0 Hz) on channel 107
      Warning: No frequencies found for delta (1.0-4.0 Hz) on channel 108
      Warning: No frequencies found for delta (1.0-4.0 Hz) on channel 109
      Warning: No frequencies found for delta (1.0-4.0 Hz) on channel 110
      Warning: No frequencies found for delta (1.0-4.0 Hz) on channel 111
      Warning: No frequencies found for delta (1.0-4.0 Hz) on channel 112
      Warning: No frequencies found for delta (1.0-4.0 Hz) on channel 113
      Warning: No frequencies found for delta (1.0-4.0 Hz) on channel 114
      Warning: No frequencies found for delta (1.0-4.0 Hz) on channel 115
      Warning: No frequencies found for delta (1.0-4.0 Hz) on channel 116
      Warning: No frequencies found for delta (1.0-4.0 Hz) on channel 117
      Warning: No frequencies found for delta (1.0-4.0 Hz) on channel 118
      Warning: No frequencies found for delta (1.0-4.0 Hz) on channel 119
      Warning: No frequencies found for delta (1.0-4.0 Hz) on channel 120
      Warning: No frequencies found for delta (1.0-4.0 Hz) on channel 121
      Warning: No frequencies found for delta (1.0-4.0 Hz) on channel 122
      Warning: No frequencies found for delta (1.0-4.0 Hz) on channel 123
      Warning: No frequencies found for delta (1.0-4.0 Hz) on channel 124
      Warning: No frequencies found for delta (1.0-4.0 Hz) on channel 125
      Warning: No frequencies found for delta (1.0-4.0 Hz) on channel 126
      Warning: No frequencies found for delta (1.0-4.0 Hz) on channel 127
      Warning: No frequencies found for delta (1.0-4.0 Hz) on channel 128
      Warning: No frequencies found for delta (1.0-4.0 Hz) on channel 129
      Warning: No frequencies found for delta (1.0-4.0 Hz) on channel 130
      Warning: No frequencies found for delta (1.0-4.0 Hz) on channel 131
      Warning: No frequencies found for delta (1.0-4.0 Hz) on channel 132
      Warning: No frequencies found for delta (1.0-4.0 Hz) on channel 133
      Warning: No frequencies found for delta (1.0-4.0 Hz) on channel 134
      Warning: No frequencies found for delta (1.0-4.0 Hz) on channel 135
      Warning: No frequencies found for delta (1.0-4.0 Hz) on channel 136
      Warning: No frequencies found for delta (1.0-4.0 Hz) on channel 137
      Warning: No frequencies found for delta (1.0-4.0 Hz) on channel 138
      Warning: No frequencies found for delta (1.0-4.0 Hz) on channel 139
      Warning: No frequencies found for delta (1.0-4.0 Hz) on channel 140
      Warning: No frequencies found for delta (1.0-4.0 Hz) on channel 141
      Warning: No frequencies found for delta (1.0-4.0 Hz) on channel 142
      Warning: No frequencies found for delta (1.0-4.0 Hz) on channel 143
      Warning: No frequencies found for delta (1.0-4.0 Hz) on channel 144
      Warning: No frequencies found for delta (1.0-4.0 Hz) on channel 145
      Warning: No frequencies found for delta (1.0-4.0 Hz) on channel 146
      Warning: No frequencies found for delta (1.0-4.0 Hz) on channel 147
      Warning: No frequencies found for delta (1.0-4.0 Hz) on channel 148
      Warning: No frequencies found for delta (1.0-4.0 Hz) on channel 149
      Warning: No frequencies found for delta (1.0-4.0 Hz) on channel 150
      Warning: No frequencies found for delta (1.0-4.0 Hz) on channel 151
      Warning: No frequencies found for delta (1.0-4.0 Hz) on channel 152
      Warning: No frequencies found for delta (1.0-4.0 Hz) on channel 153
      Warning: No frequencies found for delta (1.0-4.0 Hz) on channel 154
      Warning: No frequencies found for delta (1.0-4.0 Hz) on channel 155
      Warning: No frequencies found for delta (1.0-4.0 Hz) on channel 156
      Warning: No frequencies found for delta (1.0-4.0 Hz) on channel 157
      Warning: No frequencies found for delta (1.0-4.0 Hz) on channel 158
      Warning: No frequencies found for delta (1.0-4.0 Hz) on channel 159
      Warning: No frequencies found for delta (1.0-4.0 Hz) on channel 160
      Warning: No frequencies found for delta (1.0-4.0 Hz) on channel 161
      Warning: No frequencies found for delta (1.0-4.0 Hz) on channel 162
      Warning: No frequencies found for delta (1.0-4.0 Hz) on channel 163
      Warning: No frequencies found for delta (1.0-4.0 Hz) on channel 164
    Chunk 24/63 (38.1%)      Warning: No frequencies found for delta (1.0-4.0 Hz) on channel 0
      Warning: No frequencies found for delta (1.0-4.0 Hz) on channel 1
      Warning: No frequencies found for delta (1.0-4.0 Hz) on channel 2
      Warning: No frequencies found for delta (1.0-4.0 Hz) on channel 3
      Warning: No frequencies found for delta (1.0-4.0 Hz) on channel 4
      Warning: No frequencies found for delta (1.0-4.0 Hz) on channel 5
      Warning: No frequencies found for delta (1.0-4.0 Hz) on channel 6
      Warning: No frequencies found for delta (1.0-4.0 Hz) on channel 7
      Warning: No frequencies found for delta (1.0-4.0 Hz) on channel 8
      Warning: No frequencies found for delta (1.0-4.0 Hz) on channel 9
      Warning: No frequencies found for delta (1.0-4.0 Hz) on channel 10
      Warning: No frequencies found for delta (1.0-4.0 Hz) on channel 11
      Warning: No frequencies found for delta (1.0-4.0 Hz) on channel 12
      Warning: No frequencies found for delta (1.0-4.0 Hz) on channel 13
      Warning: No frequencies found for delta (1.0-4.0 Hz) on channel 14
      Warning: No frequencies found for delta (1.0-4.0 Hz) on channel 15
      Warning: No frequencies found for delta (1.0-4.0 Hz) on channel 16
      Warning: No frequencies found for delta (1.0-4.0 Hz) on channel 17
      Warning: No frequencies found for delta (1.0-4.0 Hz) on channel 18
      Warning: No frequencies found for delta (1.0-4.0 Hz) on channel 19
      Warning: No frequencies found for delta (1.0-4.0 Hz) on channel 20
      Warning: No frequencies found for delta (1.0-4.0 Hz) on channel 21
      Warning: No frequencies found for delta (1.0-4.0 Hz) on channel 22
      Warning: No frequencies found for delta (1.0-4.0 Hz) on channel 23
      Warning: No frequencies found for delta (1.0-4.0 Hz) on channel 24
      Warning: No frequencies found for delta (1.0-4.0 Hz) on channel 25
      Warning: No frequencies found for delta (1.0-4.0 Hz) on channel 26
      Warning: No frequencies found for delta (1.0-4.0 Hz) on channel 27
      Warning: No frequencies found for delta (1.0-4.0 Hz) on channel 28
      Warning: No frequencies found for delta (1.0-4.0 Hz) on channel 29
      Warning: No frequencies found for delta (1.0-4.0 Hz) on channel 30
      Warning: No frequencies found for delta (1.0-4.0 Hz) on channel 31
      Warning: No frequencies found for delta (1.0-4.0 Hz) on channel 32
      Warning: No frequencies found for delta (1.0-4.0 Hz) on channel 33
      Warning: No frequencies found for delta (1.0-4.0 Hz) on channel 34
      Warning: No frequencies found for delta (1.0-4.0 Hz) on channel 35
      Warning: No frequencies found for delta (1.0-4.0 Hz) on channel 36
      Warning: No frequencies found for delta (1.0-4.0 Hz) on channel 37
      Warning: No frequencies found for delta (1.0-4.0 Hz) on channel 38
      Warning: No frequencies found for delta (1.0-4.0 Hz) on channel 39
      Warning: No frequencies found for delta (1.0-4.0 Hz) on channel 40
      Warning: No frequencies found for delta (1.0-4.0 Hz) on channel 41
      Warning: No frequencies found for delta (1.0-4.0 Hz) on channel 42
      Warning: No frequencies found for delta (1.0-4.0 Hz) on channel 43
      Warning: No frequencies found for delta (1.0-4.0 Hz) on channel 44
      Warning: No frequencies found for delta (1.0-4.0 Hz) on channel 45
      Warning: No frequencies found for delta (1.0-4.0 Hz) on channel 46
      Warning: No frequencies found for delta (1.0-4.0 Hz) on channel 47
      Warning: No frequencies found for delta (1.0-4.0 Hz) on channel 48
      Warning: No frequencies found for delta (1.0-4.0 Hz) on channel 49
      Warning: No frequencies found for delta (1.0-4.0 Hz) on channel 50
      Warning: No frequencies found for delta (1.0-4.0 Hz) on channel 51
      Warning: No frequencies found for delta (1.0-4.0 Hz) on channel 52
      Warning: No frequencies found for delta (1.0-4.0 Hz) on channel 53
      Warning: No frequencies found for delta (1.0-4.0 Hz) on channel 54
      Warning: No frequencies found for delta (1.0-4.0 Hz) on channel 55
      Warning: No frequencies found for delta (1.0-4.0 Hz) on channel 56
      Warning: No frequencies found for delta (1.0-4.0 Hz) on channel 57
      Warning: No frequencies found for delta (1.0-4.0 Hz) on channel 58
      Warning: No frequencies found for delta (1.0-4.0 Hz) on channel 59
      Warning: No frequencies found for delta (1.0-4.0 Hz) on channel 60
      Warning: No frequencies found for delta (1.0-4.0 Hz) on channel 61
      Warning: No frequencies found for delta (1.0-4.0 Hz) on channel 62
      Warning: No frequencies found for delta (1.0-4.0 Hz) on channel 63
      Warning: No frequencies found for delta (1.0-4.0 Hz) on channel 64
      Warning: No frequencies found for delta (1.0-4.0 Hz) on channel 65
      Warning: No frequencies found for delta (1.0-4.0 Hz) on channel 66
      Warning: No frequencies found for delta (1.0-4.0 Hz) on channel 67
      Warning: No frequencies found for delta (1.0-4.0 Hz) on channel 68
      Warning: No frequencies found for delta (1.0-4.0 Hz) on channel 69
      Warning: No frequencies found for delta (1.0-4.0 Hz) on channel 70
      Warning: No frequencies found for delta (1.0-4.0 Hz) on channel 71
      Warning: No frequencies found for delta (1.0-4.0 Hz) on channel 72
      Warning: No frequencies found for delta (1.0-4.0 Hz) on channel 73
      Warning: No frequencies found for delta (1.0-4.0 Hz) on channel 74
      Warning: No frequencies found for delta (1.0-4.0 Hz) on channel 75
      Warning: No frequencies found for delta (1.0-4.0 Hz) on channel 76
      Warning: No frequencies found for delta (1.0-4.0 Hz) on channel 77
      Warning: No frequencies found for delta (1.0-4.0 Hz) on channel 78
      Warning: No frequencies found for delta (1.0-4.0 Hz) on channel 79
      Warning: No frequencies found for delta (1.0-4.0 Hz) on channel 80
      Warning: No frequencies found for delta (1.0-4.0 Hz) on channel 81
      Warning: No frequencies found for delta (1.0-4.0 Hz) on channel 82
      Warning: No frequencies found for delta (1.0-4.0 Hz) on channel 83
      Warning: No frequencies found for delta (1.0-4.0 Hz) on channel 84
      Warning: No frequencies found for delta (1.0-4.0 Hz) on channel 85
      Warning: No frequencies found for delta (1.0-4.0 Hz) on channel 86
      Warning: No frequencies found for delta (1.0-4.0 Hz) on channel 87
      Warning: No frequencies found for delta (1.0-4.0 Hz) on channel 88
      Warning: No frequencies found for delta (1.0-4.0 Hz) on channel 89
      Warning: No frequencies found for delta (1.0-4.0 Hz) on channel 90
      Warning: No frequencies found for delta (1.0-4.0 Hz) on channel 91
      Warning: No frequencies found for delta (1.0-4.0 Hz) on channel 92
      Warning: No frequencies found for delta (1.0-4.0 Hz) on channel 93
      Warning: No frequencies found for delta (1.0-4.0 Hz) on channel 94
      Warning: No frequencies found for delta (1.0-4.0 Hz) on channel 95
      Warning: No frequencies found for delta (1.0-4.0 Hz) on channel 96
      Warning: No frequencies found for delta (1.0-4.0 Hz) on channel 97
      Warning: No frequencies found for delta (1.0-4.0 Hz) on channel 98
      Warning: No frequencies found for delta (1.0-4.0 Hz) on channel 99
      Warning: No frequencies found for delta (1.0-4.0 Hz) on channel 100
      Warning: No frequencies found for delta (1.0-4.0 Hz) on channel 101
      Warning: No frequencies found for delta (1.0-4.0 Hz) on channel 102
      Warning: No frequencies found for delta (1.0-4.0 Hz) on channel 103
      Warning: No frequencies found for delta (1.0-4.0 Hz) on channel 104
      Warning: No frequencies found for delta (1.0-4.0 Hz) on channel 105
      Warning: No frequencies found for delta (1.0-4.0 Hz) on channel 106
      Warning: No frequencies found for delta (1.0-4.0 Hz) on channel 107
      Warning: No frequencies found for delta (1.0-4.0 Hz) on channel 108
      Warning: No frequencies found for delta (1.0-4.0 Hz) on channel 109
      Warning: No frequencies found for delta (1.0-4.0 Hz) on channel 110
      Warning: No frequencies found for delta (1.0-4.0 Hz) on channel 111
      Warning: No frequencies found for delta (1.0-4.0 Hz) on channel 112
      Warning: No frequencies found for delta (1.0-4.0 Hz) on channel 113
      Warning: No frequencies found for delta (1.0-4.0 Hz) on channel 114
      Warning: No frequencies found for delta (1.0-4.0 Hz) on channel 115
      Warning: No frequencies found for delta (1.0-4.0 Hz) on channel 116
      Warning: No frequencies found for delta (1.0-4.0 Hz) on channel 117
      Warning: No frequencies found for delta (1.0-4.0 Hz) on channel 118
      Warning: No frequencies found for delta (1.0-4.0 Hz) on channel 119
      Warning: No frequencies found for delta (1.0-4.0 Hz) on channel 120
      Warning: No frequencies found for delta (1.0-4.0 Hz) on channel 121
      Warning: No frequencies found for delta (1.0-4.0 Hz) on channel 122
      Warning: No frequencies found for delta (1.0-4.0 Hz) on channel 123
      Warning: No frequencies found for delta (1.0-4.0 Hz) on channel 124
      Warning: No frequencies found for delta (1.0-4.0 Hz) on channel 125
      Warning: No frequencies found for delta (1.0-4.0 Hz) on channel 126
      Warning: No frequencies found for delta (1.0-4.0 Hz) on channel 127
      Warning: No frequencies found for delta (1.0-4.0 Hz) on channel 128
      Warning: No frequencies found for delta (1.0-4.0 Hz) on channel 129
      Warning: No frequencies found for delta (1.0-4.0 Hz) on channel 130
      Warning: No frequencies found for delta (1.0-4.0 Hz) on channel 131
      Warning: No frequencies found for delta (1.0-4.0 Hz) on channel 132
      Warning: No frequencies found for delta (1.0-4.0 Hz) on channel 133
      Warning: No frequencies found for delta (1.0-4.0 Hz) on channel 134
      Warning: No frequencies found for delta (1.0-4.0 Hz) on channel 135
      Warning: No frequencies found for delta (1.0-4.0 Hz) on channel 136
      Warning: No frequencies found for delta (1.0-4.0 Hz) on channel 137
      Warning: No frequencies found for delta (1.0-4.0 Hz) on channel 138
      Warning: No frequencies found for delta (1.0-4.0 Hz) on channel 139
      Warning: No frequencies found for delta (1.0-4.0 Hz) on channel 140
      Warning: No frequencies found for delta (1.0-4.0 Hz) on channel 141
      Warning: No frequencies found for delta (1.0-4.0 Hz) on channel 142
      Warning: No frequencies found for delta (1.0-4.0 Hz) on channel 143
      Warning: No frequencies found for delta (1.0-4.0 Hz) on channel 144
      Warning: No frequencies found for delta (1.0-4.0 Hz) on channel 145
      Warning: No frequencies found for delta (1.0-4.0 Hz) on channel 146
      Warning: No frequencies found for delta (1.0-4.0 Hz) on channel 147
      Warning: No frequencies found for delta (1.0-4.0 Hz) on channel 148
      Warning: No frequencies found for delta (1.0-4.0 Hz) on channel 149
      Warning: No frequencies found for delta (1.0-4.0 Hz) on channel 150
      Warning: No frequencies found for delta (1.0-4.0 Hz) on channel 151
      Warning: No frequencies found for delta (1.0-4.0 Hz) on channel 152
      Warning: No frequencies found for delta (1.0-4.0 Hz) on channel 153
      Warning: No frequencies found for delta (1.0-4.0 Hz) on channel 154
      Warning: No frequencies found for delta (1.0-4.0 Hz) on channel 155
      Warning: No frequencies found for delta (1.0-4.0 Hz) on channel 156
      Warning: No frequencies found for delta (1.0-4.0 Hz) on channel 157
      Warning: No frequencies found for delta (1.0-4.0 Hz) on channel 158
      Warning: No frequencies found for delta (1.0-4.0 Hz) on channel 159
      Warning: No frequencies found for delta (1.0-4.0 Hz) on channel 160
      Warning: No frequencies found for delta (1.0-4.0 Hz) on channel 161
      Warning: No frequencies found for delta (1.0-4.0 Hz) on channel 162
      Warning: No frequencies found for delta (1.0-4.0 Hz) on channel 163
      Warning: No frequencies found for delta (1.0-4.0 Hz) on channel 164
    Chunk 25/63 (39.7%)      Warning: No frequencies found for delta (1.0-4.0 Hz) on channel 0
      Warning: No frequencies found for delta (1.0-4.0 Hz) on channel 1
      Warning: No frequencies found for delta (1.0-4.0 Hz) on channel 2
      Warning: No frequencies found for delta (1.0-4.0 Hz) on channel 3
      Warning: No frequencies found for delta (1.0-4.0 Hz) on channel 4
      Warning: No frequencies found for delta (1.0-4.0 Hz) on channel 5
      Warning: No frequencies found for delta (1.0-4.0 Hz) on channel 6
      Warning: No frequencies found for delta (1.0-4.0 Hz) on channel 7
      Warning: No frequencies found for delta (1.0-4.0 Hz) on channel 8
      Warning: No frequencies found for delta (1.0-4.0 Hz) on channel 9
      Warning: No frequencies found for delta (1.0-4.0 Hz) on channel 10
      Warning: No frequencies found for delta (1.0-4.0 Hz) on channel 11
      Warning: No frequencies found for delta (1.0-4.0 Hz) on channel 12
      Warning: No frequencies found for delta (1.0-4.0 Hz) on channel 13
      Warning: No frequencies found for delta (1.0-4.0 Hz) on channel 14
      Warning: No frequencies found for delta (1.0-4.0 Hz) on channel 15
      Warning: No frequencies found for delta (1.0-4.0 Hz) on channel 16
      Warning: No frequencies found for delta (1.0-4.0 Hz) on channel 17
      Warning: No frequencies found for delta (1.0-4.0 Hz) on channel 18
      Warning: No frequencies found for delta (1.0-4.0 Hz) on channel 19
      Warning: No frequencies found for delta (1.0-4.0 Hz) on channel 20
      Warning: No frequencies found for delta (1.0-4.0 Hz) on channel 21
      Warning: No frequencies found for delta (1.0-4.0 Hz) on channel 22
      Warning: No frequencies found for delta (1.0-4.0 Hz) on channel 23
      Warning: No frequencies found for delta (1.0-4.0 Hz) on channel 24
      Warning: No frequencies found for delta (1.0-4.0 Hz) on channel 25
      Warning: No frequencies found for delta (1.0-4.0 Hz) on channel 26
      Warning: No frequencies found for delta (1.0-4.0 Hz) on channel 27
      Warning: No frequencies found for delta (1.0-4.0 Hz) on channel 28
      Warning: No frequencies found for delta (1.0-4.0 Hz) on channel 29
      Warning: No frequencies found for delta (1.0-4.0 Hz) on channel 30
      Warning: No frequencies found for delta (1.0-4.0 Hz) on channel 31
      Warning: No frequencies found for delta (1.0-4.0 Hz) on channel 32
      Warning: No frequencies found for delta (1.0-4.0 Hz) on channel 33
      Warning: No frequencies found for delta (1.0-4.0 Hz) on channel 34
      Warning: No frequencies found for delta (1.0-4.0 Hz) on channel 35
      Warning: No frequencies found for delta (1.0-4.0 Hz) on channel 36
      Warning: No frequencies found for delta (1.0-4.0 Hz) on channel 37
      Warning: No frequencies found for delta (1.0-4.0 Hz) on channel 38
      Warning: No frequencies found for delta (1.0-4.0 Hz) on channel 39
      Warning: No frequencies found for delta (1.0-4.0 Hz) on channel 40
      Warning: No frequencies found for delta (1.0-4.0 Hz) on channel 41
      Warning: No frequencies found for delta (1.0-4.0 Hz) on channel 42
      Warning: No frequencies found for delta (1.0-4.0 Hz) on channel 43
      Warning: No frequencies found for delta (1.0-4.0 Hz) on channel 44
      Warning: No frequencies found for delta (1.0-4.0 Hz) on channel 45
      Warning: No frequencies found for delta (1.0-4.0 Hz) on channel 46
      Warning: No frequencies found for delta (1.0-4.0 Hz) on channel 47
      Warning: No frequencies found for delta (1.0-4.0 Hz) on channel 48
      Warning: No frequencies found for delta (1.0-4.0 Hz) on channel 49
      Warning: No frequencies found for delta (1.0-4.0 Hz) on channel 50
      Warning: No frequencies found for delta (1.0-4.0 Hz) on channel 51
      Warning: No frequencies found for delta (1.0-4.0 Hz) on channel 52
      Warning: No frequencies found for delta (1.0-4.0 Hz) on channel 53
      Warning: No frequencies found for delta (1.0-4.0 Hz) on channel 54
      Warning: No frequencies found for delta (1.0-4.0 Hz) on channel 55
      Warning: No frequencies found for delta (1.0-4.0 Hz) on channel 56
      Warning: No frequencies found for delta (1.0-4.0 Hz) on channel 57
      Warning: No frequencies found for delta (1.0-4.0 Hz) on channel 58
      Warning: No frequencies found for delta (1.0-4.0 Hz) on channel 59
      Warning: No frequencies found for delta (1.0-4.0 Hz) on channel 60
      Warning: No frequencies found for delta (1.0-4.0 Hz) on channel 61
      Warning: No frequencies found for delta (1.0-4.0 Hz) on channel 62
      Warning: No frequencies found for delta (1.0-4.0 Hz) on channel 63
      Warning: No frequencies found for delta (1.0-4.0 Hz) on channel 64
      Warning: No frequencies found for delta (1.0-4.0 Hz) on channel 65
      Warning: No frequencies found for delta (1.0-4.0 Hz) on channel 66
      Warning: No frequencies found for delta (1.0-4.0 Hz) on channel 67
      Warning: No frequencies found for delta (1.0-4.0 Hz) on channel 68
      Warning: No frequencies found for delta (1.0-4.0 Hz) on channel 69
      Warning: No frequencies found for delta (1.0-4.0 Hz) on channel 70
      Warning: No frequencies found for delta (1.0-4.0 Hz) on channel 71
      Warning: No frequencies found for delta (1.0-4.0 Hz) on channel 72
      Warning: No frequencies found for delta (1.0-4.0 Hz) on channel 73
      Warning: No frequencies found for delta (1.0-4.0 Hz) on channel 74
      Warning: No frequencies found for delta (1.0-4.0 Hz) on channel 75
      Warning: No frequencies found for delta (1.0-4.0 Hz) on channel 76
      Warning: No frequencies found for delta (1.0-4.0 Hz) on channel 77
      Warning: No frequencies found for delta (1.0-4.0 Hz) on channel 78
      Warning: No frequencies found for delta (1.0-4.0 Hz) on channel 79
      Warning: No frequencies found for delta (1.0-4.0 Hz) on channel 80
      Warning: No frequencies found for delta (1.0-4.0 Hz) on channel 81
      Warning: No frequencies found for delta (1.0-4.0 Hz) on channel 82
      Warning: No frequencies found for delta (1.0-4.0 Hz) on channel 83
      Warning: No frequencies found for delta (1.0-4.0 Hz) on channel 84
      Warning: No frequencies found for delta (1.0-4.0 Hz) on channel 85
      Warning: No frequencies found for delta (1.0-4.0 Hz) on channel 86
      Warning: No frequencies found for delta (1.0-4.0 Hz) on channel 87
      Warning: No frequencies found for delta (1.0-4.0 Hz) on channel 88
      Warning: No frequencies found for delta (1.0-4.0 Hz) on channel 89
      Warning: No frequencies found for delta (1.0-4.0 Hz) on channel 90
      Warning: No frequencies found for delta (1.0-4.0 Hz) on channel 91
      Warning: No frequencies found for delta (1.0-4.0 Hz) on channel 92
      Warning: No frequencies found for delta (1.0-4.0 Hz) on channel 93
      Warning: No frequencies found for delta (1.0-4.0 Hz) on channel 94
      Warning: No frequencies found for delta (1.0-4.0 Hz) on channel 95
      Warning: No frequencies found for delta (1.0-4.0 Hz) on channel 96
      Warning: No frequencies found for delta (1.0-4.0 Hz) on channel 97
      Warning: No frequencies found for delta (1.0-4.0 Hz) on channel 98
      Warning: No frequencies found for delta (1.0-4.0 Hz) on channel 99
      Warning: No frequencies found for delta (1.0-4.0 Hz) on channel 100
      Warning: No frequencies found for delta (1.0-4.0 Hz) on channel 101
      Warning: No frequencies found for delta (1.0-4.0 Hz) on channel 102
      Warning: No frequencies found for delta (1.0-4.0 Hz) on channel 103
      Warning: No frequencies found for delta (1.0-4.0 Hz) on channel 104
      Warning: No frequencies found for delta (1.0-4.0 Hz) on channel 105
      Warning: No frequencies found for delta (1.0-4.0 Hz) on channel 106
      Warning: No frequencies found for delta (1.0-4.0 Hz) on channel 107
      Warning: No frequencies found for delta (1.0-4.0 Hz) on channel 108
      Warning: No frequencies found for delta (1.0-4.0 Hz) on channel 109
      Warning: No frequencies found for delta (1.0-4.0 Hz) on channel 110
      Warning: No frequencies found for delta (1.0-4.0 Hz) on channel 111
      Warning: No frequencies found for delta (1.0-4.0 Hz) on channel 112
      Warning: No frequencies found for delta (1.0-4.0 Hz) on channel 113
      Warning: No frequencies found for delta (1.0-4.0 Hz) on channel 114
      Warning: No frequencies found for delta (1.0-4.0 Hz) on channel 115
      Warning: No frequencies found for delta (1.0-4.0 Hz) on channel 116
      Warning: No frequencies found for delta (1.0-4.0 Hz) on channel 117
      Warning: No frequencies found for delta (1.0-4.0 Hz) on channel 118
      Warning: No frequencies found for delta (1.0-4.0 Hz) on channel 119
      Warning: No frequencies found for delta (1.0-4.0 Hz) on channel 120
      Warning: No frequencies found for delta (1.0-4.0 Hz) on channel 121
      Warning: No frequencies found for delta (1.0-4.0 Hz) on channel 122
      Warning: No frequencies found for delta (1.0-4.0 Hz) on channel 123
      Warning: No frequencies found for delta (1.0-4.0 Hz) on channel 124
      Warning: No frequencies found for delta (1.0-4.0 Hz) on channel 125
      Warning: No frequencies found for delta (1.0-4.0 Hz) on channel 126
      Warning: No frequencies found for delta (1.0-4.0 Hz) on channel 127
      Warning: No frequencies found for delta (1.0-4.0 Hz) on channel 128
      Warning: No frequencies found for delta (1.0-4.0 Hz) on channel 129
      Warning: No frequencies found for delta (1.0-4.0 Hz) on channel 130
      Warning: No frequencies found for delta (1.0-4.0 Hz) on channel 131
      Warning: No frequencies found for delta (1.0-4.0 Hz) on channel 132
      Warning: No frequencies found for delta (1.0-4.0 Hz) on channel 133
      Warning: No frequencies found for delta (1.0-4.0 Hz) on channel 134
      Warning: No frequencies found for delta (1.0-4.0 Hz) on channel 135
      Warning: No frequencies found for delta (1.0-4.0 Hz) on channel 136
      Warning: No frequencies found for delta (1.0-4.0 Hz) on channel 137
      Warning: No frequencies found for delta (1.0-4.0 Hz) on channel 138
      Warning: No frequencies found for delta (1.0-4.0 Hz) on channel 139
      Warning: No frequencies found for delta (1.0-4.0 Hz) on channel 140
      Warning: No frequencies found for delta (1.0-4.0 Hz) on channel 141
      Warning: No frequencies found for delta (1.0-4.0 Hz) on channel 142
      Warning: No frequencies found for delta (1.0-4.0 Hz) on channel 143
      Warning: No frequencies found for delta (1.0-4.0 Hz) on channel 144
      Warning: No frequencies found for delta (1.0-4.0 Hz) on channel 145
      Warning: No frequencies found for delta (1.0-4.0 Hz) on channel 146
      Warning: No frequencies found for delta (1.0-4.0 Hz) on channel 147
      Warning: No frequencies found for delta (1.0-4.0 Hz) on channel 148
      Warning: No frequencies found for delta (1.0-4.0 Hz) on channel 149
      Warning: No frequencies found for delta (1.0-4.0 Hz) on channel 150
      Warning: No frequencies found for delta (1.0-4.0 Hz) on channel 151
      Warning: No frequencies found for delta (1.0-4.0 Hz) on channel 152
      Warning: No frequencies found for delta (1.0-4.0 Hz) on channel 153
      Warning: No frequencies found for delta (1.0-4.0 Hz) on channel 154
      Warning: No frequencies found for delta (1.0-4.0 Hz) on channel 155
      Warning: No frequencies found for delta (1.0-4.0 Hz) on channel 156
      Warning: No frequencies found for delta (1.0-4.0 Hz) on channel 157
      Warning: No frequencies found for delta (1.0-4.0 Hz) on channel 158
      Warning: No frequencies found for delta (1.0-4.0 Hz) on channel 159
      Warning: No frequencies found for delta (1.0-4.0 Hz) on channel 160
      Warning: No frequencies found for delta (1.0-4.0 Hz) on channel 161
      Warning: No frequencies found for delta (1.0-4.0 Hz) on channel 162
      Warning: No frequencies found for delta (1.0-4.0 Hz) on channel 163
      Warning: No frequencies found for delta (1.0-4.0 Hz) on channel 164
    Chunk 26/63 (41.3%)      Warning: No frequencies found for delta (1.0-4.0 Hz) on channel 0
      Warning: No frequencies found for delta (1.0-4.0 Hz) on channel 1
      Warning: No frequencies found for delta (1.0-4.0 Hz) on channel 2
      Warning: No frequencies found for delta (1.0-4.0 Hz) on channel 3
      Warning: No frequencies found for delta (1.0-4.0 Hz) on channel 4
      Warning: No frequencies found for delta (1.0-4.0 Hz) on channel 5
      Warning: No frequencies found for delta (1.0-4.0 Hz) on channel 6
      Warning: No frequencies found for delta (1.0-4.0 Hz) on channel 7
      Warning: No frequencies found for delta (1.0-4.0 Hz) on channel 8
      Warning: No frequencies found for delta (1.0-4.0 Hz) on channel 9
      Warning: No frequencies found for delta (1.0-4.0 Hz) on channel 10
      Warning: No frequencies found for delta (1.0-4.0 Hz) on channel 11
      Warning: No frequencies found for delta (1.0-4.0 Hz) on channel 12
      Warning: No frequencies found for delta (1.0-4.0 Hz) on channel 13
      Warning: No frequencies found for delta (1.0-4.0 Hz) on channel 14
      Warning: No frequencies found for delta (1.0-4.0 Hz) on channel 15
      Warning: No frequencies found for delta (1.0-4.0 Hz) on channel 16
      Warning: No frequencies found for delta (1.0-4.0 Hz) on channel 17
      Warning: No frequencies found for delta (1.0-4.0 Hz) on channel 18
      Warning: No frequencies found for delta (1.0-4.0 Hz) on channel 19
      Warning: No frequencies found for delta (1.0-4.0 Hz) on channel 20
      Warning: No frequencies found for delta (1.0-4.0 Hz) on channel 21
      Warning: No frequencies found for delta (1.0-4.0 Hz) on channel 22
      Warning: No frequencies found for delta (1.0-4.0 Hz) on channel 23
      Warning: No frequencies found for delta (1.0-4.0 Hz) on channel 24
      Warning: No frequencies found for delta (1.0-4.0 Hz) on channel 25
      Warning: No frequencies found for delta (1.0-4.0 Hz) on channel 26
      Warning: No frequencies found for delta (1.0-4.0 Hz) on channel 27
      Warning: No frequencies found for delta (1.0-4.0 Hz) on channel 28
      Warning: No frequencies found for delta (1.0-4.0 Hz) on channel 29
      Warning: No frequencies found for delta (1.0-4.0 Hz) on channel 30
      Warning: No frequencies found for delta (1.0-4.0 Hz) on channel 31
      Warning: No frequencies found for delta (1.0-4.0 Hz) on channel 32
      Warning: No frequencies found for delta (1.0-4.0 Hz) on channel 33
      Warning: No frequencies found for delta (1.0-4.0 Hz) on channel 34
      Warning: No frequencies found for delta (1.0-4.0 Hz) on channel 35
      Warning: No frequencies found for delta (1.0-4.0 Hz) on channel 36
      Warning: No frequencies found for delta (1.0-4.0 Hz) on channel 37
      Warning: No frequencies found for delta (1.0-4.0 Hz) on channel 38
      Warning: No frequencies found for delta (1.0-4.0 Hz) on channel 39
      Warning: No frequencies found for delta (1.0-4.0 Hz) on channel 40
      Warning: No frequencies found for delta (1.0-4.0 Hz) on channel 41
      Warning: No frequencies found for delta (1.0-4.0 Hz) on channel 42
      Warning: No frequencies found for delta (1.0-4.0 Hz) on channel 43
      Warning: No frequencies found for delta (1.0-4.0 Hz) on channel 44
      Warning: No frequencies found for delta (1.0-4.0 Hz) on channel 45
      Warning: No frequencies found for delta (1.0-4.0 Hz) on channel 46
      Warning: No frequencies found for delta (1.0-4.0 Hz) on channel 47
      Warning: No frequencies found for delta (1.0-4.0 Hz) on channel 48
      Warning: No frequencies found for delta (1.0-4.0 Hz) on channel 49
      Warning: No frequencies found for delta (1.0-4.0 Hz) on channel 50
      Warning: No frequencies found for delta (1.0-4.0 Hz) on channel 51
      Warning: No frequencies found for delta (1.0-4.0 Hz) on channel 52
      Warning: No frequencies found for delta (1.0-4.0 Hz) on channel 53
      Warning: No frequencies found for delta (1.0-4.0 Hz) on channel 54
      Warning: No frequencies found for delta (1.0-4.0 Hz) on channel 55
      Warning: No frequencies found for delta (1.0-4.0 Hz) on channel 56
      Warning: No frequencies found for delta (1.0-4.0 Hz) on channel 57
      Warning: No frequencies found for delta (1.0-4.0 Hz) on channel 58
      Warning: No frequencies found for delta (1.0-4.0 Hz) on channel 59
      Warning: No frequencies found for delta (1.0-4.0 Hz) on channel 60
      Warning: No frequencies found for delta (1.0-4.0 Hz) on channel 61
      Warning: No frequencies found for delta (1.0-4.0 Hz) on channel 62
      Warning: No frequencies found for delta (1.0-4.0 Hz) on channel 63
      Warning: No frequencies found for delta (1.0-4.0 Hz) on channel 64
      Warning: No frequencies found for delta (1.0-4.0 Hz) on channel 65
      Warning: No frequencies found for delta (1.0-4.0 Hz) on channel 66
      Warning: No frequencies found for delta (1.0-4.0 Hz) on channel 67
      Warning: No frequencies found for delta (1.0-4.0 Hz) on channel 68
      Warning: No frequencies found for delta (1.0-4.0 Hz) on channel 69
      Warning: No frequencies found for delta (1.0-4.0 Hz) on channel 70
      Warning: No frequencies found for delta (1.0-4.0 Hz) on channel 71
      Warning: No frequencies found for delta (1.0-4.0 Hz) on channel 72
      Warning: No frequencies found for delta (1.0-4.0 Hz) on channel 73
      Warning: No frequencies found for delta (1.0-4.0 Hz) on channel 74
      Warning: No frequencies found for delta (1.0-4.0 Hz) on channel 75
      Warning: No frequencies found for delta (1.0-4.0 Hz) on channel 76
      Warning: No frequencies found for delta (1.0-4.0 Hz) on channel 77
      Warning: No frequencies found for delta (1.0-4.0 Hz) on channel 78
      Warning: No frequencies found for delta (1.0-4.0 Hz) on channel 79
      Warning: No frequencies found for delta (1.0-4.0 Hz) on channel 80
      Warning: No frequencies found for delta (1.0-4.0 Hz) on channel 81
      Warning: No frequencies found for delta (1.0-4.0 Hz) on channel 82
      Warning: No frequencies found for delta (1.0-4.0 Hz) on channel 83
      Warning: No frequencies found for delta (1.0-4.0 Hz) on channel 84
      Warning: No frequencies found for delta (1.0-4.0 Hz) on channel 85
      Warning: No frequencies found for delta (1.0-4.0 Hz) on channel 86
      Warning: No frequencies found for delta (1.0-4.0 Hz) on channel 87
      Warning: No frequencies found for delta (1.0-4.0 Hz) on channel 88
      Warning: No frequencies found for delta (1.0-4.0 Hz) on channel 89
      Warning: No frequencies found for delta (1.0-4.0 Hz) on channel 90
      Warning: No frequencies found for delta (1.0-4.0 Hz) on channel 91
      Warning: No frequencies found for delta (1.0-4.0 Hz) on channel 92
      Warning: No frequencies found for delta (1.0-4.0 Hz) on channel 93
      Warning: No frequencies found for delta (1.0-4.0 Hz) on channel 94
      Warning: No frequencies found for delta (1.0-4.0 Hz) on channel 95
      Warning: No frequencies found for delta (1.0-4.0 Hz) on channel 96
      Warning: No frequencies found for delta (1.0-4.0 Hz) on channel 97
      Warning: No frequencies found for delta (1.0-4.0 Hz) on channel 98
      Warning: No frequencies found for delta (1.0-4.0 Hz) on channel 99
      Warning: No frequencies found for delta (1.0-4.0 Hz) on channel 100
      Warning: No frequencies found for delta (1.0-4.0 Hz) on channel 101
      Warning: No frequencies found for delta (1.0-4.0 Hz) on channel 102
      Warning: No frequencies found for delta (1.0-4.0 Hz) on channel 103
      Warning: No frequencies found for delta (1.0-4.0 Hz) on channel 104
      Warning: No frequencies found for delta (1.0-4.0 Hz) on channel 105
      Warning: No frequencies found for delta (1.0-4.0 Hz) on channel 106
      Warning: No frequencies found for delta (1.0-4.0 Hz) on channel 107
      Warning: No frequencies found for delta (1.0-4.0 Hz) on channel 108
      Warning: No frequencies found for delta (1.0-4.0 Hz) on channel 109
      Warning: No frequencies found for delta (1.0-4.0 Hz) on channel 110
      Warning: No frequencies found for delta (1.0-4.0 Hz) on channel 111
      Warning: No frequencies found for delta (1.0-4.0 Hz) on channel 112
      Warning: No frequencies found for delta (1.0-4.0 Hz) on channel 113
      Warning: No frequencies found for delta (1.0-4.0 Hz) on channel 114
      Warning: No frequencies found for delta (1.0-4.0 Hz) on channel 115
      Warning: No frequencies found for delta (1.0-4.0 Hz) on channel 116
      Warning: No frequencies found for delta (1.0-4.0 Hz) on channel 117
      Warning: No frequencies found for delta (1.0-4.0 Hz) on channel 118
      Warning: No frequencies found for delta (1.0-4.0 Hz) on channel 119
      Warning: No frequencies found for delta (1.0-4.0 Hz) on channel 120
      Warning: No frequencies found for delta (1.0-4.0 Hz) on channel 121
      Warning: No frequencies found for delta (1.0-4.0 Hz) on channel 122
      Warning: No frequencies found for delta (1.0-4.0 Hz) on channel 123
      Warning: No frequencies found for delta (1.0-4.0 Hz) on channel 124
      Warning: No frequencies found for delta (1.0-4.0 Hz) on channel 125
      Warning: No frequencies found for delta (1.0-4.0 Hz) on channel 126
      Warning: No frequencies found for delta (1.0-4.0 Hz) on channel 127
      Warning: No frequencies found for delta (1.0-4.0 Hz) on channel 128
      Warning: No frequencies found for delta (1.0-4.0 Hz) on channel 129
      Warning: No frequencies found for delta (1.0-4.0 Hz) on channel 130
      Warning: No frequencies found for delta (1.0-4.0 Hz) on channel 131
      Warning: No frequencies found for delta (1.0-4.0 Hz) on channel 132
      Warning: No frequencies found for delta (1.0-4.0 Hz) on channel 133
      Warning: No frequencies found for delta (1.0-4.0 Hz) on channel 134
      Warning: No frequencies found for delta (1.0-4.0 Hz) on channel 135
      Warning: No frequencies found for delta (1.0-4.0 Hz) on channel 136
      Warning: No frequencies found for delta (1.0-4.0 Hz) on channel 137
      Warning: No frequencies found for delta (1.0-4.0 Hz) on channel 138
      Warning: No frequencies found for delta (1.0-4.0 Hz) on channel 139
      Warning: No frequencies found for delta (1.0-4.0 Hz) on channel 140
      Warning: No frequencies found for delta (1.0-4.0 Hz) on channel 141
      Warning: No frequencies found for delta (1.0-4.0 Hz) on channel 142
      Warning: No frequencies found for delta (1.0-4.0 Hz) on channel 143
      Warning: No frequencies found for delta (1.0-4.0 Hz) on channel 144
      Warning: No frequencies found for delta (1.0-4.0 Hz) on channel 145
      Warning: No frequencies found for delta (1.0-4.0 Hz) on channel 146
      Warning: No frequencies found for delta (1.0-4.0 Hz) on channel 147
      Warning: No frequencies found for delta (1.0-4.0 Hz) on channel 148
      Warning: No frequencies found for delta (1.0-4.0 Hz) on channel 149
      Warning: No frequencies found for delta (1.0-4.0 Hz) on channel 150
      Warning: No frequencies found for delta (1.0-4.0 Hz) on channel 151
      Warning: No frequencies found for delta (1.0-4.0 Hz) on channel 152
      Warning: No frequencies found for delta (1.0-4.0 Hz) on channel 153
      Warning: No frequencies found for delta (1.0-4.0 Hz) on channel 154
      Warning: No frequencies found for delta (1.0-4.0 Hz) on channel 155
      Warning: No frequencies found for delta (1.0-4.0 Hz) on channel 156
      Warning: No frequencies found for delta (1.0-4.0 Hz) on channel 157
      Warning: No frequencies found for delta (1.0-4.0 Hz) on channel 158
      Warning: No frequencies found for delta (1.0-4.0 Hz) on channel 159
      Warning: No frequencies found for delta (1.0-4.0 Hz) on channel 160
      Warning: No frequencies found for delta (1.0-4.0 Hz) on channel 161
      Warning: No frequencies found for delta (1.0-4.0 Hz) on channel 162
      Warning: No frequencies found for delta (1.0-4.0 Hz) on channel 163
      Warning: No frequencies found for delta (1.0-4.0 Hz) on channel 164
    Chunk 27/63 (42.9%)      Warning: No frequencies found for delta (1.0-4.0 Hz) on channel 0
      Warning: No frequencies found for delta (1.0-4.0 Hz) on channel 1
      Warning: No frequencies found for delta (1.0-4.0 Hz) on channel 2
      Warning: No frequencies found for delta (1.0-4.0 Hz) on channel 3
      Warning: No frequencies found for delta (1.0-4.0 Hz) on channel 4
      Warning: No frequencies found for delta (1.0-4.0 Hz) on channel 5
      Warning: No frequencies found for delta (1.0-4.0 Hz) on channel 6
      Warning: No frequencies found for delta (1.0-4.0 Hz) on channel 7
      Warning: No frequencies found for delta (1.0-4.0 Hz) on channel 8
      Warning: No frequencies found for delta (1.0-4.0 Hz) on channel 9
      Warning: No frequencies found for delta (1.0-4.0 Hz) on channel 10
      Warning: No frequencies found for delta (1.0-4.0 Hz) on channel 11
      Warning: No frequencies found for delta (1.0-4.0 Hz) on channel 12
      Warning: No frequencies found for delta (1.0-4.0 Hz) on channel 13
      Warning: No frequencies found for delta (1.0-4.0 Hz) on channel 14
      Warning: No frequencies found for delta (1.0-4.0 Hz) on channel 15
      Warning: No frequencies found for delta (1.0-4.0 Hz) on channel 16
      Warning: No frequencies found for delta (1.0-4.0 Hz) on channel 17
      Warning: No frequencies found for delta (1.0-4.0 Hz) on channel 18
      Warning: No frequencies found for delta (1.0-4.0 Hz) on channel 19
      Warning: No frequencies found for delta (1.0-4.0 Hz) on channel 20
      Warning: No frequencies found for delta (1.0-4.0 Hz) on channel 21
      Warning: No frequencies found for delta (1.0-4.0 Hz) on channel 22
      Warning: No frequencies found for delta (1.0-4.0 Hz) on channel 23
      Warning: No frequencies found for delta (1.0-4.0 Hz) on channel 24
      Warning: No frequencies found for delta (1.0-4.0 Hz) on channel 25
      Warning: No frequencies found for delta (1.0-4.0 Hz) on channel 26
      Warning: No frequencies found for delta (1.0-4.0 Hz) on channel 27
      Warning: No frequencies found for delta (1.0-4.0 Hz) on channel 28
      Warning: No frequencies found for delta (1.0-4.0 Hz) on channel 29
      Warning: No frequencies found for delta (1.0-4.0 Hz) on channel 30
      Warning: No frequencies found for delta (1.0-4.0 Hz) on channel 31
      Warning: No frequencies found for delta (1.0-4.0 Hz) on channel 32
      Warning: No frequencies found for delta (1.0-4.0 Hz) on channel 33
      Warning: No frequencies found for delta (1.0-4.0 Hz) on channel 34
      Warning: No frequencies found for delta (1.0-4.0 Hz) on channel 35
      Warning: No frequencies found for delta (1.0-4.0 Hz) on channel 36
      Warning: No frequencies found for delta (1.0-4.0 Hz) on channel 37
      Warning: No frequencies found for delta (1.0-4.0 Hz) on channel 38
      Warning: No frequencies found for delta (1.0-4.0 Hz) on channel 39
      Warning: No frequencies found for delta (1.0-4.0 Hz) on channel 40
      Warning: No frequencies found for delta (1.0-4.0 Hz) on channel 41
      Warning: No frequencies found for delta (1.0-4.0 Hz) on channel 42
      Warning: No frequencies found for delta (1.0-4.0 Hz) on channel 43
      Warning: No frequencies found for delta (1.0-4.0 Hz) on channel 44
      Warning: No frequencies found for delta (1.0-4.0 Hz) on channel 45
      Warning: No frequencies found for delta (1.0-4.0 Hz) on channel 46
      Warning: No frequencies found for delta (1.0-4.0 Hz) on channel 47
      Warning: No frequencies found for delta (1.0-4.0 Hz) on channel 48
      Warning: No frequencies found for delta (1.0-4.0 Hz) on channel 49
      Warning: No frequencies found for delta (1.0-4.0 Hz) on channel 50
      Warning: No frequencies found for delta (1.0-4.0 Hz) on channel 51
      Warning: No frequencies found for delta (1.0-4.0 Hz) on channel 52
      Warning: No frequencies found for delta (1.0-4.0 Hz) on channel 53
      Warning: No frequencies found for delta (1.0-4.0 Hz) on channel 54
      Warning: No frequencies found for delta (1.0-4.0 Hz) on channel 55
      Warning: No frequencies found for delta (1.0-4.0 Hz) on channel 56
      Warning: No frequencies found for delta (1.0-4.0 Hz) on channel 57
      Warning: No frequencies found for delta (1.0-4.0 Hz) on channel 58
      Warning: No frequencies found for delta (1.0-4.0 Hz) on channel 59
      Warning: No frequencies found for delta (1.0-4.0 Hz) on channel 60
      Warning: No frequencies found for delta (1.0-4.0 Hz) on channel 61
      Warning: No frequencies found for delta (1.0-4.0 Hz) on channel 62
      Warning: No frequencies found for delta (1.0-4.0 Hz) on channel 63
      Warning: No frequencies found for delta (1.0-4.0 Hz) on channel 64
      Warning: No frequencies found for delta (1.0-4.0 Hz) on channel 65
      Warning: No frequencies found for delta (1.0-4.0 Hz) on channel 66
      Warning: No frequencies found for delta (1.0-4.0 Hz) on channel 67
      Warning: No frequencies found for delta (1.0-4.0 Hz) on channel 68
      Warning: No frequencies found for delta (1.0-4.0 Hz) on channel 69
      Warning: No frequencies found for delta (1.0-4.0 Hz) on channel 70
      Warning: No frequencies found for delta (1.0-4.0 Hz) on channel 71
      Warning: No frequencies found for delta (1.0-4.0 Hz) on channel 72
      Warning: No frequencies found for delta (1.0-4.0 Hz) on channel 73
      Warning: No frequencies found for delta (1.0-4.0 Hz) on channel 74
      Warning: No frequencies found for delta (1.0-4.0 Hz) on channel 75
      Warning: No frequencies found for delta (1.0-4.0 Hz) on channel 76
      Warning: No frequencies found for delta (1.0-4.0 Hz) on channel 77
      Warning: No frequencies found for delta (1.0-4.0 Hz) on channel 78
      Warning: No frequencies found for delta (1.0-4.0 Hz) on channel 79
      Warning: No frequencies found for delta (1.0-4.0 Hz) on channel 80
      Warning: No frequencies found for delta (1.0-4.0 Hz) on channel 81
      Warning: No frequencies found for delta (1.0-4.0 Hz) on channel 82
      Warning: No frequencies found for delta (1.0-4.0 Hz) on channel 83
      Warning: No frequencies found for delta (1.0-4.0 Hz) on channel 84
      Warning: No frequencies found for delta (1.0-4.0 Hz) on channel 85
      Warning: No frequencies found for delta (1.0-4.0 Hz) on channel 86
      Warning: No frequencies found for delta (1.0-4.0 Hz) on channel 87
      Warning: No frequencies found for delta (1.0-4.0 Hz) on channel 88
      Warning: No frequencies found for delta (1.0-4.0 Hz) on channel 89
      Warning: No frequencies found for delta (1.0-4.0 Hz) on channel 90
      Warning: No frequencies found for delta (1.0-4.0 Hz) on channel 91
      Warning: No frequencies found for delta (1.0-4.0 Hz) on channel 92
      Warning: No frequencies found for delta (1.0-4.0 Hz) on channel 93
      Warning: No frequencies found for delta (1.0-4.0 Hz) on channel 94
      Warning: No frequencies found for delta (1.0-4.0 Hz) on channel 95
      Warning: No frequencies found for delta (1.0-4.0 Hz) on channel 96
      Warning: No frequencies found for delta (1.0-4.0 Hz) on channel 97
      Warning: No frequencies found for delta (1.0-4.0 Hz) on channel 98
      Warning: No frequencies found for delta (1.0-4.0 Hz) on channel 99
      Warning: No frequencies found for delta (1.0-4.0 Hz) on channel 100
      Warning: No frequencies found for delta (1.0-4.0 Hz) on channel 101
      Warning: No frequencies found for delta (1.0-4.0 Hz) on channel 102
      Warning: No frequencies found for delta (1.0-4.0 Hz) on channel 103
      Warning: No frequencies found for delta (1.0-4.0 Hz) on channel 104
      Warning: No frequencies found for delta (1.0-4.0 Hz) on channel 105
      Warning: No frequencies found for delta (1.0-4.0 Hz) on channel 106
      Warning: No frequencies found for delta (1.0-4.0 Hz) on channel 107
      Warning: No frequencies found for delta (1.0-4.0 Hz) on channel 108
      Warning: No frequencies found for delta (1.0-4.0 Hz) on channel 109
      Warning: No frequencies found for delta (1.0-4.0 Hz) on channel 110
      Warning: No frequencies found for delta (1.0-4.0 Hz) on channel 111
      Warning: No frequencies found for delta (1.0-4.0 Hz) on channel 112
      Warning: No frequencies found for delta (1.0-4.0 Hz) on channel 113
      Warning: No frequencies found for delta (1.0-4.0 Hz) on channel 114
      Warning: No frequencies found for delta (1.0-4.0 Hz) on channel 115
      Warning: No frequencies found for delta (1.0-4.0 Hz) on channel 116
      Warning: No frequencies found for delta (1.0-4.0 Hz) on channel 117
      Warning: No frequencies found for delta (1.0-4.0 Hz) on channel 118
      Warning: No frequencies found for delta (1.0-4.0 Hz) on channel 119
      Warning: No frequencies found for delta (1.0-4.0 Hz) on channel 120
      Warning: No frequencies found for delta (1.0-4.0 Hz) on channel 121
      Warning: No frequencies found for delta (1.0-4.0 Hz) on channel 122
      Warning: No frequencies found for delta (1.0-4.0 Hz) on channel 123
      Warning: No frequencies found for delta (1.0-4.0 Hz) on channel 124
      Warning: No frequencies found for delta (1.0-4.0 Hz) on channel 125
      Warning: No frequencies found for delta (1.0-4.0 Hz) on channel 126
      Warning: No frequencies found for delta (1.0-4.0 Hz) on channel 127
      Warning: No frequencies found for delta (1.0-4.0 Hz) on channel 128
      Warning: No frequencies found for delta (1.0-4.0 Hz) on channel 129
      Warning: No frequencies found for delta (1.0-4.0 Hz) on channel 130
      Warning: No frequencies found for delta (1.0-4.0 Hz) on channel 131
      Warning: No frequencies found for delta (1.0-4.0 Hz) on channel 132
      Warning: No frequencies found for delta (1.0-4.0 Hz) on channel 133
      Warning: No frequencies found for delta (1.0-4.0 Hz) on channel 134
      Warning: No frequencies found for delta (1.0-4.0 Hz) on channel 135
      Warning: No frequencies found for delta (1.0-4.0 Hz) on channel 136
      Warning: No frequencies found for delta (1.0-4.0 Hz) on channel 137
      Warning: No frequencies found for delta (1.0-4.0 Hz) on channel 138
      Warning: No frequencies found for delta (1.0-4.0 Hz) on channel 139
      Warning: No frequencies found for delta (1.0-4.0 Hz) on channel 140
      Warning: No frequencies found for delta (1.0-4.0 Hz) on channel 141
      Warning: No frequencies found for delta (1.0-4.0 Hz) on channel 142
      Warning: No frequencies found for delta (1.0-4.0 Hz) on channel 143
      Warning: No frequencies found for delta (1.0-4.0 Hz) on channel 144
      Warning: No frequencies found for delta (1.0-4.0 Hz) on channel 145
      Warning: No frequencies found for delta (1.0-4.0 Hz) on channel 146
      Warning: No frequencies found for delta (1.0-4.0 Hz) on channel 147
      Warning: No frequencies found for delta (1.0-4.0 Hz) on channel 148
      Warning: No frequencies found for delta (1.0-4.0 Hz) on channel 149
      Warning: No frequencies found for delta (1.0-4.0 Hz) on channel 150
      Warning: No frequencies found for delta (1.0-4.0 Hz) on channel 151
      Warning: No frequencies found for delta (1.0-4.0 Hz) on channel 152
      Warning: No frequencies found for delta (1.0-4.0 Hz) on channel 153
      Warning: No frequencies found for delta (1.0-4.0 Hz) on channel 154
      Warning: No frequencies found for delta (1.0-4.0 Hz) on channel 155
      Warning: No frequencies found for delta (1.0-4.0 Hz) on channel 156
      Warning: No frequencies found for delta (1.0-4.0 Hz) on channel 157
      Warning: No frequencies found for delta (1.0-4.0 Hz) on channel 158
      Warning: No frequencies found for delta (1.0-4.0 Hz) on channel 159
      Warning: No frequencies found for delta (1.0-4.0 Hz) on channel 160
      Warning: No frequencies found for delta (1.0-4.0 Hz) on channel 161
      Warning: No frequencies found for delta (1.0-4.0 Hz) on channel 162
      Warning: No frequencies found for delta (1.0-4.0 Hz) on channel 163
      Warning: No frequencies found for delta (1.0-4.0 Hz) on channel 164
    Chunk 28/63 (44.4%)      Warning: No frequencies found for delta (1.0-4.0 Hz) on channel 0
      Warning: No frequencies found for delta (1.0-4.0 Hz) on channel 1
      Warning: No frequencies found for delta (1.0-4.0 Hz) on channel 2
      Warning: No frequencies found for delta (1.0-4.0 Hz) on channel 3
      Warning: No frequencies found for delta (1.0-4.0 Hz) on channel 4
      Warning: No frequencies found for delta (1.0-4.0 Hz) on channel 5
      Warning: No frequencies found for delta (1.0-4.0 Hz) on channel 6
      Warning: No frequencies found for delta (1.0-4.0 Hz) on channel 7
      Warning: No frequencies found for delta (1.0-4.0 Hz) on channel 8
      Warning: No frequencies found for delta (1.0-4.0 Hz) on channel 9
      Warning: No frequencies found for delta (1.0-4.0 Hz) on channel 10
      Warning: No frequencies found for delta (1.0-4.0 Hz) on channel 11
      Warning: No frequencies found for delta (1.0-4.0 Hz) on channel 12
      Warning: No frequencies found for delta (1.0-4.0 Hz) on channel 13
      Warning: No frequencies found for delta (1.0-4.0 Hz) on channel 14
      Warning: No frequencies found for delta (1.0-4.0 Hz) on channel 15
      Warning: No frequencies found for delta (1.0-4.0 Hz) on channel 16
      Warning: No frequencies found for delta (1.0-4.0 Hz) on channel 17
      Warning: No frequencies found for delta (1.0-4.0 Hz) on channel 18
      Warning: No frequencies found for delta (1.0-4.0 Hz) on channel 19
      Warning: No frequencies found for delta (1.0-4.0 Hz) on channel 20
      Warning: No frequencies found for delta (1.0-4.0 Hz) on channel 21
      Warning: No frequencies found for delta (1.0-4.0 Hz) on channel 22
      Warning: No frequencies found for delta (1.0-4.0 Hz) on channel 23
      Warning: No frequencies found for delta (1.0-4.0 Hz) on channel 24
      Warning: No frequencies found for delta (1.0-4.0 Hz) on channel 25
      Warning: No frequencies found for delta (1.0-4.0 Hz) on channel 26
      Warning: No frequencies found for delta (1.0-4.0 Hz) on channel 27
      Warning: No frequencies found for delta (1.0-4.0 Hz) on channel 28
      Warning: No frequencies found for delta (1.0-4.0 Hz) on channel 29
      Warning: No frequencies found for delta (1.0-4.0 Hz) on channel 30
      Warning: No frequencies found for delta (1.0-4.0 Hz) on channel 31
      Warning: No frequencies found for delta (1.0-4.0 Hz) on channel 32
      Warning: No frequencies found for delta (1.0-4.0 Hz) on channel 33
      Warning: No frequencies found for delta (1.0-4.0 Hz) on channel 34
      Warning: No frequencies found for delta (1.0-4.0 Hz) on channel 35
      Warning: No frequencies found for delta (1.0-4.0 Hz) on channel 36
      Warning: No frequencies found for delta (1.0-4.0 Hz) on channel 37
      Warning: No frequencies found for delta (1.0-4.0 Hz) on channel 38
      Warning: No frequencies found for delta (1.0-4.0 Hz) on channel 39
      Warning: No frequencies found for delta (1.0-4.0 Hz) on channel 40
      Warning: No frequencies found for delta (1.0-4.0 Hz) on channel 41
      Warning: No frequencies found for delta (1.0-4.0 Hz) on channel 42
      Warning: No frequencies found for delta (1.0-4.0 Hz) on channel 43
      Warning: No frequencies found for delta (1.0-4.0 Hz) on channel 44
      Warning: No frequencies found for delta (1.0-4.0 Hz) on channel 45
      Warning: No frequencies found for delta (1.0-4.0 Hz) on channel 46
      Warning: No frequencies found for delta (1.0-4.0 Hz) on channel 47
      Warning: No frequencies found for delta (1.0-4.0 Hz) on channel 48
      Warning: No frequencies found for delta (1.0-4.0 Hz) on channel 49
      Warning: No frequencies found for delta (1.0-4.0 Hz) on channel 50
      Warning: No frequencies found for delta (1.0-4.0 Hz) on channel 51
      Warning: No frequencies found for delta (1.0-4.0 Hz) on channel 52
      Warning: No frequencies found for delta (1.0-4.0 Hz) on channel 53
      Warning: No frequencies found for delta (1.0-4.0 Hz) on channel 54
      Warning: No frequencies found for delta (1.0-4.0 Hz) on channel 55
      Warning: No frequencies found for delta (1.0-4.0 Hz) on channel 56
      Warning: No frequencies found for delta (1.0-4.0 Hz) on channel 57
      Warning: No frequencies found for delta (1.0-4.0 Hz) on channel 58
      Warning: No frequencies found for delta (1.0-4.0 Hz) on channel 59
      Warning: No frequencies found for delta (1.0-4.0 Hz) on channel 60
      Warning: No frequencies found for delta (1.0-4.0 Hz) on channel 61
      Warning: No frequencies found for delta (1.0-4.0 Hz) on channel 62
      Warning: No frequencies found for delta (1.0-4.0 Hz) on channel 63
      Warning: No frequencies found for delta (1.0-4.0 Hz) on channel 64
      Warning: No frequencies found for delta (1.0-4.0 Hz) on channel 65
      Warning: No frequencies found for delta (1.0-4.0 Hz) on channel 66
      Warning: No frequencies found for delta (1.0-4.0 Hz) on channel 67
      Warning: No frequencies found for delta (1.0-4.0 Hz) on channel 68
      Warning: No frequencies found for delta (1.0-4.0 Hz) on channel 69
      Warning: No frequencies found for delta (1.0-4.0 Hz) on channel 70
      Warning: No frequencies found for delta (1.0-4.0 Hz) on channel 71
      Warning: No frequencies found for delta (1.0-4.0 Hz) on channel 72
      Warning: No frequencies found for delta (1.0-4.0 Hz) on channel 73
      Warning: No frequencies found for delta (1.0-4.0 Hz) on channel 74
      Warning: No frequencies found for delta (1.0-4.0 Hz) on channel 75
      Warning: No frequencies found for delta (1.0-4.0 Hz) on channel 76
      Warning: No frequencies found for delta (1.0-4.0 Hz) on channel 77
      Warning: No frequencies found for delta (1.0-4.0 Hz) on channel 78
      Warning: No frequencies found for delta (1.0-4.0 Hz) on channel 79
      Warning: No frequencies found for delta (1.0-4.0 Hz) on channel 80
      Warning: No frequencies found for delta (1.0-4.0 Hz) on channel 81
      Warning: No frequencies found for delta (1.0-4.0 Hz) on channel 82
      Warning: No frequencies found for delta (1.0-4.0 Hz) on channel 83
      Warning: No frequencies found for delta (1.0-4.0 Hz) on channel 84
      Warning: No frequencies found for delta (1.0-4.0 Hz) on channel 85
      Warning: No frequencies found for delta (1.0-4.0 Hz) on channel 86
      Warning: No frequencies found for delta (1.0-4.0 Hz) on channel 87
      Warning: No frequencies found for delta (1.0-4.0 Hz) on channel 88
      Warning: No frequencies found for delta (1.0-4.0 Hz) on channel 89
      Warning: No frequencies found for delta (1.0-4.0 Hz) on channel 90
      Warning: No frequencies found for delta (1.0-4.0 Hz) on channel 91
      Warning: No frequencies found for delta (1.0-4.0 Hz) on channel 92
      Warning: No frequencies found for delta (1.0-4.0 Hz) on channel 93
      Warning: No frequencies found for delta (1.0-4.0 Hz) on channel 94
      Warning: No frequencies found for delta (1.0-4.0 Hz) on channel 95
      Warning: No frequencies found for delta (1.0-4.0 Hz) on channel 96
      Warning: No frequencies found for delta (1.0-4.0 Hz) on channel 97
      Warning: No frequencies found for delta (1.0-4.0 Hz) on channel 98
      Warning: No frequencies found for delta (1.0-4.0 Hz) on channel 99
      Warning: No frequencies found for delta (1.0-4.0 Hz) on channel 100
      Warning: No frequencies found for delta (1.0-4.0 Hz) on channel 101
      Warning: No frequencies found for delta (1.0-4.0 Hz) on channel 102
      Warning: No frequencies found for delta (1.0-4.0 Hz) on channel 103
      Warning: No frequencies found for delta (1.0-4.0 Hz) on channel 104
      Warning: No frequencies found for delta (1.0-4.0 Hz) on channel 105
      Warning: No frequencies found for delta (1.0-4.0 Hz) on channel 106
      Warning: No frequencies found for delta (1.0-4.0 Hz) on channel 107
      Warning: No frequencies found for delta (1.0-4.0 Hz) on channel 108
      Warning: No frequencies found for delta (1.0-4.0 Hz) on channel 109
      Warning: No frequencies found for delta (1.0-4.0 Hz) on channel 110
      Warning: No frequencies found for delta (1.0-4.0 Hz) on channel 111
      Warning: No frequencies found for delta (1.0-4.0 Hz) on channel 112
      Warning: No frequencies found for delta (1.0-4.0 Hz) on channel 113
      Warning: No frequencies found for delta (1.0-4.0 Hz) on channel 114
      Warning: No frequencies found for delta (1.0-4.0 Hz) on channel 115
      Warning: No frequencies found for delta (1.0-4.0 Hz) on channel 116
      Warning: No frequencies found for delta (1.0-4.0 Hz) on channel 117
      Warning: No frequencies found for delta (1.0-4.0 Hz) on channel 118
      Warning: No frequencies found for delta (1.0-4.0 Hz) on channel 119
      Warning: No frequencies found for delta (1.0-4.0 Hz) on channel 120
      Warning: No frequencies found for delta (1.0-4.0 Hz) on channel 121
      Warning: No frequencies found for delta (1.0-4.0 Hz) on channel 122
      Warning: No frequencies found for delta (1.0-4.0 Hz) on channel 123
      Warning: No frequencies found for delta (1.0-4.0 Hz) on channel 124
      Warning: No frequencies found for delta (1.0-4.0 Hz) on channel 125
      Warning: No frequencies found for delta (1.0-4.0 Hz) on channel 126
      Warning: No frequencies found for delta (1.0-4.0 Hz) on channel 127
      Warning: No frequencies found for delta (1.0-4.0 Hz) on channel 128
      Warning: No frequencies found for delta (1.0-4.0 Hz) on channel 129
      Warning: No frequencies found for delta (1.0-4.0 Hz) on channel 130
      Warning: No frequencies found for delta (1.0-4.0 Hz) on channel 131
      Warning: No frequencies found for delta (1.0-4.0 Hz) on channel 132
      Warning: No frequencies found for delta (1.0-4.0 Hz) on channel 133
      Warning: No frequencies found for delta (1.0-4.0 Hz) on channel 134
      Warning: No frequencies found for delta (1.0-4.0 Hz) on channel 135
      Warning: No frequencies found for delta (1.0-4.0 Hz) on channel 136
      Warning: No frequencies found for delta (1.0-4.0 Hz) on channel 137
      Warning: No frequencies found for delta (1.0-4.0 Hz) on channel 138
      Warning: No frequencies found for delta (1.0-4.0 Hz) on channel 139
      Warning: No frequencies found for delta (1.0-4.0 Hz) on channel 140
      Warning: No frequencies found for delta (1.0-4.0 Hz) on channel 141
      Warning: No frequencies found for delta (1.0-4.0 Hz) on channel 142
      Warning: No frequencies found for delta (1.0-4.0 Hz) on channel 143
      Warning: No frequencies found for delta (1.0-4.0 Hz) on channel 144
      Warning: No frequencies found for delta (1.0-4.0 Hz) on channel 145
      Warning: No frequencies found for delta (1.0-4.0 Hz) on channel 146
      Warning: No frequencies found for delta (1.0-4.0 Hz) on channel 147
      Warning: No frequencies found for delta (1.0-4.0 Hz) on channel 148
      Warning: No frequencies found for delta (1.0-4.0 Hz) on channel 149
      Warning: No frequencies found for delta (1.0-4.0 Hz) on channel 150
      Warning: No frequencies found for delta (1.0-4.0 Hz) on channel 151
      Warning: No frequencies found for delta (1.0-4.0 Hz) on channel 152
      Warning: No frequencies found for delta (1.0-4.0 Hz) on channel 153
      Warning: No frequencies found for delta (1.0-4.0 Hz) on channel 154
      Warning: No frequencies found for delta (1.0-4.0 Hz) on channel 155
      Warning: No frequencies found for delta (1.0-4.0 Hz) on channel 156
      Warning: No frequencies found for delta (1.0-4.0 Hz) on channel 157
      Warning: No frequencies found for delta (1.0-4.0 Hz) on channel 158
      Warning: No frequencies found for delta (1.0-4.0 Hz) on channel 159
      Warning: No frequencies found for delta (1.0-4.0 Hz) on channel 160
      Warning: No frequencies found for delta (1.0-4.0 Hz) on channel 161
      Warning: No frequencies found for delta (1.0-4.0 Hz) on channel 162
      Warning: No frequencies found for delta (1.0-4.0 Hz) on channel 163
      Warning: No frequencies found for delta (1.0-4.0 Hz) on channel 164
    Chunk 29/63 (46.0%)      Warning: No frequencies found for delta (1.0-4.0 Hz) on channel 0
      Warning: No frequencies found for delta (1.0-4.0 Hz) on channel 1
      Warning: No frequencies found for delta (1.0-4.0 Hz) on channel 2
      Warning: No frequencies found for delta (1.0-4.0 Hz) on channel 3
      Warning: No frequencies found for delta (1.0-4.0 Hz) on channel 4
      Warning: No frequencies found for delta (1.0-4.0 Hz) on channel 5
      Warning: No frequencies found for delta (1.0-4.0 Hz) on channel 6
      Warning: No frequencies found for delta (1.0-4.0 Hz) on channel 7
      Warning: No frequencies found for delta (1.0-4.0 Hz) on channel 8
      Warning: No frequencies found for delta (1.0-4.0 Hz) on channel 9
      Warning: No frequencies found for delta (1.0-4.0 Hz) on channel 10
      Warning: No frequencies found for delta (1.0-4.0 Hz) on channel 11
      Warning: No frequencies found for delta (1.0-4.0 Hz) on channel 12
      Warning: No frequencies found for delta (1.0-4.0 Hz) on channel 13
      Warning: No frequencies found for delta (1.0-4.0 Hz) on channel 14
      Warning: No frequencies found for delta (1.0-4.0 Hz) on channel 15
      Warning: No frequencies found for delta (1.0-4.0 Hz) on channel 16
      Warning: No frequencies found for delta (1.0-4.0 Hz) on channel 17
      Warning: No frequencies found for delta (1.0-4.0 Hz) on channel 18
      Warning: No frequencies found for delta (1.0-4.0 Hz) on channel 19
      Warning: No frequencies found for delta (1.0-4.0 Hz) on channel 20
      Warning: No frequencies found for delta (1.0-4.0 Hz) on channel 21
      Warning: No frequencies found for delta (1.0-4.0 Hz) on channel 22
      Warning: No frequencies found for delta (1.0-4.0 Hz) on channel 23
      Warning: No frequencies found for delta (1.0-4.0 Hz) on channel 24
      Warning: No frequencies found for delta (1.0-4.0 Hz) on channel 25
      Warning: No frequencies found for delta (1.0-4.0 Hz) on channel 26
      Warning: No frequencies found for delta (1.0-4.0 Hz) on channel 27
      Warning: No frequencies found for delta (1.0-4.0 Hz) on channel 28
      Warning: No frequencies found for delta (1.0-4.0 Hz) on channel 29
      Warning: No frequencies found for delta (1.0-4.0 Hz) on channel 30
      Warning: No frequencies found for delta (1.0-4.0 Hz) on channel 31
      Warning: No frequencies found for delta (1.0-4.0 Hz) on channel 32
      Warning: No frequencies found for delta (1.0-4.0 Hz) on channel 33
      Warning: No frequencies found for delta (1.0-4.0 Hz) on channel 34
      Warning: No frequencies found for delta (1.0-4.0 Hz) on channel 35
      Warning: No frequencies found for delta (1.0-4.0 Hz) on channel 36
      Warning: No frequencies found for delta (1.0-4.0 Hz) on channel 37
      Warning: No frequencies found for delta (1.0-4.0 Hz) on channel 38
      Warning: No frequencies found for delta (1.0-4.0 Hz) on channel 39
      Warning: No frequencies found for delta (1.0-4.0 Hz) on channel 40
      Warning: No frequencies found for delta (1.0-4.0 Hz) on channel 41
      Warning: No frequencies found for delta (1.0-4.0 Hz) on channel 42
      Warning: No frequencies found for delta (1.0-4.0 Hz) on channel 43
      Warning: No frequencies found for delta (1.0-4.0 Hz) on channel 44
      Warning: No frequencies found for delta (1.0-4.0 Hz) on channel 45
      Warning: No frequencies found for delta (1.0-4.0 Hz) on channel 46
      Warning: No frequencies found for delta (1.0-4.0 Hz) on channel 47
      Warning: No frequencies found for delta (1.0-4.0 Hz) on channel 48
      Warning: No frequencies found for delta (1.0-4.0 Hz) on channel 49
      Warning: No frequencies found for delta (1.0-4.0 Hz) on channel 50
      Warning: No frequencies found for delta (1.0-4.0 Hz) on channel 51
      Warning: No frequencies found for delta (1.0-4.0 Hz) on channel 52
      Warning: No frequencies found for delta (1.0-4.0 Hz) on channel 53
      Warning: No frequencies found for delta (1.0-4.0 Hz) on channel 54
      Warning: No frequencies found for delta (1.0-4.0 Hz) on channel 55
      Warning: No frequencies found for delta (1.0-4.0 Hz) on channel 56
      Warning: No frequencies found for delta (1.0-4.0 Hz) on channel 57
      Warning: No frequencies found for delta (1.0-4.0 Hz) on channel 58
      Warning: No frequencies found for delta (1.0-4.0 Hz) on channel 59
      Warning: No frequencies found for delta (1.0-4.0 Hz) on channel 60
      Warning: No frequencies found for delta (1.0-4.0 Hz) on channel 61
      Warning: No frequencies found for delta (1.0-4.0 Hz) on channel 62
      Warning: No frequencies found for delta (1.0-4.0 Hz) on channel 63
      Warning: No frequencies found for delta (1.0-4.0 Hz) on channel 64
      Warning: No frequencies found for delta (1.0-4.0 Hz) on channel 65
      Warning: No frequencies found for delta (1.0-4.0 Hz) on channel 66
      Warning: No frequencies found for delta (1.0-4.0 Hz) on channel 67
      Warning: No frequencies found for delta (1.0-4.0 Hz) on channel 68
      Warning: No frequencies found for delta (1.0-4.0 Hz) on channel 69
      Warning: No frequencies found for delta (1.0-4.0 Hz) on channel 70
      Warning: No frequencies found for delta (1.0-4.0 Hz) on channel 71
      Warning: No frequencies found for delta (1.0-4.0 Hz) on channel 72
      Warning: No frequencies found for delta (1.0-4.0 Hz) on channel 73
      Warning: No frequencies found for delta (1.0-4.0 Hz) on channel 74
      Warning: No frequencies found for delta (1.0-4.0 Hz) on channel 75
      Warning: No frequencies found for delta (1.0-4.0 Hz) on channel 76
      Warning: No frequencies found for delta (1.0-4.0 Hz) on channel 77
      Warning: No frequencies found for delta (1.0-4.0 Hz) on channel 78
      Warning: No frequencies found for delta (1.0-4.0 Hz) on channel 79
      Warning: No frequencies found for delta (1.0-4.0 Hz) on channel 80
      Warning: No frequencies found for delta (1.0-4.0 Hz) on channel 81
      Warning: No frequencies found for delta (1.0-4.0 Hz) on channel 82
      Warning: No frequencies found for delta (1.0-4.0 Hz) on channel 83
      Warning: No frequencies found for delta (1.0-4.0 Hz) on channel 84
      Warning: No frequencies found for delta (1.0-4.0 Hz) on channel 85
      Warning: No frequencies found for delta (1.0-4.0 Hz) on channel 86
      Warning: No frequencies found for delta (1.0-4.0 Hz) on channel 87
      Warning: No frequencies found for delta (1.0-4.0 Hz) on channel 88
      Warning: No frequencies found for delta (1.0-4.0 Hz) on channel 89
      Warning: No frequencies found for delta (1.0-4.0 Hz) on channel 90
      Warning: No frequencies found for delta (1.0-4.0 Hz) on channel 91
      Warning: No frequencies found for delta (1.0-4.0 Hz) on channel 92
      Warning: No frequencies found for delta (1.0-4.0 Hz) on channel 93
      Warning: No frequencies found for delta (1.0-4.0 Hz) on channel 94
      Warning: No frequencies found for delta (1.0-4.0 Hz) on channel 95
      Warning: No frequencies found for delta (1.0-4.0 Hz) on channel 96
      Warning: No frequencies found for delta (1.0-4.0 Hz) on channel 97
      Warning: No frequencies found for delta (1.0-4.0 Hz) on channel 98
      Warning: No frequencies found for delta (1.0-4.0 Hz) on channel 99
      Warning: No frequencies found for delta (1.0-4.0 Hz) on channel 100
      Warning: No frequencies found for delta (1.0-4.0 Hz) on channel 101
      Warning: No frequencies found for delta (1.0-4.0 Hz) on channel 102
      Warning: No frequencies found for delta (1.0-4.0 Hz) on channel 103
      Warning: No frequencies found for delta (1.0-4.0 Hz) on channel 104
      Warning: No frequencies found for delta (1.0-4.0 Hz) on channel 105
      Warning: No frequencies found for delta (1.0-4.0 Hz) on channel 106
      Warning: No frequencies found for delta (1.0-4.0 Hz) on channel 107
      Warning: No frequencies found for delta (1.0-4.0 Hz) on channel 108
      Warning: No frequencies found for delta (1.0-4.0 Hz) on channel 109
      Warning: No frequencies found for delta (1.0-4.0 Hz) on channel 110
      Warning: No frequencies found for delta (1.0-4.0 Hz) on channel 111
      Warning: No frequencies found for delta (1.0-4.0 Hz) on channel 112
      Warning: No frequencies found for delta (1.0-4.0 Hz) on channel 113
      Warning: No frequencies found for delta (1.0-4.0 Hz) on channel 114
      Warning: No frequencies found for delta (1.0-4.0 Hz) on channel 115
      Warning: No frequencies found for delta (1.0-4.0 Hz) on channel 116
      Warning: No frequencies found for delta (1.0-4.0 Hz) on channel 117
      Warning: No frequencies found for delta (1.0-4.0 Hz) on channel 118
      Warning: No frequencies found for delta (1.0-4.0 Hz) on channel 119
      Warning: No frequencies found for delta (1.0-4.0 Hz) on channel 120
      Warning: No frequencies found for delta (1.0-4.0 Hz) on channel 121
      Warning: No frequencies found for delta (1.0-4.0 Hz) on channel 122
      Warning: No frequencies found for delta (1.0-4.0 Hz) on channel 123
      Warning: No frequencies found for delta (1.0-4.0 Hz) on channel 124
      Warning: No frequencies found for delta (1.0-4.0 Hz) on channel 125
      Warning: No frequencies found for delta (1.0-4.0 Hz) on channel 126
      Warning: No frequencies found for delta (1.0-4.0 Hz) on channel 127
      Warning: No frequencies found for delta (1.0-4.0 Hz) on channel 128
      Warning: No frequencies found for delta (1.0-4.0 Hz) on channel 129
      Warning: No frequencies found for delta (1.0-4.0 Hz) on channel 130
      Warning: No frequencies found for delta (1.0-4.0 Hz) on channel 131
      Warning: No frequencies found for delta (1.0-4.0 Hz) on channel 132
      Warning: No frequencies found for delta (1.0-4.0 Hz) on channel 133
      Warning: No frequencies found for delta (1.0-4.0 Hz) on channel 134
      Warning: No frequencies found for delta (1.0-4.0 Hz) on channel 135
      Warning: No frequencies found for delta (1.0-4.0 Hz) on channel 136
      Warning: No frequencies found for delta (1.0-4.0 Hz) on channel 137
      Warning: No frequencies found for delta (1.0-4.0 Hz) on channel 138
      Warning: No frequencies found for delta (1.0-4.0 Hz) on channel 139
      Warning: No frequencies found for delta (1.0-4.0 Hz) on channel 140
      Warning: No frequencies found for delta (1.0-4.0 Hz) on channel 141
      Warning: No frequencies found for delta (1.0-4.0 Hz) on channel 142
      Warning: No frequencies found for delta (1.0-4.0 Hz) on channel 143
      Warning: No frequencies found for delta (1.0-4.0 Hz) on channel 144
      Warning: No frequencies found for delta (1.0-4.0 Hz) on channel 145
      Warning: No frequencies found for delta (1.0-4.0 Hz) on channel 146
      Warning: No frequencies found for delta (1.0-4.0 Hz) on channel 147
      Warning: No frequencies found for delta (1.0-4.0 Hz) on channel 148
      Warning: No frequencies found for delta (1.0-4.0 Hz) on channel 149
      Warning: No frequencies found for delta (1.0-4.0 Hz) on channel 150
      Warning: No frequencies found for delta (1.0-4.0 Hz) on channel 151
      Warning: No frequencies found for delta (1.0-4.0 Hz) on channel 152
      Warning: No frequencies found for delta (1.0-4.0 Hz) on channel 153
      Warning: No frequencies found for delta (1.0-4.0 Hz) on channel 154
      Warning: No frequencies found for delta (1.0-4.0 Hz) on channel 155
      Warning: No frequencies found for delta (1.0-4.0 Hz) on channel 156
      Warning: No frequencies found for delta (1.0-4.0 Hz) on channel 157
      Warning: No frequencies found for delta (1.0-4.0 Hz) on channel 158
      Warning: No frequencies found for delta (1.0-4.0 Hz) on channel 159
      Warning: No frequencies found for delta (1.0-4.0 Hz) on channel 160
      Warning: No frequencies found for delta (1.0-4.0 Hz) on channel 161
      Warning: No frequencies found for delta (1.0-4.0 Hz) on channel 162
      Warning: No frequencies found for delta (1.0-4.0 Hz) on channel 163
      Warning: No frequencies found for delta (1.0-4.0 Hz) on channel 164
    Chunk 30/63 (47.6%)      Warning: No frequencies found for delta (1.0-4.0 Hz) on channel 0
      Warning: No frequencies found for delta (1.0-4.0 Hz) on channel 1
      Warning: No frequencies found for delta (1.0-4.0 Hz) on channel 2
      Warning: No frequencies found for delta (1.0-4.0 Hz) on channel 3
      Warning: No frequencies found for delta (1.0-4.0 Hz) on channel 4
      Warning: No frequencies found for delta (1.0-4.0 Hz) on channel 5
      Warning: No frequencies found for delta (1.0-4.0 Hz) on channel 6
      Warning: No frequencies found for delta (1.0-4.0 Hz) on channel 7
      Warning: No frequencies found for delta (1.0-4.0 Hz) on channel 8
      Warning: No frequencies found for delta (1.0-4.0 Hz) on channel 9
      Warning: No frequencies found for delta (1.0-4.0 Hz) on channel 10
      Warning: No frequencies found for delta (1.0-4.0 Hz) on channel 11
      Warning: No frequencies found for delta (1.0-4.0 Hz) on channel 12
      Warning: No frequencies found for delta (1.0-4.0 Hz) on channel 13
      Warning: No frequencies found for delta (1.0-4.0 Hz) on channel 14
      Warning: No frequencies found for delta (1.0-4.0 Hz) on channel 15
      Warning: No frequencies found for delta (1.0-4.0 Hz) on channel 16
      Warning: No frequencies found for delta (1.0-4.0 Hz) on channel 17
      Warning: No frequencies found for delta (1.0-4.0 Hz) on channel 18
      Warning: No frequencies found for delta (1.0-4.0 Hz) on channel 19
      Warning: No frequencies found for delta (1.0-4.0 Hz) on channel 20
      Warning: No frequencies found for delta (1.0-4.0 Hz) on channel 21
      Warning: No frequencies found for delta (1.0-4.0 Hz) on channel 22
      Warning: No frequencies found for delta (1.0-4.0 Hz) on channel 23
      Warning: No frequencies found for delta (1.0-4.0 Hz) on channel 24
      Warning: No frequencies found for delta (1.0-4.0 Hz) on channel 25
      Warning: No frequencies found for delta (1.0-4.0 Hz) on channel 26
      Warning: No frequencies found for delta (1.0-4.0 Hz) on channel 27
      Warning: No frequencies found for delta (1.0-4.0 Hz) on channel 28
      Warning: No frequencies found for delta (1.0-4.0 Hz) on channel 29
      Warning: No frequencies found for delta (1.0-4.0 Hz) on channel 30
      Warning: No frequencies found for delta (1.0-4.0 Hz) on channel 31
      Warning: No frequencies found for delta (1.0-4.0 Hz) on channel 32
      Warning: No frequencies found for delta (1.0-4.0 Hz) on channel 33
      Warning: No frequencies found for delta (1.0-4.0 Hz) on channel 34
      Warning: No frequencies found for delta (1.0-4.0 Hz) on channel 35
      Warning: No frequencies found for delta (1.0-4.0 Hz) on channel 36
      Warning: No frequencies found for delta (1.0-4.0 Hz) on channel 37
      Warning: No frequencies found for delta (1.0-4.0 Hz) on channel 38
      Warning: No frequencies found for delta (1.0-4.0 Hz) on channel 39
      Warning: No frequencies found for delta (1.0-4.0 Hz) on channel 40
      Warning: No frequencies found for delta (1.0-4.0 Hz) on channel 41
      Warning: No frequencies found for delta (1.0-4.0 Hz) on channel 42
      Warning: No frequencies found for delta (1.0-4.0 Hz) on channel 43
      Warning: No frequencies found for delta (1.0-4.0 Hz) on channel 44
      Warning: No frequencies found for delta (1.0-4.0 Hz) on channel 45
      Warning: No frequencies found for delta (1.0-4.0 Hz) on channel 46
      Warning: No frequencies found for delta (1.0-4.0 Hz) on channel 47
      Warning: No frequencies found for delta (1.0-4.0 Hz) on channel 48
      Warning: No frequencies found for delta (1.0-4.0 Hz) on channel 49
      Warning: No frequencies found for delta (1.0-4.0 Hz) on channel 50
      Warning: No frequencies found for delta (1.0-4.0 Hz) on channel 51
      Warning: No frequencies found for delta (1.0-4.0 Hz) on channel 52
      Warning: No frequencies found for delta (1.0-4.0 Hz) on channel 53
      Warning: No frequencies found for delta (1.0-4.0 Hz) on channel 54
      Warning: No frequencies found for delta (1.0-4.0 Hz) on channel 55
      Warning: No frequencies found for delta (1.0-4.0 Hz) on channel 56
      Warning: No frequencies found for delta (1.0-4.0 Hz) on channel 57
      Warning: No frequencies found for delta (1.0-4.0 Hz) on channel 58
      Warning: No frequencies found for delta (1.0-4.0 Hz) on channel 59
      Warning: No frequencies found for delta (1.0-4.0 Hz) on channel 60
      Warning: No frequencies found for delta (1.0-4.0 Hz) on channel 61
      Warning: No frequencies found for delta (1.0-4.0 Hz) on channel 62
      Warning: No frequencies found for delta (1.0-4.0 Hz) on channel 63
      Warning: No frequencies found for delta (1.0-4.0 Hz) on channel 64
      Warning: No frequencies found for delta (1.0-4.0 Hz) on channel 65
      Warning: No frequencies found for delta (1.0-4.0 Hz) on channel 66
      Warning: No frequencies found for delta (1.0-4.0 Hz) on channel 67
      Warning: No frequencies found for delta (1.0-4.0 Hz) on channel 68
      Warning: No frequencies found for delta (1.0-4.0 Hz) on channel 69
      Warning: No frequencies found for delta (1.0-4.0 Hz) on channel 70
      Warning: No frequencies found for delta (1.0-4.0 Hz) on channel 71
      Warning: No frequencies found for delta (1.0-4.0 Hz) on channel 72
      Warning: No frequencies found for delta (1.0-4.0 Hz) on channel 73
      Warning: No frequencies found for delta (1.0-4.0 Hz) on channel 74
      Warning: No frequencies found for delta (1.0-4.0 Hz) on channel 75
      Warning: No frequencies found for delta (1.0-4.0 Hz) on channel 76
      Warning: No frequencies found for delta (1.0-4.0 Hz) on channel 77
      Warning: No frequencies found for delta (1.0-4.0 Hz) on channel 78
      Warning: No frequencies found for delta (1.0-4.0 Hz) on channel 79
      Warning: No frequencies found for delta (1.0-4.0 Hz) on channel 80
      Warning: No frequencies found for delta (1.0-4.0 Hz) on channel 81
      Warning: No frequencies found for delta (1.0-4.0 Hz) on channel 82
      Warning: No frequencies found for delta (1.0-4.0 Hz) on channel 83
      Warning: No frequencies found for delta (1.0-4.0 Hz) on channel 84
      Warning: No frequencies found for delta (1.0-4.0 Hz) on channel 85
      Warning: No frequencies found for delta (1.0-4.0 Hz) on channel 86
      Warning: No frequencies found for delta (1.0-4.0 Hz) on channel 87
      Warning: No frequencies found for delta (1.0-4.0 Hz) on channel 88
      Warning: No frequencies found for delta (1.0-4.0 Hz) on channel 89
      Warning: No frequencies found for delta (1.0-4.0 Hz) on channel 90
      Warning: No frequencies found for delta (1.0-4.0 Hz) on channel 91
      Warning: No frequencies found for delta (1.0-4.0 Hz) on channel 92
      Warning: No frequencies found for delta (1.0-4.0 Hz) on channel 93
      Warning: No frequencies found for delta (1.0-4.0 Hz) on channel 94
      Warning: No frequencies found for delta (1.0-4.0 Hz) on channel 95
      Warning: No frequencies found for delta (1.0-4.0 Hz) on channel 96
      Warning: No frequencies found for delta (1.0-4.0 Hz) on channel 97
      Warning: No frequencies found for delta (1.0-4.0 Hz) on channel 98
      Warning: No frequencies found for delta (1.0-4.0 Hz) on channel 99
      Warning: No frequencies found for delta (1.0-4.0 Hz) on channel 100
      Warning: No frequencies found for delta (1.0-4.0 Hz) on channel 101
      Warning: No frequencies found for delta (1.0-4.0 Hz) on channel 102
      Warning: No frequencies found for delta (1.0-4.0 Hz) on channel 103
      Warning: No frequencies found for delta (1.0-4.0 Hz) on channel 104
      Warning: No frequencies found for delta (1.0-4.0 Hz) on channel 105
      Warning: No frequencies found for delta (1.0-4.0 Hz) on channel 106
      Warning: No frequencies found for delta (1.0-4.0 Hz) on channel 107
      Warning: No frequencies found for delta (1.0-4.0 Hz) on channel 108
      Warning: No frequencies found for delta (1.0-4.0 Hz) on channel 109
      Warning: No frequencies found for delta (1.0-4.0 Hz) on channel 110
      Warning: No frequencies found for delta (1.0-4.0 Hz) on channel 111
      Warning: No frequencies found for delta (1.0-4.0 Hz) on channel 112
      Warning: No frequencies found for delta (1.0-4.0 Hz) on channel 113
      Warning: No frequencies found for delta (1.0-4.0 Hz) on channel 114
      Warning: No frequencies found for delta (1.0-4.0 Hz) on channel 115
      Warning: No frequencies found for delta (1.0-4.0 Hz) on channel 116
      Warning: No frequencies found for delta (1.0-4.0 Hz) on channel 117
      Warning: No frequencies found for delta (1.0-4.0 Hz) on channel 118
      Warning: No frequencies found for delta (1.0-4.0 Hz) on channel 119
      Warning: No frequencies found for delta (1.0-4.0 Hz) on channel 120
      Warning: No frequencies found for delta (1.0-4.0 Hz) on channel 121
      Warning: No frequencies found for delta (1.0-4.0 Hz) on channel 122
      Warning: No frequencies found for delta (1.0-4.0 Hz) on channel 123
      Warning: No frequencies found for delta (1.0-4.0 Hz) on channel 124
      Warning: No frequencies found for delta (1.0-4.0 Hz) on channel 125
      Warning: No frequencies found for delta (1.0-4.0 Hz) on channel 126
      Warning: No frequencies found for delta (1.0-4.0 Hz) on channel 127
      Warning: No frequencies found for delta (1.0-4.0 Hz) on channel 128
      Warning: No frequencies found for delta (1.0-4.0 Hz) on channel 129
      Warning: No frequencies found for delta (1.0-4.0 Hz) on channel 130
      Warning: No frequencies found for delta (1.0-4.0 Hz) on channel 131
      Warning: No frequencies found for delta (1.0-4.0 Hz) on channel 132
      Warning: No frequencies found for delta (1.0-4.0 Hz) on channel 133
      Warning: No frequencies found for delta (1.0-4.0 Hz) on channel 134
      Warning: No frequencies found for delta (1.0-4.0 Hz) on channel 135
      Warning: No frequencies found for delta (1.0-4.0 Hz) on channel 136
      Warning: No frequencies found for delta (1.0-4.0 Hz) on channel 137
      Warning: No frequencies found for delta (1.0-4.0 Hz) on channel 138
      Warning: No frequencies found for delta (1.0-4.0 Hz) on channel 139
      Warning: No frequencies found for delta (1.0-4.0 Hz) on channel 140
      Warning: No frequencies found for delta (1.0-4.0 Hz) on channel 141
      Warning: No frequencies found for delta (1.0-4.0 Hz) on channel 142
      Warning: No frequencies found for delta (1.0-4.0 Hz) on channel 143
      Warning: No frequencies found for delta (1.0-4.0 Hz) on channel 144
      Warning: No frequencies found for delta (1.0-4.0 Hz) on channel 145
      Warning: No frequencies found for delta (1.0-4.0 Hz) on channel 146
      Warning: No frequencies found for delta (1.0-4.0 Hz) on channel 147
      Warning: No frequencies found for delta (1.0-4.0 Hz) on channel 148
      Warning: No frequencies found for delta (1.0-4.0 Hz) on channel 149
      Warning: No frequencies found for delta (1.0-4.0 Hz) on channel 150
      Warning: No frequencies found for delta (1.0-4.0 Hz) on channel 151
      Warning: No frequencies found for delta (1.0-4.0 Hz) on channel 152
      Warning: No frequencies found for delta (1.0-4.0 Hz) on channel 153
      Warning: No frequencies found for delta (1.0-4.0 Hz) on channel 154
      Warning: No frequencies found for delta (1.0-4.0 Hz) on channel 155
      Warning: No frequencies found for delta (1.0-4.0 Hz) on channel 156
      Warning: No frequencies found for delta (1.0-4.0 Hz) on channel 157
      Warning: No frequencies found for delta (1.0-4.0 Hz) on channel 158
      Warning: No frequencies found for delta (1.0-4.0 Hz) on channel 159
      Warning: No frequencies found for delta (1.0-4.0 Hz) on channel 160
      Warning: No frequencies found for delta (1.0-4.0 Hz) on channel 161
      Warning: No frequencies found for delta (1.0-4.0 Hz) on channel 162
      Warning: No frequencies found for delta (1.0-4.0 Hz) on channel 163
      Warning: No frequencies found for delta (1.0-4.0 Hz) on channel 164
    Chunk 31/63 (49.2%)      Warning: No frequencies found for delta (1.0-4.0 Hz) on channel 0
      Warning: No frequencies found for delta (1.0-4.0 Hz) on channel 1
      Warning: No frequencies found for delta (1.0-4.0 Hz) on channel 2
      Warning: No frequencies found for delta (1.0-4.0 Hz) on channel 3
      Warning: No frequencies found for delta (1.0-4.0 Hz) on channel 4
      Warning: No frequencies found for delta (1.0-4.0 Hz) on channel 5
      Warning: No frequencies found for delta (1.0-4.0 Hz) on channel 6
      Warning: No frequencies found for delta (1.0-4.0 Hz) on channel 7
      Warning: No frequencies found for delta (1.0-4.0 Hz) on channel 8
      Warning: No frequencies found for delta (1.0-4.0 Hz) on channel 9
      Warning: No frequencies found for delta (1.0-4.0 Hz) on channel 10
      Warning: No frequencies found for delta (1.0-4.0 Hz) on channel 11
      Warning: No frequencies found for delta (1.0-4.0 Hz) on channel 12
      Warning: No frequencies found for delta (1.0-4.0 Hz) on channel 13
      Warning: No frequencies found for delta (1.0-4.0 Hz) on channel 14
      Warning: No frequencies found for delta (1.0-4.0 Hz) on channel 15
      Warning: No frequencies found for delta (1.0-4.0 Hz) on channel 16
      Warning: No frequencies found for delta (1.0-4.0 Hz) on channel 17
      Warning: No frequencies found for delta (1.0-4.0 Hz) on channel 18
      Warning: No frequencies found for delta (1.0-4.0 Hz) on channel 19
      Warning: No frequencies found for delta (1.0-4.0 Hz) on channel 20
      Warning: No frequencies found for delta (1.0-4.0 Hz) on channel 21
      Warning: No frequencies found for delta (1.0-4.0 Hz) on channel 22
      Warning: No frequencies found for delta (1.0-4.0 Hz) on channel 23
      Warning: No frequencies found for delta (1.0-4.0 Hz) on channel 24
      Warning: No frequencies found for delta (1.0-4.0 Hz) on channel 25
      Warning: No frequencies found for delta (1.0-4.0 Hz) on channel 26
      Warning: No frequencies found for delta (1.0-4.0 Hz) on channel 27
      Warning: No frequencies found for delta (1.0-4.0 Hz) on channel 28
      Warning: No frequencies found for delta (1.0-4.0 Hz) on channel 29
      Warning: No frequencies found for delta (1.0-4.0 Hz) on channel 30
      Warning: No frequencies found for delta (1.0-4.0 Hz) on channel 31
      Warning: No frequencies found for delta (1.0-4.0 Hz) on channel 32
      Warning: No frequencies found for delta (1.0-4.0 Hz) on channel 33
      Warning: No frequencies found for delta (1.0-4.0 Hz) on channel 34
      Warning: No frequencies found for delta (1.0-4.0 Hz) on channel 35
      Warning: No frequencies found for delta (1.0-4.0 Hz) on channel 36
      Warning: No frequencies found for delta (1.0-4.0 Hz) on channel 37
      Warning: No frequencies found for delta (1.0-4.0 Hz) on channel 38
      Warning: No frequencies found for delta (1.0-4.0 Hz) on channel 39
      Warning: No frequencies found for delta (1.0-4.0 Hz) on channel 40
      Warning: No frequencies found for delta (1.0-4.0 Hz) on channel 41
      Warning: No frequencies found for delta (1.0-4.0 Hz) on channel 42
      Warning: No frequencies found for delta (1.0-4.0 Hz) on channel 43
      Warning: No frequencies found for delta (1.0-4.0 Hz) on channel 44
      Warning: No frequencies found for delta (1.0-4.0 Hz) on channel 45
      Warning: No frequencies found for delta (1.0-4.0 Hz) on channel 46
      Warning: No frequencies found for delta (1.0-4.0 Hz) on channel 47
      Warning: No frequencies found for delta (1.0-4.0 Hz) on channel 48
      Warning: No frequencies found for delta (1.0-4.0 Hz) on channel 49
      Warning: No frequencies found for delta (1.0-4.0 Hz) on channel 50
      Warning: No frequencies found for delta (1.0-4.0 Hz) on channel 51
      Warning: No frequencies found for delta (1.0-4.0 Hz) on channel 52
      Warning: No frequencies found for delta (1.0-4.0 Hz) on channel 53
      Warning: No frequencies found for delta (1.0-4.0 Hz) on channel 54
      Warning: No frequencies found for delta (1.0-4.0 Hz) on channel 55
      Warning: No frequencies found for delta (1.0-4.0 Hz) on channel 56
      Warning: No frequencies found for delta (1.0-4.0 Hz) on channel 57
      Warning: No frequencies found for delta (1.0-4.0 Hz) on channel 58
      Warning: No frequencies found for delta (1.0-4.0 Hz) on channel 59
      Warning: No frequencies found for delta (1.0-4.0 Hz) on channel 60
      Warning: No frequencies found for delta (1.0-4.0 Hz) on channel 61
      Warning: No frequencies found for delta (1.0-4.0 Hz) on channel 62
      Warning: No frequencies found for delta (1.0-4.0 Hz) on channel 63
      Warning: No frequencies found for delta (1.0-4.0 Hz) on channel 64
      Warning: No frequencies found for delta (1.0-4.0 Hz) on channel 65
      Warning: No frequencies found for delta (1.0-4.0 Hz) on channel 66
      Warning: No frequencies found for delta (1.0-4.0 Hz) on channel 67
      Warning: No frequencies found for delta (1.0-4.0 Hz) on channel 68
      Warning: No frequencies found for delta (1.0-4.0 Hz) on channel 69
      Warning: No frequencies found for delta (1.0-4.0 Hz) on channel 70
      Warning: No frequencies found for delta (1.0-4.0 Hz) on channel 71
      Warning: No frequencies found for delta (1.0-4.0 Hz) on channel 72
      Warning: No frequencies found for delta (1.0-4.0 Hz) on channel 73
      Warning: No frequencies found for delta (1.0-4.0 Hz) on channel 74
      Warning: No frequencies found for delta (1.0-4.0 Hz) on channel 75
      Warning: No frequencies found for delta (1.0-4.0 Hz) on channel 76
      Warning: No frequencies found for delta (1.0-4.0 Hz) on channel 77
      Warning: No frequencies found for delta (1.0-4.0 Hz) on channel 78
      Warning: No frequencies found for delta (1.0-4.0 Hz) on channel 79
      Warning: No frequencies found for delta (1.0-4.0 Hz) on channel 80
      Warning: No frequencies found for delta (1.0-4.0 Hz) on channel 81
      Warning: No frequencies found for delta (1.0-4.0 Hz) on channel 82
      Warning: No frequencies found for delta (1.0-4.0 Hz) on channel 83
      Warning: No frequencies found for delta (1.0-4.0 Hz) on channel 84
      Warning: No frequencies found for delta (1.0-4.0 Hz) on channel 85
      Warning: No frequencies found for delta (1.0-4.0 Hz) on channel 86
      Warning: No frequencies found for delta (1.0-4.0 Hz) on channel 87
      Warning: No frequencies found for delta (1.0-4.0 Hz) on channel 88
      Warning: No frequencies found for delta (1.0-4.0 Hz) on channel 89
      Warning: No frequencies found for delta (1.0-4.0 Hz) on channel 90
      Warning: No frequencies found for delta (1.0-4.0 Hz) on channel 91
      Warning: No frequencies found for delta (1.0-4.0 Hz) on channel 92
      Warning: No frequencies found for delta (1.0-4.0 Hz) on channel 93
      Warning: No frequencies found for delta (1.0-4.0 Hz) on channel 94
      Warning: No frequencies found for delta (1.0-4.0 Hz) on channel 95
      Warning: No frequencies found for delta (1.0-4.0 Hz) on channel 96
      Warning: No frequencies found for delta (1.0-4.0 Hz) on channel 97
      Warning: No frequencies found for delta (1.0-4.0 Hz) on channel 98
      Warning: No frequencies found for delta (1.0-4.0 Hz) on channel 99
      Warning: No frequencies found for delta (1.0-4.0 Hz) on channel 100
      Warning: No frequencies found for delta (1.0-4.0 Hz) on channel 101
      Warning: No frequencies found for delta (1.0-4.0 Hz) on channel 102
      Warning: No frequencies found for delta (1.0-4.0 Hz) on channel 103
      Warning: No frequencies found for delta (1.0-4.0 Hz) on channel 104
      Warning: No frequencies found for delta (1.0-4.0 Hz) on channel 105
      Warning: No frequencies found for delta (1.0-4.0 Hz) on channel 106
      Warning: No frequencies found for delta (1.0-4.0 Hz) on channel 107
      Warning: No frequencies found for delta (1.0-4.0 Hz) on channel 108
      Warning: No frequencies found for delta (1.0-4.0 Hz) on channel 109
      Warning: No frequencies found for delta (1.0-4.0 Hz) on channel 110
      Warning: No frequencies found for delta (1.0-4.0 Hz) on channel 111
      Warning: No frequencies found for delta (1.0-4.0 Hz) on channel 112
      Warning: No frequencies found for delta (1.0-4.0 Hz) on channel 113
      Warning: No frequencies found for delta (1.0-4.0 Hz) on channel 114
      Warning: No frequencies found for delta (1.0-4.0 Hz) on channel 115
      Warning: No frequencies found for delta (1.0-4.0 Hz) on channel 116
      Warning: No frequencies found for delta (1.0-4.0 Hz) on channel 117
      Warning: No frequencies found for delta (1.0-4.0 Hz) on channel 118
      Warning: No frequencies found for delta (1.0-4.0 Hz) on channel 119
      Warning: No frequencies found for delta (1.0-4.0 Hz) on channel 120
      Warning: No frequencies found for delta (1.0-4.0 Hz) on channel 121
      Warning: No frequencies found for delta (1.0-4.0 Hz) on channel 122
      Warning: No frequencies found for delta (1.0-4.0 Hz) on channel 123
      Warning: No frequencies found for delta (1.0-4.0 Hz) on channel 124
      Warning: No frequencies found for delta (1.0-4.0 Hz) on channel 125
      Warning: No frequencies found for delta (1.0-4.0 Hz) on channel 126
      Warning: No frequencies found for delta (1.0-4.0 Hz) on channel 127
      Warning: No frequencies found for delta (1.0-4.0 Hz) on channel 128
      Warning: No frequencies found for delta (1.0-4.0 Hz) on channel 129
      Warning: No frequencies found for delta (1.0-4.0 Hz) on channel 130
      Warning: No frequencies found for delta (1.0-4.0 Hz) on channel 131
      Warning: No frequencies found for delta (1.0-4.0 Hz) on channel 132
      Warning: No frequencies found for delta (1.0-4.0 Hz) on channel 133
      Warning: No frequencies found for delta (1.0-4.0 Hz) on channel 134
      Warning: No frequencies found for delta (1.0-4.0 Hz) on channel 135
      Warning: No frequencies found for delta (1.0-4.0 Hz) on channel 136
      Warning: No frequencies found for delta (1.0-4.0 Hz) on channel 137
      Warning: No frequencies found for delta (1.0-4.0 Hz) on channel 138
      Warning: No frequencies found for delta (1.0-4.0 Hz) on channel 139
      Warning: No frequencies found for delta (1.0-4.0 Hz) on channel 140
      Warning: No frequencies found for delta (1.0-4.0 Hz) on channel 141
      Warning: No frequencies found for delta (1.0-4.0 Hz) on channel 142
      Warning: No frequencies found for delta (1.0-4.0 Hz) on channel 143
      Warning: No frequencies found for delta (1.0-4.0 Hz) on channel 144
      Warning: No frequencies found for delta (1.0-4.0 Hz) on channel 145
      Warning: No frequencies found for delta (1.0-4.0 Hz) on channel 146
      Warning: No frequencies found for delta (1.0-4.0 Hz) on channel 147
      Warning: No frequencies found for delta (1.0-4.0 Hz) on channel 148
      Warning: No frequencies found for delta (1.0-4.0 Hz) on channel 149
      Warning: No frequencies found for delta (1.0-4.0 Hz) on channel 150
      Warning: No frequencies found for delta (1.0-4.0 Hz) on channel 151
      Warning: No frequencies found for delta (1.0-4.0 Hz) on channel 152
      Warning: No frequencies found for delta (1.0-4.0 Hz) on channel 153
      Warning: No frequencies found for delta (1.0-4.0 Hz) on channel 154
      Warning: No frequencies found for delta (1.0-4.0 Hz) on channel 155
      Warning: No frequencies found for delta (1.0-4.0 Hz) on channel 156
      Warning: No frequencies found for delta (1.0-4.0 Hz) on channel 157
      Warning: No frequencies found for delta (1.0-4.0 Hz) on channel 158
      Warning: No frequencies found for delta (1.0-4.0 Hz) on channel 159
      Warning: No frequencies found for delta (1.0-4.0 Hz) on channel 160
      Warning: No frequencies found for delta (1.0-4.0 Hz) on channel 161
      Warning: No frequencies found for delta (1.0-4.0 Hz) on channel 162
      Warning: No frequencies found for delta (1.0-4.0 Hz) on channel 163
      Warning: No frequencies found for delta (1.0-4.0 Hz) on channel 164
    Chunk 32/63 (50.8%)      Warning: No frequencies found for delta (1.0-4.0 Hz) on channel 0
      Warning: No frequencies found for delta (1.0-4.0 Hz) on channel 1
      Warning: No frequencies found for delta (1.0-4.0 Hz) on channel 2
      Warning: No frequencies found for delta (1.0-4.0 Hz) on channel 3
      Warning: No frequencies found for delta (1.0-4.0 Hz) on channel 4
      Warning: No frequencies found for delta (1.0-4.0 Hz) on channel 5
      Warning: No frequencies found for delta (1.0-4.0 Hz) on channel 6
      Warning: No frequencies found for delta (1.0-4.0 Hz) on channel 7
      Warning: No frequencies found for delta (1.0-4.0 Hz) on channel 8
      Warning: No frequencies found for delta (1.0-4.0 Hz) on channel 9
      Warning: No frequencies found for delta (1.0-4.0 Hz) on channel 10
      Warning: No frequencies found for delta (1.0-4.0 Hz) on channel 11
      Warning: No frequencies found for delta (1.0-4.0 Hz) on channel 12
      Warning: No frequencies found for delta (1.0-4.0 Hz) on channel 13
      Warning: No frequencies found for delta (1.0-4.0 Hz) on channel 14
      Warning: No frequencies found for delta (1.0-4.0 Hz) on channel 15
      Warning: No frequencies found for delta (1.0-4.0 Hz) on channel 16
      Warning: No frequencies found for delta (1.0-4.0 Hz) on channel 17
      Warning: No frequencies found for delta (1.0-4.0 Hz) on channel 18
      Warning: No frequencies found for delta (1.0-4.0 Hz) on channel 19
      Warning: No frequencies found for delta (1.0-4.0 Hz) on channel 20
      Warning: No frequencies found for delta (1.0-4.0 Hz) on channel 21
      Warning: No frequencies found for delta (1.0-4.0 Hz) on channel 22
      Warning: No frequencies found for delta (1.0-4.0 Hz) on channel 23
      Warning: No frequencies found for delta (1.0-4.0 Hz) on channel 24
      Warning: No frequencies found for delta (1.0-4.0 Hz) on channel 25
      Warning: No frequencies found for delta (1.0-4.0 Hz) on channel 26
      Warning: No frequencies found for delta (1.0-4.0 Hz) on channel 27
      Warning: No frequencies found for delta (1.0-4.0 Hz) on channel 28
      Warning: No frequencies found for delta (1.0-4.0 Hz) on channel 29
      Warning: No frequencies found for delta (1.0-4.0 Hz) on channel 30
      Warning: No frequencies found for delta (1.0-4.0 Hz) on channel 31
      Warning: No frequencies found for delta (1.0-4.0 Hz) on channel 32
      Warning: No frequencies found for delta (1.0-4.0 Hz) on channel 33
      Warning: No frequencies found for delta (1.0-4.0 Hz) on channel 34
      Warning: No frequencies found for delta (1.0-4.0 Hz) on channel 35
      Warning: No frequencies found for delta (1.0-4.0 Hz) on channel 36
      Warning: No frequencies found for delta (1.0-4.0 Hz) on channel 37
      Warning: No frequencies found for delta (1.0-4.0 Hz) on channel 38
      Warning: No frequencies found for delta (1.0-4.0 Hz) on channel 39
      Warning: No frequencies found for delta (1.0-4.0 Hz) on channel 40
      Warning: No frequencies found for delta (1.0-4.0 Hz) on channel 41
      Warning: No frequencies found for delta (1.0-4.0 Hz) on channel 42
      Warning: No frequencies found for delta (1.0-4.0 Hz) on channel 43
      Warning: No frequencies found for delta (1.0-4.0 Hz) on channel 44
      Warning: No frequencies found for delta (1.0-4.0 Hz) on channel 45
      Warning: No frequencies found for delta (1.0-4.0 Hz) on channel 46
      Warning: No frequencies found for delta (1.0-4.0 Hz) on channel 47
      Warning: No frequencies found for delta (1.0-4.0 Hz) on channel 48
      Warning: No frequencies found for delta (1.0-4.0 Hz) on channel 49
      Warning: No frequencies found for delta (1.0-4.0 Hz) on channel 50
      Warning: No frequencies found for delta (1.0-4.0 Hz) on channel 51
      Warning: No frequencies found for delta (1.0-4.0 Hz) on channel 52
      Warning: No frequencies found for delta (1.0-4.0 Hz) on channel 53
      Warning: No frequencies found for delta (1.0-4.0 Hz) on channel 54
      Warning: No frequencies found for delta (1.0-4.0 Hz) on channel 55
      Warning: No frequencies found for delta (1.0-4.0 Hz) on channel 56
      Warning: No frequencies found for delta (1.0-4.0 Hz) on channel 57
      Warning: No frequencies found for delta (1.0-4.0 Hz) on channel 58
      Warning: No frequencies found for delta (1.0-4.0 Hz) on channel 59
      Warning: No frequencies found for delta (1.0-4.0 Hz) on channel 60
      Warning: No frequencies found for delta (1.0-4.0 Hz) on channel 61
      Warning: No frequencies found for delta (1.0-4.0 Hz) on channel 62
      Warning: No frequencies found for delta (1.0-4.0 Hz) on channel 63
      Warning: No frequencies found for delta (1.0-4.0 Hz) on channel 64
      Warning: No frequencies found for delta (1.0-4.0 Hz) on channel 65
      Warning: No frequencies found for delta (1.0-4.0 Hz) on channel 66
      Warning: No frequencies found for delta (1.0-4.0 Hz) on channel 67
      Warning: No frequencies found for delta (1.0-4.0 Hz) on channel 68
      Warning: No frequencies found for delta (1.0-4.0 Hz) on channel 69
      Warning: No frequencies found for delta (1.0-4.0 Hz) on channel 70
      Warning: No frequencies found for delta (1.0-4.0 Hz) on channel 71
      Warning: No frequencies found for delta (1.0-4.0 Hz) on channel 72
      Warning: No frequencies found for delta (1.0-4.0 Hz) on channel 73
      Warning: No frequencies found for delta (1.0-4.0 Hz) on channel 74
      Warning: No frequencies found for delta (1.0-4.0 Hz) on channel 75
      Warning: No frequencies found for delta (1.0-4.0 Hz) on channel 76
      Warning: No frequencies found for delta (1.0-4.0 Hz) on channel 77
      Warning: No frequencies found for delta (1.0-4.0 Hz) on channel 78
      Warning: No frequencies found for delta (1.0-4.0 Hz) on channel 79
      Warning: No frequencies found for delta (1.0-4.0 Hz) on channel 80
      Warning: No frequencies found for delta (1.0-4.0 Hz) on channel 81
      Warning: No frequencies found for delta (1.0-4.0 Hz) on channel 82
      Warning: No frequencies found for delta (1.0-4.0 Hz) on channel 83
      Warning: No frequencies found for delta (1.0-4.0 Hz) on channel 84
      Warning: No frequencies found for delta (1.0-4.0 Hz) on channel 85
      Warning: No frequencies found for delta (1.0-4.0 Hz) on channel 86
      Warning: No frequencies found for delta (1.0-4.0 Hz) on channel 87
      Warning: No frequencies found for delta (1.0-4.0 Hz) on channel 88
      Warning: No frequencies found for delta (1.0-4.0 Hz) on channel 89
      Warning: No frequencies found for delta (1.0-4.0 Hz) on channel 90
      Warning: No frequencies found for delta (1.0-4.0 Hz) on channel 91
      Warning: No frequencies found for delta (1.0-4.0 Hz) on channel 92
      Warning: No frequencies found for delta (1.0-4.0 Hz) on channel 93
      Warning: No frequencies found for delta (1.0-4.0 Hz) on channel 94
      Warning: No frequencies found for delta (1.0-4.0 Hz) on channel 95
      Warning: No frequencies found for delta (1.0-4.0 Hz) on channel 96
      Warning: No frequencies found for delta (1.0-4.0 Hz) on channel 97
      Warning: No frequencies found for delta (1.0-4.0 Hz) on channel 98
      Warning: No frequencies found for delta (1.0-4.0 Hz) on channel 99
      Warning: No frequencies found for delta (1.0-4.0 Hz) on channel 100
      Warning: No frequencies found for delta (1.0-4.0 Hz) on channel 101
      Warning: No frequencies found for delta (1.0-4.0 Hz) on channel 102
      Warning: No frequencies found for delta (1.0-4.0 Hz) on channel 103
      Warning: No frequencies found for delta (1.0-4.0 Hz) on channel 104
      Warning: No frequencies found for delta (1.0-4.0 Hz) on channel 105
      Warning: No frequencies found for delta (1.0-4.0 Hz) on channel 106
      Warning: No frequencies found for delta (1.0-4.0 Hz) on channel 107
      Warning: No frequencies found for delta (1.0-4.0 Hz) on channel 108
      Warning: No frequencies found for delta (1.0-4.0 Hz) on channel 109
      Warning: No frequencies found for delta (1.0-4.0 Hz) on channel 110
      Warning: No frequencies found for delta (1.0-4.0 Hz) on channel 111
      Warning: No frequencies found for delta (1.0-4.0 Hz) on channel 112
      Warning: No frequencies found for delta (1.0-4.0 Hz) on channel 113
      Warning: No frequencies found for delta (1.0-4.0 Hz) on channel 114
      Warning: No frequencies found for delta (1.0-4.0 Hz) on channel 115
      Warning: No frequencies found for delta (1.0-4.0 Hz) on channel 116
      Warning: No frequencies found for delta (1.0-4.0 Hz) on channel 117
      Warning: No frequencies found for delta (1.0-4.0 Hz) on channel 118
      Warning: No frequencies found for delta (1.0-4.0 Hz) on channel 119
      Warning: No frequencies found for delta (1.0-4.0 Hz) on channel 120
      Warning: No frequencies found for delta (1.0-4.0 Hz) on channel 121
      Warning: No frequencies found for delta (1.0-4.0 Hz) on channel 122
      Warning: No frequencies found for delta (1.0-4.0 Hz) on channel 123
      Warning: No frequencies found for delta (1.0-4.0 Hz) on channel 124
      Warning: No frequencies found for delta (1.0-4.0 Hz) on channel 125
      Warning: No frequencies found for delta (1.0-4.0 Hz) on channel 126
      Warning: No frequencies found for delta (1.0-4.0 Hz) on channel 127
      Warning: No frequencies found for delta (1.0-4.0 Hz) on channel 128
      Warning: No frequencies found for delta (1.0-4.0 Hz) on channel 129
      Warning: No frequencies found for delta (1.0-4.0 Hz) on channel 130
      Warning: No frequencies found for delta (1.0-4.0 Hz) on channel 131
      Warning: No frequencies found for delta (1.0-4.0 Hz) on channel 132
      Warning: No frequencies found for delta (1.0-4.0 Hz) on channel 133
      Warning: No frequencies found for delta (1.0-4.0 Hz) on channel 134
      Warning: No frequencies found for delta (1.0-4.0 Hz) on channel 135
      Warning: No frequencies found for delta (1.0-4.0 Hz) on channel 136
      Warning: No frequencies found for delta (1.0-4.0 Hz) on channel 137
      Warning: No frequencies found for delta (1.0-4.0 Hz) on channel 138
      Warning: No frequencies found for delta (1.0-4.0 Hz) on channel 139
      Warning: No frequencies found for delta (1.0-4.0 Hz) on channel 140
      Warning: No frequencies found for delta (1.0-4.0 Hz) on channel 141
      Warning: No frequencies found for delta (1.0-4.0 Hz) on channel 142
      Warning: No frequencies found for delta (1.0-4.0 Hz) on channel 143
      Warning: No frequencies found for delta (1.0-4.0 Hz) on channel 144
      Warning: No frequencies found for delta (1.0-4.0 Hz) on channel 145
      Warning: No frequencies found for delta (1.0-4.0 Hz) on channel 146
      Warning: No frequencies found for delta (1.0-4.0 Hz) on channel 147
      Warning: No frequencies found for delta (1.0-4.0 Hz) on channel 148
      Warning: No frequencies found for delta (1.0-4.0 Hz) on channel 149
      Warning: No frequencies found for delta (1.0-4.0 Hz) on channel 150
      Warning: No frequencies found for delta (1.0-4.0 Hz) on channel 151
      Warning: No frequencies found for delta (1.0-4.0 Hz) on channel 152
      Warning: No frequencies found for delta (1.0-4.0 Hz) on channel 153
      Warning: No frequencies found for delta (1.0-4.0 Hz) on channel 154
      Warning: No frequencies found for delta (1.0-4.0 Hz) on channel 155
      Warning: No frequencies found for delta (1.0-4.0 Hz) on channel 156
      Warning: No frequencies found for delta (1.0-4.0 Hz) on channel 157
      Warning: No frequencies found for delta (1.0-4.0 Hz) on channel 158
      Warning: No frequencies found for delta (1.0-4.0 Hz) on channel 159
      Warning: No frequencies found for delta (1.0-4.0 Hz) on channel 160
      Warning: No frequencies found for delta (1.0-4.0 Hz) on channel 161
      Warning: No frequencies found for delta (1.0-4.0 Hz) on channel 162
      Warning: No frequencies found for delta (1.0-4.0 Hz) on channel 163
      Warning: No frequencies found for delta (1.0-4.0 Hz) on channel 164
    Chunk 33/63 (52.4%)      Warning: No frequencies found for delta (1.0-4.0 Hz) on channel 0
      Warning: No frequencies found for delta (1.0-4.0 Hz) on channel 1
      Warning: No frequencies found for delta (1.0-4.0 Hz) on channel 2
      Warning: No frequencies found for delta (1.0-4.0 Hz) on channel 3
      Warning: No frequencies found for delta (1.0-4.0 Hz) on channel 4
      Warning: No frequencies found for delta (1.0-4.0 Hz) on channel 5
      Warning: No frequencies found for delta (1.0-4.0 Hz) on channel 6
      Warning: No frequencies found for delta (1.0-4.0 Hz) on channel 7
      Warning: No frequencies found for delta (1.0-4.0 Hz) on channel 8
      Warning: No frequencies found for delta (1.0-4.0 Hz) on channel 9
      Warning: No frequencies found for delta (1.0-4.0 Hz) on channel 10
      Warning: No frequencies found for delta (1.0-4.0 Hz) on channel 11
      Warning: No frequencies found for delta (1.0-4.0 Hz) on channel 12
      Warning: No frequencies found for delta (1.0-4.0 Hz) on channel 13
      Warning: No frequencies found for delta (1.0-4.0 Hz) on channel 14
      Warning: No frequencies found for delta (1.0-4.0 Hz) on channel 15
      Warning: No frequencies found for delta (1.0-4.0 Hz) on channel 16
      Warning: No frequencies found for delta (1.0-4.0 Hz) on channel 17
      Warning: No frequencies found for delta (1.0-4.0 Hz) on channel 18
      Warning: No frequencies found for delta (1.0-4.0 Hz) on channel 19
      Warning: No frequencies found for delta (1.0-4.0 Hz) on channel 20
      Warning: No frequencies found for delta (1.0-4.0 Hz) on channel 21
      Warning: No frequencies found for delta (1.0-4.0 Hz) on channel 22
      Warning: No frequencies found for delta (1.0-4.0 Hz) on channel 23
      Warning: No frequencies found for delta (1.0-4.0 Hz) on channel 24
      Warning: No frequencies found for delta (1.0-4.0 Hz) on channel 25
      Warning: No frequencies found for delta (1.0-4.0 Hz) on channel 26
      Warning: No frequencies found for delta (1.0-4.0 Hz) on channel 27
      Warning: No frequencies found for delta (1.0-4.0 Hz) on channel 28
      Warning: No frequencies found for delta (1.0-4.0 Hz) on channel 29
      Warning: No frequencies found for delta (1.0-4.0 Hz) on channel 30
      Warning: No frequencies found for delta (1.0-4.0 Hz) on channel 31
      Warning: No frequencies found for delta (1.0-4.0 Hz) on channel 32
      Warning: No frequencies found for delta (1.0-4.0 Hz) on channel 33
      Warning: No frequencies found for delta (1.0-4.0 Hz) on channel 34
      Warning: No frequencies found for delta (1.0-4.0 Hz) on channel 35
      Warning: No frequencies found for delta (1.0-4.0 Hz) on channel 36
      Warning: No frequencies found for delta (1.0-4.0 Hz) on channel 37
      Warning: No frequencies found for delta (1.0-4.0 Hz) on channel 38
      Warning: No frequencies found for delta (1.0-4.0 Hz) on channel 39
      Warning: No frequencies found for delta (1.0-4.0 Hz) on channel 40
      Warning: No frequencies found for delta (1.0-4.0 Hz) on channel 41
      Warning: No frequencies found for delta (1.0-4.0 Hz) on channel 42
      Warning: No frequencies found for delta (1.0-4.0 Hz) on channel 43
      Warning: No frequencies found for delta (1.0-4.0 Hz) on channel 44
      Warning: No frequencies found for delta (1.0-4.0 Hz) on channel 45
      Warning: No frequencies found for delta (1.0-4.0 Hz) on channel 46
      Warning: No frequencies found for delta (1.0-4.0 Hz) on channel 47
      Warning: No frequencies found for delta (1.0-4.0 Hz) on channel 48
      Warning: No frequencies found for delta (1.0-4.0 Hz) on channel 49
      Warning: No frequencies found for delta (1.0-4.0 Hz) on channel 50
      Warning: No frequencies found for delta (1.0-4.0 Hz) on channel 51
      Warning: No frequencies found for delta (1.0-4.0 Hz) on channel 52
      Warning: No frequencies found for delta (1.0-4.0 Hz) on channel 53
      Warning: No frequencies found for delta (1.0-4.0 Hz) on channel 54
      Warning: No frequencies found for delta (1.0-4.0 Hz) on channel 55
      Warning: No frequencies found for delta (1.0-4.0 Hz) on channel 56
      Warning: No frequencies found for delta (1.0-4.0 Hz) on channel 57
      Warning: No frequencies found for delta (1.0-4.0 Hz) on channel 58
      Warning: No frequencies found for delta (1.0-4.0 Hz) on channel 59
      Warning: No frequencies found for delta (1.0-4.0 Hz) on channel 60
      Warning: No frequencies found for delta (1.0-4.0 Hz) on channel 61
      Warning: No frequencies found for delta (1.0-4.0 Hz) on channel 62
      Warning: No frequencies found for delta (1.0-4.0 Hz) on channel 63
      Warning: No frequencies found for delta (1.0-4.0 Hz) on channel 64
      Warning: No frequencies found for delta (1.0-4.0 Hz) on channel 65
      Warning: No frequencies found for delta (1.0-4.0 Hz) on channel 66
      Warning: No frequencies found for delta (1.0-4.0 Hz) on channel 67
      Warning: No frequencies found for delta (1.0-4.0 Hz) on channel 68
      Warning: No frequencies found for delta (1.0-4.0 Hz) on channel 69
      Warning: No frequencies found for delta (1.0-4.0 Hz) on channel 70
      Warning: No frequencies found for delta (1.0-4.0 Hz) on channel 71
      Warning: No frequencies found for delta (1.0-4.0 Hz) on channel 72
      Warning: No frequencies found for delta (1.0-4.0 Hz) on channel 73
      Warning: No frequencies found for delta (1.0-4.0 Hz) on channel 74
      Warning: No frequencies found for delta (1.0-4.0 Hz) on channel 75
      Warning: No frequencies found for delta (1.0-4.0 Hz) on channel 76
      Warning: No frequencies found for delta (1.0-4.0 Hz) on channel 77
      Warning: No frequencies found for delta (1.0-4.0 Hz) on channel 78
      Warning: No frequencies found for delta (1.0-4.0 Hz) on channel 79
      Warning: No frequencies found for delta (1.0-4.0 Hz) on channel 80
      Warning: No frequencies found for delta (1.0-4.0 Hz) on channel 81
      Warning: No frequencies found for delta (1.0-4.0 Hz) on channel 82
      Warning: No frequencies found for delta (1.0-4.0 Hz) on channel 83
      Warning: No frequencies found for delta (1.0-4.0 Hz) on channel 84
      Warning: No frequencies found for delta (1.0-4.0 Hz) on channel 85
      Warning: No frequencies found for delta (1.0-4.0 Hz) on channel 86
      Warning: No frequencies found for delta (1.0-4.0 Hz) on channel 87
      Warning: No frequencies found for delta (1.0-4.0 Hz) on channel 88
      Warning: No frequencies found for delta (1.0-4.0 Hz) on channel 89
      Warning: No frequencies found for delta (1.0-4.0 Hz) on channel 90
      Warning: No frequencies found for delta (1.0-4.0 Hz) on channel 91
      Warning: No frequencies found for delta (1.0-4.0 Hz) on channel 92
      Warning: No frequencies found for delta (1.0-4.0 Hz) on channel 93
      Warning: No frequencies found for delta (1.0-4.0 Hz) on channel 94
      Warning: No frequencies found for delta (1.0-4.0 Hz) on channel 95
      Warning: No frequencies found for delta (1.0-4.0 Hz) on channel 96
      Warning: No frequencies found for delta (1.0-4.0 Hz) on channel 97
      Warning: No frequencies found for delta (1.0-4.0 Hz) on channel 98
      Warning: No frequencies found for delta (1.0-4.0 Hz) on channel 99
      Warning: No frequencies found for delta (1.0-4.0 Hz) on channel 100
      Warning: No frequencies found for delta (1.0-4.0 Hz) on channel 101
      Warning: No frequencies found for delta (1.0-4.0 Hz) on channel 102
      Warning: No frequencies found for delta (1.0-4.0 Hz) on channel 103
      Warning: No frequencies found for delta (1.0-4.0 Hz) on channel 104
      Warning: No frequencies found for delta (1.0-4.0 Hz) on channel 105
      Warning: No frequencies found for delta (1.0-4.0 Hz) on channel 106
      Warning: No frequencies found for delta (1.0-4.0 Hz) on channel 107
      Warning: No frequencies found for delta (1.0-4.0 Hz) on channel 108
      Warning: No frequencies found for delta (1.0-4.0 Hz) on channel 109
      Warning: No frequencies found for delta (1.0-4.0 Hz) on channel 110
      Warning: No frequencies found for delta (1.0-4.0 Hz) on channel 111
      Warning: No frequencies found for delta (1.0-4.0 Hz) on channel 112
      Warning: No frequencies found for delta (1.0-4.0 Hz) on channel 113
      Warning: No frequencies found for delta (1.0-4.0 Hz) on channel 114
      Warning: No frequencies found for delta (1.0-4.0 Hz) on channel 115
      Warning: No frequencies found for delta (1.0-4.0 Hz) on channel 116
      Warning: No frequencies found for delta (1.0-4.0 Hz) on channel 117
      Warning: No frequencies found for delta (1.0-4.0 Hz) on channel 118
      Warning: No frequencies found for delta (1.0-4.0 Hz) on channel 119
      Warning: No frequencies found for delta (1.0-4.0 Hz) on channel 120
      Warning: No frequencies found for delta (1.0-4.0 Hz) on channel 121
      Warning: No frequencies found for delta (1.0-4.0 Hz) on channel 122
      Warning: No frequencies found for delta (1.0-4.0 Hz) on channel 123
      Warning: No frequencies found for delta (1.0-4.0 Hz) on channel 124
      Warning: No frequencies found for delta (1.0-4.0 Hz) on channel 125
      Warning: No frequencies found for delta (1.0-4.0 Hz) on channel 126
      Warning: No frequencies found for delta (1.0-4.0 Hz) on channel 127
      Warning: No frequencies found for delta (1.0-4.0 Hz) on channel 128
      Warning: No frequencies found for delta (1.0-4.0 Hz) on channel 129
      Warning: No frequencies found for delta (1.0-4.0 Hz) on channel 130
      Warning: No frequencies found for delta (1.0-4.0 Hz) on channel 131
      Warning: No frequencies found for delta (1.0-4.0 Hz) on channel 132
      Warning: No frequencies found for delta (1.0-4.0 Hz) on channel 133
      Warning: No frequencies found for delta (1.0-4.0 Hz) on channel 134
      Warning: No frequencies found for delta (1.0-4.0 Hz) on channel 135
      Warning: No frequencies found for delta (1.0-4.0 Hz) on channel 136
      Warning: No frequencies found for delta (1.0-4.0 Hz) on channel 137
      Warning: No frequencies found for delta (1.0-4.0 Hz) on channel 138
      Warning: No frequencies found for delta (1.0-4.0 Hz) on channel 139
      Warning: No frequencies found for delta (1.0-4.0 Hz) on channel 140
      Warning: No frequencies found for delta (1.0-4.0 Hz) on channel 141
      Warning: No frequencies found for delta (1.0-4.0 Hz) on channel 142
      Warning: No frequencies found for delta (1.0-4.0 Hz) on channel 143
      Warning: No frequencies found for delta (1.0-4.0 Hz) on channel 144
      Warning: No frequencies found for delta (1.0-4.0 Hz) on channel 145
      Warning: No frequencies found for delta (1.0-4.0 Hz) on channel 146
      Warning: No frequencies found for delta (1.0-4.0 Hz) on channel 147
      Warning: No frequencies found for delta (1.0-4.0 Hz) on channel 148
      Warning: No frequencies found for delta (1.0-4.0 Hz) on channel 149
      Warning: No frequencies found for delta (1.0-4.0 Hz) on channel 150
      Warning: No frequencies found for delta (1.0-4.0 Hz) on channel 151
      Warning: No frequencies found for delta (1.0-4.0 Hz) on channel 152
      Warning: No frequencies found for delta (1.0-4.0 Hz) on channel 153
      Warning: No frequencies found for delta (1.0-4.0 Hz) on channel 154
      Warning: No frequencies found for delta (1.0-4.0 Hz) on channel 155
      Warning: No frequencies found for delta (1.0-4.0 Hz) on channel 156
      Warning: No frequencies found for delta (1.0-4.0 Hz) on channel 157
      Warning: No frequencies found for delta (1.0-4.0 Hz) on channel 158
      Warning: No frequencies found for delta (1.0-4.0 Hz) on channel 159
      Warning: No frequencies found for delta (1.0-4.0 Hz) on channel 160
      Warning: No frequencies found for delta (1.0-4.0 Hz) on channel 161
      Warning: No frequencies found for delta (1.0-4.0 Hz) on channel 162
      Warning: No frequencies found for delta (1.0-4.0 Hz) on channel 163
      Warning: No frequencies found for delta (1.0-4.0 Hz) on channel 164
    Chunk 34/63 (54.0%)      Warning: No frequencies found for delta (1.0-4.0 Hz) on channel 0
      Warning: No frequencies found for delta (1.0-4.0 Hz) on channel 1
      Warning: No frequencies found for delta (1.0-4.0 Hz) on channel 2
      Warning: No frequencies found for delta (1.0-4.0 Hz) on channel 3
      Warning: No frequencies found for delta (1.0-4.0 Hz) on channel 4
      Warning: No frequencies found for delta (1.0-4.0 Hz) on channel 5
      Warning: No frequencies found for delta (1.0-4.0 Hz) on channel 6
      Warning: No frequencies found for delta (1.0-4.0 Hz) on channel 7
      Warning: No frequencies found for delta (1.0-4.0 Hz) on channel 8
      Warning: No frequencies found for delta (1.0-4.0 Hz) on channel 9
      Warning: No frequencies found for delta (1.0-4.0 Hz) on channel 10
      Warning: No frequencies found for delta (1.0-4.0 Hz) on channel 11
      Warning: No frequencies found for delta (1.0-4.0 Hz) on channel 12
      Warning: No frequencies found for delta (1.0-4.0 Hz) on channel 13
      Warning: No frequencies found for delta (1.0-4.0 Hz) on channel 14
      Warning: No frequencies found for delta (1.0-4.0 Hz) on channel 15
      Warning: No frequencies found for delta (1.0-4.0 Hz) on channel 16
      Warning: No frequencies found for delta (1.0-4.0 Hz) on channel 17
      Warning: No frequencies found for delta (1.0-4.0 Hz) on channel 18
      Warning: No frequencies found for delta (1.0-4.0 Hz) on channel 19
      Warning: No frequencies found for delta (1.0-4.0 Hz) on channel 20
      Warning: No frequencies found for delta (1.0-4.0 Hz) on channel 21
      Warning: No frequencies found for delta (1.0-4.0 Hz) on channel 22
      Warning: No frequencies found for delta (1.0-4.0 Hz) on channel 23
      Warning: No frequencies found for delta (1.0-4.0 Hz) on channel 24
      Warning: No frequencies found for delta (1.0-4.0 Hz) on channel 25
      Warning: No frequencies found for delta (1.0-4.0 Hz) on channel 26
      Warning: No frequencies found for delta (1.0-4.0 Hz) on channel 27
      Warning: No frequencies found for delta (1.0-4.0 Hz) on channel 28
      Warning: No frequencies found for delta (1.0-4.0 Hz) on channel 29
      Warning: No frequencies found for delta (1.0-4.0 Hz) on channel 30
      Warning: No frequencies found for delta (1.0-4.0 Hz) on channel 31
      Warning: No frequencies found for delta (1.0-4.0 Hz) on channel 32
      Warning: No frequencies found for delta (1.0-4.0 Hz) on channel 33
      Warning: No frequencies found for delta (1.0-4.0 Hz) on channel 34
      Warning: No frequencies found for delta (1.0-4.0 Hz) on channel 35
      Warning: No frequencies found for delta (1.0-4.0 Hz) on channel 36
      Warning: No frequencies found for delta (1.0-4.0 Hz) on channel 37
      Warning: No frequencies found for delta (1.0-4.0 Hz) on channel 38
      Warning: No frequencies found for delta (1.0-4.0 Hz) on channel 39
      Warning: No frequencies found for delta (1.0-4.0 Hz) on channel 40
      Warning: No frequencies found for delta (1.0-4.0 Hz) on channel 41
      Warning: No frequencies found for delta (1.0-4.0 Hz) on channel 42
      Warning: No frequencies found for delta (1.0-4.0 Hz) on channel 43
      Warning: No frequencies found for delta (1.0-4.0 Hz) on channel 44
      Warning: No frequencies found for delta (1.0-4.0 Hz) on channel 45
      Warning: No frequencies found for delta (1.0-4.0 Hz) on channel 46
      Warning: No frequencies found for delta (1.0-4.0 Hz) on channel 47
      Warning: No frequencies found for delta (1.0-4.0 Hz) on channel 48
      Warning: No frequencies found for delta (1.0-4.0 Hz) on channel 49
      Warning: No frequencies found for delta (1.0-4.0 Hz) on channel 50
      Warning: No frequencies found for delta (1.0-4.0 Hz) on channel 51
      Warning: No frequencies found for delta (1.0-4.0 Hz) on channel 52
      Warning: No frequencies found for delta (1.0-4.0 Hz) on channel 53
      Warning: No frequencies found for delta (1.0-4.0 Hz) on channel 54
      Warning: No frequencies found for delta (1.0-4.0 Hz) on channel 55
      Warning: No frequencies found for delta (1.0-4.0 Hz) on channel 56
      Warning: No frequencies found for delta (1.0-4.0 Hz) on channel 57
      Warning: No frequencies found for delta (1.0-4.0 Hz) on channel 58
      Warning: No frequencies found for delta (1.0-4.0 Hz) on channel 59
      Warning: No frequencies found for delta (1.0-4.0 Hz) on channel 60
      Warning: No frequencies found for delta (1.0-4.0 Hz) on channel 61
      Warning: No frequencies found for delta (1.0-4.0 Hz) on channel 62
      Warning: No frequencies found for delta (1.0-4.0 Hz) on channel 63
      Warning: No frequencies found for delta (1.0-4.0 Hz) on channel 64
      Warning: No frequencies found for delta (1.0-4.0 Hz) on channel 65
      Warning: No frequencies found for delta (1.0-4.0 Hz) on channel 66
      Warning: No frequencies found for delta (1.0-4.0 Hz) on channel 67
      Warning: No frequencies found for delta (1.0-4.0 Hz) on channel 68
      Warning: No frequencies found for delta (1.0-4.0 Hz) on channel 69
      Warning: No frequencies found for delta (1.0-4.0 Hz) on channel 70
      Warning: No frequencies found for delta (1.0-4.0 Hz) on channel 71
      Warning: No frequencies found for delta (1.0-4.0 Hz) on channel 72
      Warning: No frequencies found for delta (1.0-4.0 Hz) on channel 73
      Warning: No frequencies found for delta (1.0-4.0 Hz) on channel 74
      Warning: No frequencies found for delta (1.0-4.0 Hz) on channel 75
      Warning: No frequencies found for delta (1.0-4.0 Hz) on channel 76
      Warning: No frequencies found for delta (1.0-4.0 Hz) on channel 77
      Warning: No frequencies found for delta (1.0-4.0 Hz) on channel 78
      Warning: No frequencies found for delta (1.0-4.0 Hz) on channel 79
      Warning: No frequencies found for delta (1.0-4.0 Hz) on channel 80
      Warning: No frequencies found for delta (1.0-4.0 Hz) on channel 81
      Warning: No frequencies found for delta (1.0-4.0 Hz) on channel 82
      Warning: No frequencies found for delta (1.0-4.0 Hz) on channel 83
      Warning: No frequencies found for delta (1.0-4.0 Hz) on channel 84
      Warning: No frequencies found for delta (1.0-4.0 Hz) on channel 85
      Warning: No frequencies found for delta (1.0-4.0 Hz) on channel 86
      Warning: No frequencies found for delta (1.0-4.0 Hz) on channel 87
      Warning: No frequencies found for delta (1.0-4.0 Hz) on channel 88
      Warning: No frequencies found for delta (1.0-4.0 Hz) on channel 89
      Warning: No frequencies found for delta (1.0-4.0 Hz) on channel 90
      Warning: No frequencies found for delta (1.0-4.0 Hz) on channel 91
      Warning: No frequencies found for delta (1.0-4.0 Hz) on channel 92
      Warning: No frequencies found for delta (1.0-4.0 Hz) on channel 93
      Warning: No frequencies found for delta (1.0-4.0 Hz) on channel 94
      Warning: No frequencies found for delta (1.0-4.0 Hz) on channel 95
      Warning: No frequencies found for delta (1.0-4.0 Hz) on channel 96
      Warning: No frequencies found for delta (1.0-4.0 Hz) on channel 97
      Warning: No frequencies found for delta (1.0-4.0 Hz) on channel 98
      Warning: No frequencies found for delta (1.0-4.0 Hz) on channel 99
      Warning: No frequencies found for delta (1.0-4.0 Hz) on channel 100
      Warning: No frequencies found for delta (1.0-4.0 Hz) on channel 101
      Warning: No frequencies found for delta (1.0-4.0 Hz) on channel 102
      Warning: No frequencies found for delta (1.0-4.0 Hz) on channel 103
      Warning: No frequencies found for delta (1.0-4.0 Hz) on channel 104
      Warning: No frequencies found for delta (1.0-4.0 Hz) on channel 105
      Warning: No frequencies found for delta (1.0-4.0 Hz) on channel 106
      Warning: No frequencies found for delta (1.0-4.0 Hz) on channel 107
      Warning: No frequencies found for delta (1.0-4.0 Hz) on channel 108
      Warning: No frequencies found for delta (1.0-4.0 Hz) on channel 109
      Warning: No frequencies found for delta (1.0-4.0 Hz) on channel 110
      Warning: No frequencies found for delta (1.0-4.0 Hz) on channel 111
      Warning: No frequencies found for delta (1.0-4.0 Hz) on channel 112
      Warning: No frequencies found for delta (1.0-4.0 Hz) on channel 113
      Warning: No frequencies found for delta (1.0-4.0 Hz) on channel 114
      Warning: No frequencies found for delta (1.0-4.0 Hz) on channel 115
      Warning: No frequencies found for delta (1.0-4.0 Hz) on channel 116
      Warning: No frequencies found for delta (1.0-4.0 Hz) on channel 117
      Warning: No frequencies found for delta (1.0-4.0 Hz) on channel 118
      Warning: No frequencies found for delta (1.0-4.0 Hz) on channel 119
      Warning: No frequencies found for delta (1.0-4.0 Hz) on channel 120
      Warning: No frequencies found for delta (1.0-4.0 Hz) on channel 121
      Warning: No frequencies found for delta (1.0-4.0 Hz) on channel 122
      Warning: No frequencies found for delta (1.0-4.0 Hz) on channel 123
      Warning: No frequencies found for delta (1.0-4.0 Hz) on channel 124
      Warning: No frequencies found for delta (1.0-4.0 Hz) on channel 125
      Warning: No frequencies found for delta (1.0-4.0 Hz) on channel 126
      Warning: No frequencies found for delta (1.0-4.0 Hz) on channel 127
      Warning: No frequencies found for delta (1.0-4.0 Hz) on channel 128
      Warning: No frequencies found for delta (1.0-4.0 Hz) on channel 129
      Warning: No frequencies found for delta (1.0-4.0 Hz) on channel 130
      Warning: No frequencies found for delta (1.0-4.0 Hz) on channel 131
      Warning: No frequencies found for delta (1.0-4.0 Hz) on channel 132
      Warning: No frequencies found for delta (1.0-4.0 Hz) on channel 133
      Warning: No frequencies found for delta (1.0-4.0 Hz) on channel 134
      Warning: No frequencies found for delta (1.0-4.0 Hz) on channel 135
      Warning: No frequencies found for delta (1.0-4.0 Hz) on channel 136
      Warning: No frequencies found for delta (1.0-4.0 Hz) on channel 137
      Warning: No frequencies found for delta (1.0-4.0 Hz) on channel 138
      Warning: No frequencies found for delta (1.0-4.0 Hz) on channel 139
      Warning: No frequencies found for delta (1.0-4.0 Hz) on channel 140
      Warning: No frequencies found for delta (1.0-4.0 Hz) on channel 141
      Warning: No frequencies found for delta (1.0-4.0 Hz) on channel 142
      Warning: No frequencies found for delta (1.0-4.0 Hz) on channel 143
      Warning: No frequencies found for delta (1.0-4.0 Hz) on channel 144
      Warning: No frequencies found for delta (1.0-4.0 Hz) on channel 145
      Warning: No frequencies found for delta (1.0-4.0 Hz) on channel 146
      Warning: No frequencies found for delta (1.0-4.0 Hz) on channel 147
      Warning: No frequencies found for delta (1.0-4.0 Hz) on channel 148
      Warning: No frequencies found for delta (1.0-4.0 Hz) on channel 149
      Warning: No frequencies found for delta (1.0-4.0 Hz) on channel 150
      Warning: No frequencies found for delta (1.0-4.0 Hz) on channel 151
      Warning: No frequencies found for delta (1.0-4.0 Hz) on channel 152
      Warning: No frequencies found for delta (1.0-4.0 Hz) on channel 153
      Warning: No frequencies found for delta (1.0-4.0 Hz) on channel 154
      Warning: No frequencies found for delta (1.0-4.0 Hz) on channel 155
      Warning: No frequencies found for delta (1.0-4.0 Hz) on channel 156
      Warning: No frequencies found for delta (1.0-4.0 Hz) on channel 157
      Warning: No frequencies found for delta (1.0-4.0 Hz) on channel 158
      Warning: No frequencies found for delta (1.0-4.0 Hz) on channel 159
      Warning: No frequencies found for delta (1.0-4.0 Hz) on channel 160
      Warning: No frequencies found for delta (1.0-4.0 Hz) on channel 161
      Warning: No frequencies found for delta (1.0-4.0 Hz) on channel 162
      Warning: No frequencies found for delta (1.0-4.0 Hz) on channel 163
      Warning: No frequencies found for delta (1.0-4.0 Hz) on channel 164
    Chunk 35/63 (55.6%)      Warning: No frequencies found for delta (1.0-4.0 Hz) on channel 0
      Warning: No frequencies found for delta (1.0-4.0 Hz) on channel 1
      Warning: No frequencies found for delta (1.0-4.0 Hz) on channel 2
      Warning: No frequencies found for delta (1.0-4.0 Hz) on channel 3
      Warning: No frequencies found for delta (1.0-4.0 Hz) on channel 4
      Warning: No frequencies found for delta (1.0-4.0 Hz) on channel 5
      Warning: No frequencies found for delta (1.0-4.0 Hz) on channel 6
      Warning: No frequencies found for delta (1.0-4.0 Hz) on channel 7
      Warning: No frequencies found for delta (1.0-4.0 Hz) on channel 8
      Warning: No frequencies found for delta (1.0-4.0 Hz) on channel 9
      Warning: No frequencies found for delta (1.0-4.0 Hz) on channel 10
      Warning: No frequencies found for delta (1.0-4.0 Hz) on channel 11
      Warning: No frequencies found for delta (1.0-4.0 Hz) on channel 12
      Warning: No frequencies found for delta (1.0-4.0 Hz) on channel 13
      Warning: No frequencies found for delta (1.0-4.0 Hz) on channel 14
      Warning: No frequencies found for delta (1.0-4.0 Hz) on channel 15
      Warning: No frequencies found for delta (1.0-4.0 Hz) on channel 16
      Warning: No frequencies found for delta (1.0-4.0 Hz) on channel 17
      Warning: No frequencies found for delta (1.0-4.0 Hz) on channel 18
      Warning: No frequencies found for delta (1.0-4.0 Hz) on channel 19
      Warning: No frequencies found for delta (1.0-4.0 Hz) on channel 20
      Warning: No frequencies found for delta (1.0-4.0 Hz) on channel 21
      Warning: No frequencies found for delta (1.0-4.0 Hz) on channel 22
      Warning: No frequencies found for delta (1.0-4.0 Hz) on channel 23
      Warning: No frequencies found for delta (1.0-4.0 Hz) on channel 24
      Warning: No frequencies found for delta (1.0-4.0 Hz) on channel 25
      Warning: No frequencies found for delta (1.0-4.0 Hz) on channel 26
      Warning: No frequencies found for delta (1.0-4.0 Hz) on channel 27
      Warning: No frequencies found for delta (1.0-4.0 Hz) on channel 28
      Warning: No frequencies found for delta (1.0-4.0 Hz) on channel 29
      Warning: No frequencies found for delta (1.0-4.0 Hz) on channel 30
      Warning: No frequencies found for delta (1.0-4.0 Hz) on channel 31
      Warning: No frequencies found for delta (1.0-4.0 Hz) on channel 32
      Warning: No frequencies found for delta (1.0-4.0 Hz) on channel 33
      Warning: No frequencies found for delta (1.0-4.0 Hz) on channel 34
      Warning: No frequencies found for delta (1.0-4.0 Hz) on channel 35
      Warning: No frequencies found for delta (1.0-4.0 Hz) on channel 36
      Warning: No frequencies found for delta (1.0-4.0 Hz) on channel 37
      Warning: No frequencies found for delta (1.0-4.0 Hz) on channel 38
      Warning: No frequencies found for delta (1.0-4.0 Hz) on channel 39
      Warning: No frequencies found for delta (1.0-4.0 Hz) on channel 40
      Warning: No frequencies found for delta (1.0-4.0 Hz) on channel 41
      Warning: No frequencies found for delta (1.0-4.0 Hz) on channel 42
      Warning: No frequencies found for delta (1.0-4.0 Hz) on channel 43
      Warning: No frequencies found for delta (1.0-4.0 Hz) on channel 44
      Warning: No frequencies found for delta (1.0-4.0 Hz) on channel 45
      Warning: No frequencies found for delta (1.0-4.0 Hz) on channel 46
      Warning: No frequencies found for delta (1.0-4.0 Hz) on channel 47
      Warning: No frequencies found for delta (1.0-4.0 Hz) on channel 48
      Warning: No frequencies found for delta (1.0-4.0 Hz) on channel 49
      Warning: No frequencies found for delta (1.0-4.0 Hz) on channel 50
      Warning: No frequencies found for delta (1.0-4.0 Hz) on channel 51
      Warning: No frequencies found for delta (1.0-4.0 Hz) on channel 52
      Warning: No frequencies found for delta (1.0-4.0 Hz) on channel 53
      Warning: No frequencies found for delta (1.0-4.0 Hz) on channel 54
      Warning: No frequencies found for delta (1.0-4.0 Hz) on channel 55
      Warning: No frequencies found for delta (1.0-4.0 Hz) on channel 56
      Warning: No frequencies found for delta (1.0-4.0 Hz) on channel 57
      Warning: No frequencies found for delta (1.0-4.0 Hz) on channel 58
      Warning: No frequencies found for delta (1.0-4.0 Hz) on channel 59
      Warning: No frequencies found for delta (1.0-4.0 Hz) on channel 60
      Warning: No frequencies found for delta (1.0-4.0 Hz) on channel 61
      Warning: No frequencies found for delta (1.0-4.0 Hz) on channel 62
      Warning: No frequencies found for delta (1.0-4.0 Hz) on channel 63
      Warning: No frequencies found for delta (1.0-4.0 Hz) on channel 64
      Warning: No frequencies found for delta (1.0-4.0 Hz) on channel 65
      Warning: No frequencies found for delta (1.0-4.0 Hz) on channel 66
      Warning: No frequencies found for delta (1.0-4.0 Hz) on channel 67
      Warning: No frequencies found for delta (1.0-4.0 Hz) on channel 68
      Warning: No frequencies found for delta (1.0-4.0 Hz) on channel 69
      Warning: No frequencies found for delta (1.0-4.0 Hz) on channel 70
      Warning: No frequencies found for delta (1.0-4.0 Hz) on channel 71
      Warning: No frequencies found for delta (1.0-4.0 Hz) on channel 72
      Warning: No frequencies found for delta (1.0-4.0 Hz) on channel 73
      Warning: No frequencies found for delta (1.0-4.0 Hz) on channel 74
      Warning: No frequencies found for delta (1.0-4.0 Hz) on channel 75
      Warning: No frequencies found for delta (1.0-4.0 Hz) on channel 76
      Warning: No frequencies found for delta (1.0-4.0 Hz) on channel 77
      Warning: No frequencies found for delta (1.0-4.0 Hz) on channel 78
      Warning: No frequencies found for delta (1.0-4.0 Hz) on channel 79
      Warning: No frequencies found for delta (1.0-4.0 Hz) on channel 80
      Warning: No frequencies found for delta (1.0-4.0 Hz) on channel 81
      Warning: No frequencies found for delta (1.0-4.0 Hz) on channel 82
      Warning: No frequencies found for delta (1.0-4.0 Hz) on channel 83
      Warning: No frequencies found for delta (1.0-4.0 Hz) on channel 84
      Warning: No frequencies found for delta (1.0-4.0 Hz) on channel 85
      Warning: No frequencies found for delta (1.0-4.0 Hz) on channel 86
      Warning: No frequencies found for delta (1.0-4.0 Hz) on channel 87
      Warning: No frequencies found for delta (1.0-4.0 Hz) on channel 88
      Warning: No frequencies found for delta (1.0-4.0 Hz) on channel 89
      Warning: No frequencies found for delta (1.0-4.0 Hz) on channel 90
      Warning: No frequencies found for delta (1.0-4.0 Hz) on channel 91
      Warning: No frequencies found for delta (1.0-4.0 Hz) on channel 92
      Warning: No frequencies found for delta (1.0-4.0 Hz) on channel 93
      Warning: No frequencies found for delta (1.0-4.0 Hz) on channel 94
      Warning: No frequencies found for delta (1.0-4.0 Hz) on channel 95
      Warning: No frequencies found for delta (1.0-4.0 Hz) on channel 96
      Warning: No frequencies found for delta (1.0-4.0 Hz) on channel 97
      Warning: No frequencies found for delta (1.0-4.0 Hz) on channel 98
      Warning: No frequencies found for delta (1.0-4.0 Hz) on channel 99
      Warning: No frequencies found for delta (1.0-4.0 Hz) on channel 100
      Warning: No frequencies found for delta (1.0-4.0 Hz) on channel 101
      Warning: No frequencies found for delta (1.0-4.0 Hz) on channel 102
      Warning: No frequencies found for delta (1.0-4.0 Hz) on channel 103
      Warning: No frequencies found for delta (1.0-4.0 Hz) on channel 104
      Warning: No frequencies found for delta (1.0-4.0 Hz) on channel 105
      Warning: No frequencies found for delta (1.0-4.0 Hz) on channel 106
      Warning: No frequencies found for delta (1.0-4.0 Hz) on channel 107
      Warning: No frequencies found for delta (1.0-4.0 Hz) on channel 108
      Warning: No frequencies found for delta (1.0-4.0 Hz) on channel 109
      Warning: No frequencies found for delta (1.0-4.0 Hz) on channel 110
      Warning: No frequencies found for delta (1.0-4.0 Hz) on channel 111
      Warning: No frequencies found for delta (1.0-4.0 Hz) on channel 112
      Warning: No frequencies found for delta (1.0-4.0 Hz) on channel 113
      Warning: No frequencies found for delta (1.0-4.0 Hz) on channel 114
      Warning: No frequencies found for delta (1.0-4.0 Hz) on channel 115
      Warning: No frequencies found for delta (1.0-4.0 Hz) on channel 116
      Warning: No frequencies found for delta (1.0-4.0 Hz) on channel 117
      Warning: No frequencies found for delta (1.0-4.0 Hz) on channel 118
      Warning: No frequencies found for delta (1.0-4.0 Hz) on channel 119
      Warning: No frequencies found for delta (1.0-4.0 Hz) on channel 120
      Warning: No frequencies found for delta (1.0-4.0 Hz) on channel 121
      Warning: No frequencies found for delta (1.0-4.0 Hz) on channel 122
      Warning: No frequencies found for delta (1.0-4.0 Hz) on channel 123
      Warning: No frequencies found for delta (1.0-4.0 Hz) on channel 124
      Warning: No frequencies found for delta (1.0-4.0 Hz) on channel 125
      Warning: No frequencies found for delta (1.0-4.0 Hz) on channel 126
      Warning: No frequencies found for delta (1.0-4.0 Hz) on channel 127
      Warning: No frequencies found for delta (1.0-4.0 Hz) on channel 128
      Warning: No frequencies found for delta (1.0-4.0 Hz) on channel 129
      Warning: No frequencies found for delta (1.0-4.0 Hz) on channel 130
      Warning: No frequencies found for delta (1.0-4.0 Hz) on channel 131
      Warning: No frequencies found for delta (1.0-4.0 Hz) on channel 132
      Warning: No frequencies found for delta (1.0-4.0 Hz) on channel 133
      Warning: No frequencies found for delta (1.0-4.0 Hz) on channel 134
      Warning: No frequencies found for delta (1.0-4.0 Hz) on channel 135
      Warning: No frequencies found for delta (1.0-4.0 Hz) on channel 136
      Warning: No frequencies found for delta (1.0-4.0 Hz) on channel 137
      Warning: No frequencies found for delta (1.0-4.0 Hz) on channel 138
      Warning: No frequencies found for delta (1.0-4.0 Hz) on channel 139
      Warning: No frequencies found for delta (1.0-4.0 Hz) on channel 140
      Warning: No frequencies found for delta (1.0-4.0 Hz) on channel 141
      Warning: No frequencies found for delta (1.0-4.0 Hz) on channel 142
      Warning: No frequencies found for delta (1.0-4.0 Hz) on channel 143
      Warning: No frequencies found for delta (1.0-4.0 Hz) on channel 144
      Warning: No frequencies found for delta (1.0-4.0 Hz) on channel 145
      Warning: No frequencies found for delta (1.0-4.0 Hz) on channel 146
      Warning: No frequencies found for delta (1.0-4.0 Hz) on channel 147
      Warning: No frequencies found for delta (1.0-4.0 Hz) on channel 148
      Warning: No frequencies found for delta (1.0-4.0 Hz) on channel 149
      Warning: No frequencies found for delta (1.0-4.0 Hz) on channel 150
      Warning: No frequencies found for delta (1.0-4.0 Hz) on channel 151
      Warning: No frequencies found for delta (1.0-4.0 Hz) on channel 152
      Warning: No frequencies found for delta (1.0-4.0 Hz) on channel 153
      Warning: No frequencies found for delta (1.0-4.0 Hz) on channel 154
      Warning: No frequencies found for delta (1.0-4.0 Hz) on channel 155
      Warning: No frequencies found for delta (1.0-4.0 Hz) on channel 156
      Warning: No frequencies found for delta (1.0-4.0 Hz) on channel 157
      Warning: No frequencies found for delta (1.0-4.0 Hz) on channel 158
      Warning: No frequencies found for delta (1.0-4.0 Hz) on channel 159
      Warning: No frequencies found for delta (1.0-4.0 Hz) on channel 160
      Warning: No frequencies found for delta (1.0-4.0 Hz) on channel 161
      Warning: No frequencies found for delta (1.0-4.0 Hz) on channel 162
      Warning: No frequencies found for delta (1.0-4.0 Hz) on channel 163
      Warning: No frequencies found for delta (1.0-4.0 Hz) on channel 164
    Chunk 36/63 (57.1%)      Warning: No frequencies found for delta (1.0-4.0 Hz) on channel 0
      Warning: No frequencies found for delta (1.0-4.0 Hz) on channel 1
      Warning: No frequencies found for delta (1.0-4.0 Hz) on channel 2
      Warning: No frequencies found for delta (1.0-4.0 Hz) on channel 3
      Warning: No frequencies found for delta (1.0-4.0 Hz) on channel 4
      Warning: No frequencies found for delta (1.0-4.0 Hz) on channel 5
      Warning: No frequencies found for delta (1.0-4.0 Hz) on channel 6
      Warning: No frequencies found for delta (1.0-4.0 Hz) on channel 7
      Warning: No frequencies found for delta (1.0-4.0 Hz) on channel 8
      Warning: No frequencies found for delta (1.0-4.0 Hz) on channel 9
      Warning: No frequencies found for delta (1.0-4.0 Hz) on channel 10
      Warning: No frequencies found for delta (1.0-4.0 Hz) on channel 11
      Warning: No frequencies found for delta (1.0-4.0 Hz) on channel 12
      Warning: No frequencies found for delta (1.0-4.0 Hz) on channel 13
      Warning: No frequencies found for delta (1.0-4.0 Hz) on channel 14
      Warning: No frequencies found for delta (1.0-4.0 Hz) on channel 15
      Warning: No frequencies found for delta (1.0-4.0 Hz) on channel 16
      Warning: No frequencies found for delta (1.0-4.0 Hz) on channel 17
      Warning: No frequencies found for delta (1.0-4.0 Hz) on channel 18
      Warning: No frequencies found for delta (1.0-4.0 Hz) on channel 19
      Warning: No frequencies found for delta (1.0-4.0 Hz) on channel 20
      Warning: No frequencies found for delta (1.0-4.0 Hz) on channel 21
      Warning: No frequencies found for delta (1.0-4.0 Hz) on channel 22
      Warning: No frequencies found for delta (1.0-4.0 Hz) on channel 23
      Warning: No frequencies found for delta (1.0-4.0 Hz) on channel 24
      Warning: No frequencies found for delta (1.0-4.0 Hz) on channel 25
      Warning: No frequencies found for delta (1.0-4.0 Hz) on channel 26
      Warning: No frequencies found for delta (1.0-4.0 Hz) on channel 27
      Warning: No frequencies found for delta (1.0-4.0 Hz) on channel 28
      Warning: No frequencies found for delta (1.0-4.0 Hz) on channel 29
      Warning: No frequencies found for delta (1.0-4.0 Hz) on channel 30
      Warning: No frequencies found for delta (1.0-4.0 Hz) on channel 31
      Warning: No frequencies found for delta (1.0-4.0 Hz) on channel 32
      Warning: No frequencies found for delta (1.0-4.0 Hz) on channel 33
      Warning: No frequencies found for delta (1.0-4.0 Hz) on channel 34
      Warning: No frequencies found for delta (1.0-4.0 Hz) on channel 35
      Warning: No frequencies found for delta (1.0-4.0 Hz) on channel 36
      Warning: No frequencies found for delta (1.0-4.0 Hz) on channel 37
      Warning: No frequencies found for delta (1.0-4.0 Hz) on channel 38
      Warning: No frequencies found for delta (1.0-4.0 Hz) on channel 39
      Warning: No frequencies found for delta (1.0-4.0 Hz) on channel 40
      Warning: No frequencies found for delta (1.0-4.0 Hz) on channel 41
      Warning: No frequencies found for delta (1.0-4.0 Hz) on channel 42
      Warning: No frequencies found for delta (1.0-4.0 Hz) on channel 43
      Warning: No frequencies found for delta (1.0-4.0 Hz) on channel 44
      Warning: No frequencies found for delta (1.0-4.0 Hz) on channel 45
      Warning: No frequencies found for delta (1.0-4.0 Hz) on channel 46
      Warning: No frequencies found for delta (1.0-4.0 Hz) on channel 47
      Warning: No frequencies found for delta (1.0-4.0 Hz) on channel 48
      Warning: No frequencies found for delta (1.0-4.0 Hz) on channel 49
      Warning: No frequencies found for delta (1.0-4.0 Hz) on channel 50
      Warning: No frequencies found for delta (1.0-4.0 Hz) on channel 51
      Warning: No frequencies found for delta (1.0-4.0 Hz) on channel 52
      Warning: No frequencies found for delta (1.0-4.0 Hz) on channel 53
      Warning: No frequencies found for delta (1.0-4.0 Hz) on channel 54
      Warning: No frequencies found for delta (1.0-4.0 Hz) on channel 55
      Warning: No frequencies found for delta (1.0-4.0 Hz) on channel 56
      Warning: No frequencies found for delta (1.0-4.0 Hz) on channel 57
      Warning: No frequencies found for delta (1.0-4.0 Hz) on channel 58
      Warning: No frequencies found for delta (1.0-4.0 Hz) on channel 59
      Warning: No frequencies found for delta (1.0-4.0 Hz) on channel 60
      Warning: No frequencies found for delta (1.0-4.0 Hz) on channel 61
      Warning: No frequencies found for delta (1.0-4.0 Hz) on channel 62
      Warning: No frequencies found for delta (1.0-4.0 Hz) on channel 63
      Warning: No frequencies found for delta (1.0-4.0 Hz) on channel 64
      Warning: No frequencies found for delta (1.0-4.0 Hz) on channel 65
      Warning: No frequencies found for delta (1.0-4.0 Hz) on channel 66
      Warning: No frequencies found for delta (1.0-4.0 Hz) on channel 67
      Warning: No frequencies found for delta (1.0-4.0 Hz) on channel 68
      Warning: No frequencies found for delta (1.0-4.0 Hz) on channel 69
      Warning: No frequencies found for delta (1.0-4.0 Hz) on channel 70
      Warning: No frequencies found for delta (1.0-4.0 Hz) on channel 71
      Warning: No frequencies found for delta (1.0-4.0 Hz) on channel 72
      Warning: No frequencies found for delta (1.0-4.0 Hz) on channel 73
      Warning: No frequencies found for delta (1.0-4.0 Hz) on channel 74
      Warning: No frequencies found for delta (1.0-4.0 Hz) on channel 75
      Warning: No frequencies found for delta (1.0-4.0 Hz) on channel 76
      Warning: No frequencies found for delta (1.0-4.0 Hz) on channel 77
      Warning: No frequencies found for delta (1.0-4.0 Hz) on channel 78
      Warning: No frequencies found for delta (1.0-4.0 Hz) on channel 79
      Warning: No frequencies found for delta (1.0-4.0 Hz) on channel 80
      Warning: No frequencies found for delta (1.0-4.0 Hz) on channel 81
      Warning: No frequencies found for delta (1.0-4.0 Hz) on channel 82
      Warning: No frequencies found for delta (1.0-4.0 Hz) on channel 83
      Warning: No frequencies found for delta (1.0-4.0 Hz) on channel 84
      Warning: No frequencies found for delta (1.0-4.0 Hz) on channel 85
      Warning: No frequencies found for delta (1.0-4.0 Hz) on channel 86
      Warning: No frequencies found for delta (1.0-4.0 Hz) on channel 87
      Warning: No frequencies found for delta (1.0-4.0 Hz) on channel 88
      Warning: No frequencies found for delta (1.0-4.0 Hz) on channel 89
      Warning: No frequencies found for delta (1.0-4.0 Hz) on channel 90
      Warning: No frequencies found for delta (1.0-4.0 Hz) on channel 91
      Warning: No frequencies found for delta (1.0-4.0 Hz) on channel 92
      Warning: No frequencies found for delta (1.0-4.0 Hz) on channel 93
      Warning: No frequencies found for delta (1.0-4.0 Hz) on channel 94
      Warning: No frequencies found for delta (1.0-4.0 Hz) on channel 95
      Warning: No frequencies found for delta (1.0-4.0 Hz) on channel 96
      Warning: No frequencies found for delta (1.0-4.0 Hz) on channel 97
      Warning: No frequencies found for delta (1.0-4.0 Hz) on channel 98
      Warning: No frequencies found for delta (1.0-4.0 Hz) on channel 99
      Warning: No frequencies found for delta (1.0-4.0 Hz) on channel 100
      Warning: No frequencies found for delta (1.0-4.0 Hz) on channel 101
      Warning: No frequencies found for delta (1.0-4.0 Hz) on channel 102
      Warning: No frequencies found for delta (1.0-4.0 Hz) on channel 103
      Warning: No frequencies found for delta (1.0-4.0 Hz) on channel 104
      Warning: No frequencies found for delta (1.0-4.0 Hz) on channel 105
      Warning: No frequencies found for delta (1.0-4.0 Hz) on channel 106
      Warning: No frequencies found for delta (1.0-4.0 Hz) on channel 107
      Warning: No frequencies found for delta (1.0-4.0 Hz) on channel 108
      Warning: No frequencies found for delta (1.0-4.0 Hz) on channel 109
      Warning: No frequencies found for delta (1.0-4.0 Hz) on channel 110
      Warning: No frequencies found for delta (1.0-4.0 Hz) on channel 111
      Warning: No frequencies found for delta (1.0-4.0 Hz) on channel 112
      Warning: No frequencies found for delta (1.0-4.0 Hz) on channel 113
      Warning: No frequencies found for delta (1.0-4.0 Hz) on channel 114
      Warning: No frequencies found for delta (1.0-4.0 Hz) on channel 115
      Warning: No frequencies found for delta (1.0-4.0 Hz) on channel 116
      Warning: No frequencies found for delta (1.0-4.0 Hz) on channel 117
      Warning: No frequencies found for delta (1.0-4.0 Hz) on channel 118
      Warning: No frequencies found for delta (1.0-4.0 Hz) on channel 119
      Warning: No frequencies found for delta (1.0-4.0 Hz) on channel 120
      Warning: No frequencies found for delta (1.0-4.0 Hz) on channel 121
      Warning: No frequencies found for delta (1.0-4.0 Hz) on channel 122
      Warning: No frequencies found for delta (1.0-4.0 Hz) on channel 123
      Warning: No frequencies found for delta (1.0-4.0 Hz) on channel 124
      Warning: No frequencies found for delta (1.0-4.0 Hz) on channel 125
      Warning: No frequencies found for delta (1.0-4.0 Hz) on channel 126
      Warning: No frequencies found for delta (1.0-4.0 Hz) on channel 127
      Warning: No frequencies found for delta (1.0-4.0 Hz) on channel 128
      Warning: No frequencies found for delta (1.0-4.0 Hz) on channel 129
      Warning: No frequencies found for delta (1.0-4.0 Hz) on channel 130
      Warning: No frequencies found for delta (1.0-4.0 Hz) on channel 131
      Warning: No frequencies found for delta (1.0-4.0 Hz) on channel 132
      Warning: No frequencies found for delta (1.0-4.0 Hz) on channel 133
      Warning: No frequencies found for delta (1.0-4.0 Hz) on channel 134
      Warning: No frequencies found for delta (1.0-4.0 Hz) on channel 135
      Warning: No frequencies found for delta (1.0-4.0 Hz) on channel 136
      Warning: No frequencies found for delta (1.0-4.0 Hz) on channel 137
      Warning: No frequencies found for delta (1.0-4.0 Hz) on channel 138
      Warning: No frequencies found for delta (1.0-4.0 Hz) on channel 139
      Warning: No frequencies found for delta (1.0-4.0 Hz) on channel 140
      Warning: No frequencies found for delta (1.0-4.0 Hz) on channel 141
      Warning: No frequencies found for delta (1.0-4.0 Hz) on channel 142
      Warning: No frequencies found for delta (1.0-4.0 Hz) on channel 143
      Warning: No frequencies found for delta (1.0-4.0 Hz) on channel 144
      Warning: No frequencies found for delta (1.0-4.0 Hz) on channel 145
      Warning: No frequencies found for delta (1.0-4.0 Hz) on channel 146
      Warning: No frequencies found for delta (1.0-4.0 Hz) on channel 147
      Warning: No frequencies found for delta (1.0-4.0 Hz) on channel 148
      Warning: No frequencies found for delta (1.0-4.0 Hz) on channel 149
      Warning: No frequencies found for delta (1.0-4.0 Hz) on channel 150
      Warning: No frequencies found for delta (1.0-4.0 Hz) on channel 151
      Warning: No frequencies found for delta (1.0-4.0 Hz) on channel 152
      Warning: No frequencies found for delta (1.0-4.0 Hz) on channel 153
      Warning: No frequencies found for delta (1.0-4.0 Hz) on channel 154
      Warning: No frequencies found for delta (1.0-4.0 Hz) on channel 155
      Warning: No frequencies found for delta (1.0-4.0 Hz) on channel 156
      Warning: No frequencies found for delta (1.0-4.0 Hz) on channel 157
      Warning: No frequencies found for delta (1.0-4.0 Hz) on channel 158
      Warning: No frequencies found for delta (1.0-4.0 Hz) on channel 159
      Warning: No frequencies found for delta (1.0-4.0 Hz) on channel 160
      Warning: No frequencies found for delta (1.0-4.0 Hz) on channel 161
      Warning: No frequencies found for delta (1.0-4.0 Hz) on channel 162
      Warning: No frequencies found for delta (1.0-4.0 Hz) on channel 163
      Warning: No frequencies found for delta (1.0-4.0 Hz) on channel 164
    Chunk 37/63 (58.7%)      Warning: No frequencies found for delta (1.0-4.0 Hz) on channel 0
      Warning: No frequencies found for delta (1.0-4.0 Hz) on channel 1
      Warning: No frequencies found for delta (1.0-4.0 Hz) on channel 2
      Warning: No frequencies found for delta (1.0-4.0 Hz) on channel 3
      Warning: No frequencies found for delta (1.0-4.0 Hz) on channel 4
      Warning: No frequencies found for delta (1.0-4.0 Hz) on channel 5
      Warning: No frequencies found for delta (1.0-4.0 Hz) on channel 6
      Warning: No frequencies found for delta (1.0-4.0 Hz) on channel 7
      Warning: No frequencies found for delta (1.0-4.0 Hz) on channel 8
      Warning: No frequencies found for delta (1.0-4.0 Hz) on channel 9
      Warning: No frequencies found for delta (1.0-4.0 Hz) on channel 10
      Warning: No frequencies found for delta (1.0-4.0 Hz) on channel 11
      Warning: No frequencies found for delta (1.0-4.0 Hz) on channel 12
      Warning: No frequencies found for delta (1.0-4.0 Hz) on channel 13
      Warning: No frequencies found for delta (1.0-4.0 Hz) on channel 14
      Warning: No frequencies found for delta (1.0-4.0 Hz) on channel 15
      Warning: No frequencies found for delta (1.0-4.0 Hz) on channel 16
      Warning: No frequencies found for delta (1.0-4.0 Hz) on channel 17
      Warning: No frequencies found for delta (1.0-4.0 Hz) on channel 18
      Warning: No frequencies found for delta (1.0-4.0 Hz) on channel 19
      Warning: No frequencies found for delta (1.0-4.0 Hz) on channel 20
      Warning: No frequencies found for delta (1.0-4.0 Hz) on channel 21
      Warning: No frequencies found for delta (1.0-4.0 Hz) on channel 22
      Warning: No frequencies found for delta (1.0-4.0 Hz) on channel 23
      Warning: No frequencies found for delta (1.0-4.0 Hz) on channel 24
      Warning: No frequencies found for delta (1.0-4.0 Hz) on channel 25
      Warning: No frequencies found for delta (1.0-4.0 Hz) on channel 26
      Warning: No frequencies found for delta (1.0-4.0 Hz) on channel 27
      Warning: No frequencies found for delta (1.0-4.0 Hz) on channel 28
      Warning: No frequencies found for delta (1.0-4.0 Hz) on channel 29
      Warning: No frequencies found for delta (1.0-4.0 Hz) on channel 30
      Warning: No frequencies found for delta (1.0-4.0 Hz) on channel 31
      Warning: No frequencies found for delta (1.0-4.0 Hz) on channel 32
      Warning: No frequencies found for delta (1.0-4.0 Hz) on channel 33
      Warning: No frequencies found for delta (1.0-4.0 Hz) on channel 34
      Warning: No frequencies found for delta (1.0-4.0 Hz) on channel 35
      Warning: No frequencies found for delta (1.0-4.0 Hz) on channel 36
      Warning: No frequencies found for delta (1.0-4.0 Hz) on channel 37
      Warning: No frequencies found for delta (1.0-4.0 Hz) on channel 38
      Warning: No frequencies found for delta (1.0-4.0 Hz) on channel 39
      Warning: No frequencies found for delta (1.0-4.0 Hz) on channel 40
      Warning: No frequencies found for delta (1.0-4.0 Hz) on channel 41
      Warning: No frequencies found for delta (1.0-4.0 Hz) on channel 42
      Warning: No frequencies found for delta (1.0-4.0 Hz) on channel 43
      Warning: No frequencies found for delta (1.0-4.0 Hz) on channel 44
      Warning: No frequencies found for delta (1.0-4.0 Hz) on channel 45
      Warning: No frequencies found for delta (1.0-4.0 Hz) on channel 46
      Warning: No frequencies found for delta (1.0-4.0 Hz) on channel 47
      Warning: No frequencies found for delta (1.0-4.0 Hz) on channel 48
      Warning: No frequencies found for delta (1.0-4.0 Hz) on channel 49
      Warning: No frequencies found for delta (1.0-4.0 Hz) on channel 50
      Warning: No frequencies found for delta (1.0-4.0 Hz) on channel 51
      Warning: No frequencies found for delta (1.0-4.0 Hz) on channel 52
      Warning: No frequencies found for delta (1.0-4.0 Hz) on channel 53
      Warning: No frequencies found for delta (1.0-4.0 Hz) on channel 54
      Warning: No frequencies found for delta (1.0-4.0 Hz) on channel 55
      Warning: No frequencies found for delta (1.0-4.0 Hz) on channel 56
      Warning: No frequencies found for delta (1.0-4.0 Hz) on channel 57
      Warning: No frequencies found for delta (1.0-4.0 Hz) on channel 58
      Warning: No frequencies found for delta (1.0-4.0 Hz) on channel 59
      Warning: No frequencies found for delta (1.0-4.0 Hz) on channel 60
      Warning: No frequencies found for delta (1.0-4.0 Hz) on channel 61
      Warning: No frequencies found for delta (1.0-4.0 Hz) on channel 62
      Warning: No frequencies found for delta (1.0-4.0 Hz) on channel 63
      Warning: No frequencies found for delta (1.0-4.0 Hz) on channel 64
      Warning: No frequencies found for delta (1.0-4.0 Hz) on channel 65
      Warning: No frequencies found for delta (1.0-4.0 Hz) on channel 66
      Warning: No frequencies found for delta (1.0-4.0 Hz) on channel 67
      Warning: No frequencies found for delta (1.0-4.0 Hz) on channel 68
      Warning: No frequencies found for delta (1.0-4.0 Hz) on channel 69
      Warning: No frequencies found for delta (1.0-4.0 Hz) on channel 70
      Warning: No frequencies found for delta (1.0-4.0 Hz) on channel 71
      Warning: No frequencies found for delta (1.0-4.0 Hz) on channel 72
      Warning: No frequencies found for delta (1.0-4.0 Hz) on channel 73
      Warning: No frequencies found for delta (1.0-4.0 Hz) on channel 74
      Warning: No frequencies found for delta (1.0-4.0 Hz) on channel 75
      Warning: No frequencies found for delta (1.0-4.0 Hz) on channel 76
      Warning: No frequencies found for delta (1.0-4.0 Hz) on channel 77
      Warning: No frequencies found for delta (1.0-4.0 Hz) on channel 78
      Warning: No frequencies found for delta (1.0-4.0 Hz) on channel 79
      Warning: No frequencies found for delta (1.0-4.0 Hz) on channel 80
      Warning: No frequencies found for delta (1.0-4.0 Hz) on channel 81
      Warning: No frequencies found for delta (1.0-4.0 Hz) on channel 82
      Warning: No frequencies found for delta (1.0-4.0 Hz) on channel 83
      Warning: No frequencies found for delta (1.0-4.0 Hz) on channel 84
      Warning: No frequencies found for delta (1.0-4.0 Hz) on channel 85
      Warning: No frequencies found for delta (1.0-4.0 Hz) on channel 86
      Warning: No frequencies found for delta (1.0-4.0 Hz) on channel 87
      Warning: No frequencies found for delta (1.0-4.0 Hz) on channel 88
      Warning: No frequencies found for delta (1.0-4.0 Hz) on channel 89
      Warning: No frequencies found for delta (1.0-4.0 Hz) on channel 90
      Warning: No frequencies found for delta (1.0-4.0 Hz) on channel 91
      Warning: No frequencies found for delta (1.0-4.0 Hz) on channel 92
      Warning: No frequencies found for delta (1.0-4.0 Hz) on channel 93
      Warning: No frequencies found for delta (1.0-4.0 Hz) on channel 94
      Warning: No frequencies found for delta (1.0-4.0 Hz) on channel 95
      Warning: No frequencies found for delta (1.0-4.0 Hz) on channel 96
      Warning: No frequencies found for delta (1.0-4.0 Hz) on channel 97
      Warning: No frequencies found for delta (1.0-4.0 Hz) on channel 98
      Warning: No frequencies found for delta (1.0-4.0 Hz) on channel 99
      Warning: No frequencies found for delta (1.0-4.0 Hz) on channel 100
      Warning: No frequencies found for delta (1.0-4.0 Hz) on channel 101
      Warning: No frequencies found for delta (1.0-4.0 Hz) on channel 102
      Warning: No frequencies found for delta (1.0-4.0 Hz) on channel 103
      Warning: No frequencies found for delta (1.0-4.0 Hz) on channel 104
      Warning: No frequencies found for delta (1.0-4.0 Hz) on channel 105
      Warning: No frequencies found for delta (1.0-4.0 Hz) on channel 106
      Warning: No frequencies found for delta (1.0-4.0 Hz) on channel 107
      Warning: No frequencies found for delta (1.0-4.0 Hz) on channel 108
      Warning: No frequencies found for delta (1.0-4.0 Hz) on channel 109
      Warning: No frequencies found for delta (1.0-4.0 Hz) on channel 110
      Warning: No frequencies found for delta (1.0-4.0 Hz) on channel 111
      Warning: No frequencies found for delta (1.0-4.0 Hz) on channel 112
      Warning: No frequencies found for delta (1.0-4.0 Hz) on channel 113
      Warning: No frequencies found for delta (1.0-4.0 Hz) on channel 114
      Warning: No frequencies found for delta (1.0-4.0 Hz) on channel 115
      Warning: No frequencies found for delta (1.0-4.0 Hz) on channel 116
      Warning: No frequencies found for delta (1.0-4.0 Hz) on channel 117
      Warning: No frequencies found for delta (1.0-4.0 Hz) on channel 118
      Warning: No frequencies found for delta (1.0-4.0 Hz) on channel 119
      Warning: No frequencies found for delta (1.0-4.0 Hz) on channel 120
      Warning: No frequencies found for delta (1.0-4.0 Hz) on channel 121
      Warning: No frequencies found for delta (1.0-4.0 Hz) on channel 122
      Warning: No frequencies found for delta (1.0-4.0 Hz) on channel 123
      Warning: No frequencies found for delta (1.0-4.0 Hz) on channel 124
      Warning: No frequencies found for delta (1.0-4.0 Hz) on channel 125
      Warning: No frequencies found for delta (1.0-4.0 Hz) on channel 126
      Warning: No frequencies found for delta (1.0-4.0 Hz) on channel 127
      Warning: No frequencies found for delta (1.0-4.0 Hz) on channel 128
      Warning: No frequencies found for delta (1.0-4.0 Hz) on channel 129
      Warning: No frequencies found for delta (1.0-4.0 Hz) on channel 130
      Warning: No frequencies found for delta (1.0-4.0 Hz) on channel 131
      Warning: No frequencies found for delta (1.0-4.0 Hz) on channel 132
      Warning: No frequencies found for delta (1.0-4.0 Hz) on channel 133
      Warning: No frequencies found for delta (1.0-4.0 Hz) on channel 134
      Warning: No frequencies found for delta (1.0-4.0 Hz) on channel 135
      Warning: No frequencies found for delta (1.0-4.0 Hz) on channel 136
      Warning: No frequencies found for delta (1.0-4.0 Hz) on channel 137
      Warning: No frequencies found for delta (1.0-4.0 Hz) on channel 138
      Warning: No frequencies found for delta (1.0-4.0 Hz) on channel 139
      Warning: No frequencies found for delta (1.0-4.0 Hz) on channel 140
      Warning: No frequencies found for delta (1.0-4.0 Hz) on channel 141
      Warning: No frequencies found for delta (1.0-4.0 Hz) on channel 142
      Warning: No frequencies found for delta (1.0-4.0 Hz) on channel 143
      Warning: No frequencies found for delta (1.0-4.0 Hz) on channel 144
      Warning: No frequencies found for delta (1.0-4.0 Hz) on channel 145
      Warning: No frequencies found for delta (1.0-4.0 Hz) on channel 146
      Warning: No frequencies found for delta (1.0-4.0 Hz) on channel 147
      Warning: No frequencies found for delta (1.0-4.0 Hz) on channel 148
      Warning: No frequencies found for delta (1.0-4.0 Hz) on channel 149
      Warning: No frequencies found for delta (1.0-4.0 Hz) on channel 150
      Warning: No frequencies found for delta (1.0-4.0 Hz) on channel 151
      Warning: No frequencies found for delta (1.0-4.0 Hz) on channel 152
      Warning: No frequencies found for delta (1.0-4.0 Hz) on channel 153
      Warning: No frequencies found for delta (1.0-4.0 Hz) on channel 154
      Warning: No frequencies found for delta (1.0-4.0 Hz) on channel 155
      Warning: No frequencies found for delta (1.0-4.0 Hz) on channel 156
      Warning: No frequencies found for delta (1.0-4.0 Hz) on channel 157
      Warning: No frequencies found for delta (1.0-4.0 Hz) on channel 158
      Warning: No frequencies found for delta (1.0-4.0 Hz) on channel 159
      Warning: No frequencies found for delta (1.0-4.0 Hz) on channel 160
      Warning: No frequencies found for delta (1.0-4.0 Hz) on channel 161
      Warning: No frequencies found for delta (1.0-4.0 Hz) on channel 162
      Warning: No frequencies found for delta (1.0-4.0 Hz) on channel 163
      Warning: No frequencies found for delta (1.0-4.0 Hz) on channel 164
    Chunk 38/63 (60.3%)      Warning: No frequencies found for delta (1.0-4.0 Hz) on channel 0
      Warning: No frequencies found for delta (1.0-4.0 Hz) on channel 1
      Warning: No frequencies found for delta (1.0-4.0 Hz) on channel 2
      Warning: No frequencies found for delta (1.0-4.0 Hz) on channel 3
      Warning: No frequencies found for delta (1.0-4.0 Hz) on channel 4
      Warning: No frequencies found for delta (1.0-4.0 Hz) on channel 5
      Warning: No frequencies found for delta (1.0-4.0 Hz) on channel 6
      Warning: No frequencies found for delta (1.0-4.0 Hz) on channel 7
      Warning: No frequencies found for delta (1.0-4.0 Hz) on channel 8
      Warning: No frequencies found for delta (1.0-4.0 Hz) on channel 9
      Warning: No frequencies found for delta (1.0-4.0 Hz) on channel 10
      Warning: No frequencies found for delta (1.0-4.0 Hz) on channel 11
      Warning: No frequencies found for delta (1.0-4.0 Hz) on channel 12
      Warning: No frequencies found for delta (1.0-4.0 Hz) on channel 13
      Warning: No frequencies found for delta (1.0-4.0 Hz) on channel 14
      Warning: No frequencies found for delta (1.0-4.0 Hz) on channel 15
      Warning: No frequencies found for delta (1.0-4.0 Hz) on channel 16
      Warning: No frequencies found for delta (1.0-4.0 Hz) on channel 17
      Warning: No frequencies found for delta (1.0-4.0 Hz) on channel 18
      Warning: No frequencies found for delta (1.0-4.0 Hz) on channel 19
      Warning: No frequencies found for delta (1.0-4.0 Hz) on channel 20
      Warning: No frequencies found for delta (1.0-4.0 Hz) on channel 21
      Warning: No frequencies found for delta (1.0-4.0 Hz) on channel 22
      Warning: No frequencies found for delta (1.0-4.0 Hz) on channel 23
      Warning: No frequencies found for delta (1.0-4.0 Hz) on channel 24
      Warning: No frequencies found for delta (1.0-4.0 Hz) on channel 25
      Warning: No frequencies found for delta (1.0-4.0 Hz) on channel 26
      Warning: No frequencies found for delta (1.0-4.0 Hz) on channel 27
      Warning: No frequencies found for delta (1.0-4.0 Hz) on channel 28
      Warning: No frequencies found for delta (1.0-4.0 Hz) on channel 29
      Warning: No frequencies found for delta (1.0-4.0 Hz) on channel 30
      Warning: No frequencies found for delta (1.0-4.0 Hz) on channel 31
      Warning: No frequencies found for delta (1.0-4.0 Hz) on channel 32
      Warning: No frequencies found for delta (1.0-4.0 Hz) on channel 33
      Warning: No frequencies found for delta (1.0-4.0 Hz) on channel 34
      Warning: No frequencies found for delta (1.0-4.0 Hz) on channel 35
      Warning: No frequencies found for delta (1.0-4.0 Hz) on channel 36
      Warning: No frequencies found for delta (1.0-4.0 Hz) on channel 37
      Warning: No frequencies found for delta (1.0-4.0 Hz) on channel 38
      Warning: No frequencies found for delta (1.0-4.0 Hz) on channel 39
      Warning: No frequencies found for delta (1.0-4.0 Hz) on channel 40
      Warning: No frequencies found for delta (1.0-4.0 Hz) on channel 41
      Warning: No frequencies found for delta (1.0-4.0 Hz) on channel 42
      Warning: No frequencies found for delta (1.0-4.0 Hz) on channel 43
      Warning: No frequencies found for delta (1.0-4.0 Hz) on channel 44
      Warning: No frequencies found for delta (1.0-4.0 Hz) on channel 45
      Warning: No frequencies found for delta (1.0-4.0 Hz) on channel 46
      Warning: No frequencies found for delta (1.0-4.0 Hz) on channel 47
      Warning: No frequencies found for delta (1.0-4.0 Hz) on channel 48
      Warning: No frequencies found for delta (1.0-4.0 Hz) on channel 49
      Warning: No frequencies found for delta (1.0-4.0 Hz) on channel 50
      Warning: No frequencies found for delta (1.0-4.0 Hz) on channel 51
      Warning: No frequencies found for delta (1.0-4.0 Hz) on channel 52
      Warning: No frequencies found for delta (1.0-4.0 Hz) on channel 53
      Warning: No frequencies found for delta (1.0-4.0 Hz) on channel 54
      Warning: No frequencies found for delta (1.0-4.0 Hz) on channel 55
      Warning: No frequencies found for delta (1.0-4.0 Hz) on channel 56
      Warning: No frequencies found for delta (1.0-4.0 Hz) on channel 57
      Warning: No frequencies found for delta (1.0-4.0 Hz) on channel 58
      Warning: No frequencies found for delta (1.0-4.0 Hz) on channel 59
      Warning: No frequencies found for delta (1.0-4.0 Hz) on channel 60
      Warning: No frequencies found for delta (1.0-4.0 Hz) on channel 61
      Warning: No frequencies found for delta (1.0-4.0 Hz) on channel 62
      Warning: No frequencies found for delta (1.0-4.0 Hz) on channel 63
      Warning: No frequencies found for delta (1.0-4.0 Hz) on channel 64
      Warning: No frequencies found for delta (1.0-4.0 Hz) on channel 65
      Warning: No frequencies found for delta (1.0-4.0 Hz) on channel 66
      Warning: No frequencies found for delta (1.0-4.0 Hz) on channel 67
      Warning: No frequencies found for delta (1.0-4.0 Hz) on channel 68
      Warning: No frequencies found for delta (1.0-4.0 Hz) on channel 69
      Warning: No frequencies found for delta (1.0-4.0 Hz) on channel 70
      Warning: No frequencies found for delta (1.0-4.0 Hz) on channel 71
      Warning: No frequencies found for delta (1.0-4.0 Hz) on channel 72
      Warning: No frequencies found for delta (1.0-4.0 Hz) on channel 73
      Warning: No frequencies found for delta (1.0-4.0 Hz) on channel 74
      Warning: No frequencies found for delta (1.0-4.0 Hz) on channel 75
      Warning: No frequencies found for delta (1.0-4.0 Hz) on channel 76
      Warning: No frequencies found for delta (1.0-4.0 Hz) on channel 77
      Warning: No frequencies found for delta (1.0-4.0 Hz) on channel 78
      Warning: No frequencies found for delta (1.0-4.0 Hz) on channel 79
      Warning: No frequencies found for delta (1.0-4.0 Hz) on channel 80
      Warning: No frequencies found for delta (1.0-4.0 Hz) on channel 81
      Warning: No frequencies found for delta (1.0-4.0 Hz) on channel 82
      Warning: No frequencies found for delta (1.0-4.0 Hz) on channel 83
      Warning: No frequencies found for delta (1.0-4.0 Hz) on channel 84
      Warning: No frequencies found for delta (1.0-4.0 Hz) on channel 85
      Warning: No frequencies found for delta (1.0-4.0 Hz) on channel 86
      Warning: No frequencies found for delta (1.0-4.0 Hz) on channel 87
      Warning: No frequencies found for delta (1.0-4.0 Hz) on channel 88
      Warning: No frequencies found for delta (1.0-4.0 Hz) on channel 89
      Warning: No frequencies found for delta (1.0-4.0 Hz) on channel 90
      Warning: No frequencies found for delta (1.0-4.0 Hz) on channel 91
      Warning: No frequencies found for delta (1.0-4.0 Hz) on channel 92
      Warning: No frequencies found for delta (1.0-4.0 Hz) on channel 93
      Warning: No frequencies found for delta (1.0-4.0 Hz) on channel 94
      Warning: No frequencies found for delta (1.0-4.0 Hz) on channel 95
      Warning: No frequencies found for delta (1.0-4.0 Hz) on channel 96
      Warning: No frequencies found for delta (1.0-4.0 Hz) on channel 97
      Warning: No frequencies found for delta (1.0-4.0 Hz) on channel 98
      Warning: No frequencies found for delta (1.0-4.0 Hz) on channel 99
      Warning: No frequencies found for delta (1.0-4.0 Hz) on channel 100
      Warning: No frequencies found for delta (1.0-4.0 Hz) on channel 101
      Warning: No frequencies found for delta (1.0-4.0 Hz) on channel 102
      Warning: No frequencies found for delta (1.0-4.0 Hz) on channel 103
      Warning: No frequencies found for delta (1.0-4.0 Hz) on channel 104
      Warning: No frequencies found for delta (1.0-4.0 Hz) on channel 105
      Warning: No frequencies found for delta (1.0-4.0 Hz) on channel 106
      Warning: No frequencies found for delta (1.0-4.0 Hz) on channel 107
      Warning: No frequencies found for delta (1.0-4.0 Hz) on channel 108
      Warning: No frequencies found for delta (1.0-4.0 Hz) on channel 109
      Warning: No frequencies found for delta (1.0-4.0 Hz) on channel 110
      Warning: No frequencies found for delta (1.0-4.0 Hz) on channel 111
      Warning: No frequencies found for delta (1.0-4.0 Hz) on channel 112
      Warning: No frequencies found for delta (1.0-4.0 Hz) on channel 113
      Warning: No frequencies found for delta (1.0-4.0 Hz) on channel 114
      Warning: No frequencies found for delta (1.0-4.0 Hz) on channel 115
      Warning: No frequencies found for delta (1.0-4.0 Hz) on channel 116
      Warning: No frequencies found for delta (1.0-4.0 Hz) on channel 117
      Warning: No frequencies found for delta (1.0-4.0 Hz) on channel 118
      Warning: No frequencies found for delta (1.0-4.0 Hz) on channel 119
      Warning: No frequencies found for delta (1.0-4.0 Hz) on channel 120
      Warning: No frequencies found for delta (1.0-4.0 Hz) on channel 121
      Warning: No frequencies found for delta (1.0-4.0 Hz) on channel 122
      Warning: No frequencies found for delta (1.0-4.0 Hz) on channel 123
      Warning: No frequencies found for delta (1.0-4.0 Hz) on channel 124
      Warning: No frequencies found for delta (1.0-4.0 Hz) on channel 125
      Warning: No frequencies found for delta (1.0-4.0 Hz) on channel 126
      Warning: No frequencies found for delta (1.0-4.0 Hz) on channel 127
      Warning: No frequencies found for delta (1.0-4.0 Hz) on channel 128
      Warning: No frequencies found for delta (1.0-4.0 Hz) on channel 129
      Warning: No frequencies found for delta (1.0-4.0 Hz) on channel 130
      Warning: No frequencies found for delta (1.0-4.0 Hz) on channel 131
      Warning: No frequencies found for delta (1.0-4.0 Hz) on channel 132
      Warning: No frequencies found for delta (1.0-4.0 Hz) on channel 133
      Warning: No frequencies found for delta (1.0-4.0 Hz) on channel 134
      Warning: No frequencies found for delta (1.0-4.0 Hz) on channel 135
      Warning: No frequencies found for delta (1.0-4.0 Hz) on channel 136
      Warning: No frequencies found for delta (1.0-4.0 Hz) on channel 137
      Warning: No frequencies found for delta (1.0-4.0 Hz) on channel 138
      Warning: No frequencies found for delta (1.0-4.0 Hz) on channel 139
      Warning: No frequencies found for delta (1.0-4.0 Hz) on channel 140
      Warning: No frequencies found for delta (1.0-4.0 Hz) on channel 141
      Warning: No frequencies found for delta (1.0-4.0 Hz) on channel 142
      Warning: No frequencies found for delta (1.0-4.0 Hz) on channel 143
      Warning: No frequencies found for delta (1.0-4.0 Hz) on channel 144
      Warning: No frequencies found for delta (1.0-4.0 Hz) on channel 145
      Warning: No frequencies found for delta (1.0-4.0 Hz) on channel 146
      Warning: No frequencies found for delta (1.0-4.0 Hz) on channel 147
      Warning: No frequencies found for delta (1.0-4.0 Hz) on channel 148
      Warning: No frequencies found for delta (1.0-4.0 Hz) on channel 149
      Warning: No frequencies found for delta (1.0-4.0 Hz) on channel 150
      Warning: No frequencies found for delta (1.0-4.0 Hz) on channel 151
      Warning: No frequencies found for delta (1.0-4.0 Hz) on channel 152
      Warning: No frequencies found for delta (1.0-4.0 Hz) on channel 153
      Warning: No frequencies found for delta (1.0-4.0 Hz) on channel 154
      Warning: No frequencies found for delta (1.0-4.0 Hz) on channel 155
      Warning: No frequencies found for delta (1.0-4.0 Hz) on channel 156
      Warning: No frequencies found for delta (1.0-4.0 Hz) on channel 157
      Warning: No frequencies found for delta (1.0-4.0 Hz) on channel 158
      Warning: No frequencies found for delta (1.0-4.0 Hz) on channel 159
      Warning: No frequencies found for delta (1.0-4.0 Hz) on channel 160
      Warning: No frequencies found for delta (1.0-4.0 Hz) on channel 161
      Warning: No frequencies found for delta (1.0-4.0 Hz) on channel 162
      Warning: No frequencies found for delta (1.0-4.0 Hz) on channel 163
      Warning: No frequencies found for delta (1.0-4.0 Hz) on channel 164
    Chunk 39/63 (61.9%)      Warning: No frequencies found for delta (1.0-4.0 Hz) on channel 0
      Warning: No frequencies found for delta (1.0-4.0 Hz) on channel 1
      Warning: No frequencies found for delta (1.0-4.0 Hz) on channel 2
      Warning: No frequencies found for delta (1.0-4.0 Hz) on channel 3
      Warning: No frequencies found for delta (1.0-4.0 Hz) on channel 4
      Warning: No frequencies found for delta (1.0-4.0 Hz) on channel 5
      Warning: No frequencies found for delta (1.0-4.0 Hz) on channel 6
      Warning: No frequencies found for delta (1.0-4.0 Hz) on channel 7
      Warning: No frequencies found for delta (1.0-4.0 Hz) on channel 8
      Warning: No frequencies found for delta (1.0-4.0 Hz) on channel 9
      Warning: No frequencies found for delta (1.0-4.0 Hz) on channel 10
      Warning: No frequencies found for delta (1.0-4.0 Hz) on channel 11
      Warning: No frequencies found for delta (1.0-4.0 Hz) on channel 12
      Warning: No frequencies found for delta (1.0-4.0 Hz) on channel 13
      Warning: No frequencies found for delta (1.0-4.0 Hz) on channel 14
      Warning: No frequencies found for delta (1.0-4.0 Hz) on channel 15
      Warning: No frequencies found for delta (1.0-4.0 Hz) on channel 16
      Warning: No frequencies found for delta (1.0-4.0 Hz) on channel 17
      Warning: No frequencies found for delta (1.0-4.0 Hz) on channel 18
      Warning: No frequencies found for delta (1.0-4.0 Hz) on channel 19
      Warning: No frequencies found for delta (1.0-4.0 Hz) on channel 20
      Warning: No frequencies found for delta (1.0-4.0 Hz) on channel 21
      Warning: No frequencies found for delta (1.0-4.0 Hz) on channel 22
      Warning: No frequencies found for delta (1.0-4.0 Hz) on channel 23
      Warning: No frequencies found for delta (1.0-4.0 Hz) on channel 24
      Warning: No frequencies found for delta (1.0-4.0 Hz) on channel 25
      Warning: No frequencies found for delta (1.0-4.0 Hz) on channel 26
      Warning: No frequencies found for delta (1.0-4.0 Hz) on channel 27
      Warning: No frequencies found for delta (1.0-4.0 Hz) on channel 28
      Warning: No frequencies found for delta (1.0-4.0 Hz) on channel 29
      Warning: No frequencies found for delta (1.0-4.0 Hz) on channel 30
      Warning: No frequencies found for delta (1.0-4.0 Hz) on channel 31
      Warning: No frequencies found for delta (1.0-4.0 Hz) on channel 32
      Warning: No frequencies found for delta (1.0-4.0 Hz) on channel 33
      Warning: No frequencies found for delta (1.0-4.0 Hz) on channel 34
      Warning: No frequencies found for delta (1.0-4.0 Hz) on channel 35
      Warning: No frequencies found for delta (1.0-4.0 Hz) on channel 36
      Warning: No frequencies found for delta (1.0-4.0 Hz) on channel 37
      Warning: No frequencies found for delta (1.0-4.0 Hz) on channel 38
      Warning: No frequencies found for delta (1.0-4.0 Hz) on channel 39
      Warning: No frequencies found for delta (1.0-4.0 Hz) on channel 40
      Warning: No frequencies found for delta (1.0-4.0 Hz) on channel 41
      Warning: No frequencies found for delta (1.0-4.0 Hz) on channel 42
      Warning: No frequencies found for delta (1.0-4.0 Hz) on channel 43
      Warning: No frequencies found for delta (1.0-4.0 Hz) on channel 44
      Warning: No frequencies found for delta (1.0-4.0 Hz) on channel 45
      Warning: No frequencies found for delta (1.0-4.0 Hz) on channel 46
      Warning: No frequencies found for delta (1.0-4.0 Hz) on channel 47
      Warning: No frequencies found for delta (1.0-4.0 Hz) on channel 48
      Warning: No frequencies found for delta (1.0-4.0 Hz) on channel 49
      Warning: No frequencies found for delta (1.0-4.0 Hz) on channel 50
      Warning: No frequencies found for delta (1.0-4.0 Hz) on channel 51
      Warning: No frequencies found for delta (1.0-4.0 Hz) on channel 52
      Warning: No frequencies found for delta (1.0-4.0 Hz) on channel 53
      Warning: No frequencies found for delta (1.0-4.0 Hz) on channel 54
      Warning: No frequencies found for delta (1.0-4.0 Hz) on channel 55
      Warning: No frequencies found for delta (1.0-4.0 Hz) on channel 56
      Warning: No frequencies found for delta (1.0-4.0 Hz) on channel 57
      Warning: No frequencies found for delta (1.0-4.0 Hz) on channel 58
      Warning: No frequencies found for delta (1.0-4.0 Hz) on channel 59
      Warning: No frequencies found for delta (1.0-4.0 Hz) on channel 60
      Warning: No frequencies found for delta (1.0-4.0 Hz) on channel 61
      Warning: No frequencies found for delta (1.0-4.0 Hz) on channel 62
      Warning: No frequencies found for delta (1.0-4.0 Hz) on channel 63
      Warning: No frequencies found for delta (1.0-4.0 Hz) on channel 64
      Warning: No frequencies found for delta (1.0-4.0 Hz) on channel 65
      Warning: No frequencies found for delta (1.0-4.0 Hz) on channel 66
      Warning: No frequencies found for delta (1.0-4.0 Hz) on channel 67
      Warning: No frequencies found for delta (1.0-4.0 Hz) on channel 68
      Warning: No frequencies found for delta (1.0-4.0 Hz) on channel 69
      Warning: No frequencies found for delta (1.0-4.0 Hz) on channel 70
      Warning: No frequencies found for delta (1.0-4.0 Hz) on channel 71
      Warning: No frequencies found for delta (1.0-4.0 Hz) on channel 72
      Warning: No frequencies found for delta (1.0-4.0 Hz) on channel 73
      Warning: No frequencies found for delta (1.0-4.0 Hz) on channel 74
      Warning: No frequencies found for delta (1.0-4.0 Hz) on channel 75
      Warning: No frequencies found for delta (1.0-4.0 Hz) on channel 76
      Warning: No frequencies found for delta (1.0-4.0 Hz) on channel 77
      Warning: No frequencies found for delta (1.0-4.0 Hz) on channel 78
      Warning: No frequencies found for delta (1.0-4.0 Hz) on channel 79
      Warning: No frequencies found for delta (1.0-4.0 Hz) on channel 80
      Warning: No frequencies found for delta (1.0-4.0 Hz) on channel 81
      Warning: No frequencies found for delta (1.0-4.0 Hz) on channel 82
      Warning: No frequencies found for delta (1.0-4.0 Hz) on channel 83
      Warning: No frequencies found for delta (1.0-4.0 Hz) on channel 84
      Warning: No frequencies found for delta (1.0-4.0 Hz) on channel 85
      Warning: No frequencies found for delta (1.0-4.0 Hz) on channel 86
      Warning: No frequencies found for delta (1.0-4.0 Hz) on channel 87
      Warning: No frequencies found for delta (1.0-4.0 Hz) on channel 88
      Warning: No frequencies found for delta (1.0-4.0 Hz) on channel 89
      Warning: No frequencies found for delta (1.0-4.0 Hz) on channel 90
      Warning: No frequencies found for delta (1.0-4.0 Hz) on channel 91
      Warning: No frequencies found for delta (1.0-4.0 Hz) on channel 92
      Warning: No frequencies found for delta (1.0-4.0 Hz) on channel 93
      Warning: No frequencies found for delta (1.0-4.0 Hz) on channel 94
      Warning: No frequencies found for delta (1.0-4.0 Hz) on channel 95
      Warning: No frequencies found for delta (1.0-4.0 Hz) on channel 96
      Warning: No frequencies found for delta (1.0-4.0 Hz) on channel 97
      Warning: No frequencies found for delta (1.0-4.0 Hz) on channel 98
      Warning: No frequencies found for delta (1.0-4.0 Hz) on channel 99
      Warning: No frequencies found for delta (1.0-4.0 Hz) on channel 100
      Warning: No frequencies found for delta (1.0-4.0 Hz) on channel 101
      Warning: No frequencies found for delta (1.0-4.0 Hz) on channel 102
      Warning: No frequencies found for delta (1.0-4.0 Hz) on channel 103
      Warning: No frequencies found for delta (1.0-4.0 Hz) on channel 104
      Warning: No frequencies found for delta (1.0-4.0 Hz) on channel 105
      Warning: No frequencies found for delta (1.0-4.0 Hz) on channel 106
      Warning: No frequencies found for delta (1.0-4.0 Hz) on channel 107
      Warning: No frequencies found for delta (1.0-4.0 Hz) on channel 108
      Warning: No frequencies found for delta (1.0-4.0 Hz) on channel 109
      Warning: No frequencies found for delta (1.0-4.0 Hz) on channel 110
      Warning: No frequencies found for delta (1.0-4.0 Hz) on channel 111
      Warning: No frequencies found for delta (1.0-4.0 Hz) on channel 112
      Warning: No frequencies found for delta (1.0-4.0 Hz) on channel 113
      Warning: No frequencies found for delta (1.0-4.0 Hz) on channel 114
      Warning: No frequencies found for delta (1.0-4.0 Hz) on channel 115
      Warning: No frequencies found for delta (1.0-4.0 Hz) on channel 116
      Warning: No frequencies found for delta (1.0-4.0 Hz) on channel 117
      Warning: No frequencies found for delta (1.0-4.0 Hz) on channel 118
      Warning: No frequencies found for delta (1.0-4.0 Hz) on channel 119
      Warning: No frequencies found for delta (1.0-4.0 Hz) on channel 120
      Warning: No frequencies found for delta (1.0-4.0 Hz) on channel 121
      Warning: No frequencies found for delta (1.0-4.0 Hz) on channel 122
      Warning: No frequencies found for delta (1.0-4.0 Hz) on channel 123
      Warning: No frequencies found for delta (1.0-4.0 Hz) on channel 124
      Warning: No frequencies found for delta (1.0-4.0 Hz) on channel 125
      Warning: No frequencies found for delta (1.0-4.0 Hz) on channel 126
      Warning: No frequencies found for delta (1.0-4.0 Hz) on channel 127
      Warning: No frequencies found for delta (1.0-4.0 Hz) on channel 128
      Warning: No frequencies found for delta (1.0-4.0 Hz) on channel 129
      Warning: No frequencies found for delta (1.0-4.0 Hz) on channel 130
      Warning: No frequencies found for delta (1.0-4.0 Hz) on channel 131
      Warning: No frequencies found for delta (1.0-4.0 Hz) on channel 132
      Warning: No frequencies found for delta (1.0-4.0 Hz) on channel 133
      Warning: No frequencies found for delta (1.0-4.0 Hz) on channel 134
      Warning: No frequencies found for delta (1.0-4.0 Hz) on channel 135
      Warning: No frequencies found for delta (1.0-4.0 Hz) on channel 136
      Warning: No frequencies found for delta (1.0-4.0 Hz) on channel 137
      Warning: No frequencies found for delta (1.0-4.0 Hz) on channel 138
      Warning: No frequencies found for delta (1.0-4.0 Hz) on channel 139
      Warning: No frequencies found for delta (1.0-4.0 Hz) on channel 140
      Warning: No frequencies found for delta (1.0-4.0 Hz) on channel 141
      Warning: No frequencies found for delta (1.0-4.0 Hz) on channel 142
      Warning: No frequencies found for delta (1.0-4.0 Hz) on channel 143
      Warning: No frequencies found for delta (1.0-4.0 Hz) on channel 144
      Warning: No frequencies found for delta (1.0-4.0 Hz) on channel 145
      Warning: No frequencies found for delta (1.0-4.0 Hz) on channel 146
      Warning: No frequencies found for delta (1.0-4.0 Hz) on channel 147
      Warning: No frequencies found for delta (1.0-4.0 Hz) on channel 148
      Warning: No frequencies found for delta (1.0-4.0 Hz) on channel 149
      Warning: No frequencies found for delta (1.0-4.0 Hz) on channel 150
      Warning: No frequencies found for delta (1.0-4.0 Hz) on channel 151
      Warning: No frequencies found for delta (1.0-4.0 Hz) on channel 152
      Warning: No frequencies found for delta (1.0-4.0 Hz) on channel 153
      Warning: No frequencies found for delta (1.0-4.0 Hz) on channel 154
      Warning: No frequencies found for delta (1.0-4.0 Hz) on channel 155
      Warning: No frequencies found for delta (1.0-4.0 Hz) on channel 156
      Warning: No frequencies found for delta (1.0-4.0 Hz) on channel 157
      Warning: No frequencies found for delta (1.0-4.0 Hz) on channel 158
      Warning: No frequencies found for delta (1.0-4.0 Hz) on channel 159
      Warning: No frequencies found for delta (1.0-4.0 Hz) on channel 160
      Warning: No frequencies found for delta (1.0-4.0 Hz) on channel 161
      Warning: No frequencies found for delta (1.0-4.0 Hz) on channel 162
      Warning: No frequencies found for delta (1.0-4.0 Hz) on channel 163
      Warning: No frequencies found for delta (1.0-4.0 Hz) on channel 164
    Chunk 40/63 (63.5%)      Warning: No frequencies found for delta (1.0-4.0 Hz) on channel 0
      Warning: No frequencies found for delta (1.0-4.0 Hz) on channel 1
      Warning: No frequencies found for delta (1.0-4.0 Hz) on channel 2
      Warning: No frequencies found for delta (1.0-4.0 Hz) on channel 3
      Warning: No frequencies found for delta (1.0-4.0 Hz) on channel 4
      Warning: No frequencies found for delta (1.0-4.0 Hz) on channel 5
      Warning: No frequencies found for delta (1.0-4.0 Hz) on channel 6
      Warning: No frequencies found for delta (1.0-4.0 Hz) on channel 7
      Warning: No frequencies found for delta (1.0-4.0 Hz) on channel 8
      Warning: No frequencies found for delta (1.0-4.0 Hz) on channel 9
      Warning: No frequencies found for delta (1.0-4.0 Hz) on channel 10
      Warning: No frequencies found for delta (1.0-4.0 Hz) on channel 11
      Warning: No frequencies found for delta (1.0-4.0 Hz) on channel 12
      Warning: No frequencies found for delta (1.0-4.0 Hz) on channel 13
      Warning: No frequencies found for delta (1.0-4.0 Hz) on channel 14
      Warning: No frequencies found for delta (1.0-4.0 Hz) on channel 15
      Warning: No frequencies found for delta (1.0-4.0 Hz) on channel 16
      Warning: No frequencies found for delta (1.0-4.0 Hz) on channel 17
      Warning: No frequencies found for delta (1.0-4.0 Hz) on channel 18
      Warning: No frequencies found for delta (1.0-4.0 Hz) on channel 19
      Warning: No frequencies found for delta (1.0-4.0 Hz) on channel 20
      Warning: No frequencies found for delta (1.0-4.0 Hz) on channel 21
      Warning: No frequencies found for delta (1.0-4.0 Hz) on channel 22
      Warning: No frequencies found for delta (1.0-4.0 Hz) on channel 23
      Warning: No frequencies found for delta (1.0-4.0 Hz) on channel 24
      Warning: No frequencies found for delta (1.0-4.0 Hz) on channel 25
      Warning: No frequencies found for delta (1.0-4.0 Hz) on channel 26
      Warning: No frequencies found for delta (1.0-4.0 Hz) on channel 27
      Warning: No frequencies found for delta (1.0-4.0 Hz) on channel 28
      Warning: No frequencies found for delta (1.0-4.0 Hz) on channel 29
      Warning: No frequencies found for delta (1.0-4.0 Hz) on channel 30
      Warning: No frequencies found for delta (1.0-4.0 Hz) on channel 31
      Warning: No frequencies found for delta (1.0-4.0 Hz) on channel 32
      Warning: No frequencies found for delta (1.0-4.0 Hz) on channel 33
      Warning: No frequencies found for delta (1.0-4.0 Hz) on channel 34
      Warning: No frequencies found for delta (1.0-4.0 Hz) on channel 35
      Warning: No frequencies found for delta (1.0-4.0 Hz) on channel 36
      Warning: No frequencies found for delta (1.0-4.0 Hz) on channel 37
      Warning: No frequencies found for delta (1.0-4.0 Hz) on channel 38
      Warning: No frequencies found for delta (1.0-4.0 Hz) on channel 39
      Warning: No frequencies found for delta (1.0-4.0 Hz) on channel 40
      Warning: No frequencies found for delta (1.0-4.0 Hz) on channel 41
      Warning: No frequencies found for delta (1.0-4.0 Hz) on channel 42
      Warning: No frequencies found for delta (1.0-4.0 Hz) on channel 43
      Warning: No frequencies found for delta (1.0-4.0 Hz) on channel 44
      Warning: No frequencies found for delta (1.0-4.0 Hz) on channel 45
      Warning: No frequencies found for delta (1.0-4.0 Hz) on channel 46
      Warning: No frequencies found for delta (1.0-4.0 Hz) on channel 47
      Warning: No frequencies found for delta (1.0-4.0 Hz) on channel 48
      Warning: No frequencies found for delta (1.0-4.0 Hz) on channel 49
      Warning: No frequencies found for delta (1.0-4.0 Hz) on channel 50
      Warning: No frequencies found for delta (1.0-4.0 Hz) on channel 51
      Warning: No frequencies found for delta (1.0-4.0 Hz) on channel 52
      Warning: No frequencies found for delta (1.0-4.0 Hz) on channel 53
      Warning: No frequencies found for delta (1.0-4.0 Hz) on channel 54
      Warning: No frequencies found for delta (1.0-4.0 Hz) on channel 55
      Warning: No frequencies found for delta (1.0-4.0 Hz) on channel 56
      Warning: No frequencies found for delta (1.0-4.0 Hz) on channel 57
      Warning: No frequencies found for delta (1.0-4.0 Hz) on channel 58
      Warning: No frequencies found for delta (1.0-4.0 Hz) on channel 59
      Warning: No frequencies found for delta (1.0-4.0 Hz) on channel 60
      Warning: No frequencies found for delta (1.0-4.0 Hz) on channel 61
      Warning: No frequencies found for delta (1.0-4.0 Hz) on channel 62
      Warning: No frequencies found for delta (1.0-4.0 Hz) on channel 63
      Warning: No frequencies found for delta (1.0-4.0 Hz) on channel 64
      Warning: No frequencies found for delta (1.0-4.0 Hz) on channel 65
      Warning: No frequencies found for delta (1.0-4.0 Hz) on channel 66
      Warning: No frequencies found for delta (1.0-4.0 Hz) on channel 67
      Warning: No frequencies found for delta (1.0-4.0 Hz) on channel 68
      Warning: No frequencies found for delta (1.0-4.0 Hz) on channel 69
      Warning: No frequencies found for delta (1.0-4.0 Hz) on channel 70
      Warning: No frequencies found for delta (1.0-4.0 Hz) on channel 71
      Warning: No frequencies found for delta (1.0-4.0 Hz) on channel 72
      Warning: No frequencies found for delta (1.0-4.0 Hz) on channel 73
      Warning: No frequencies found for delta (1.0-4.0 Hz) on channel 74
      Warning: No frequencies found for delta (1.0-4.0 Hz) on channel 75
      Warning: No frequencies found for delta (1.0-4.0 Hz) on channel 76
      Warning: No frequencies found for delta (1.0-4.0 Hz) on channel 77
      Warning: No frequencies found for delta (1.0-4.0 Hz) on channel 78
      Warning: No frequencies found for delta (1.0-4.0 Hz) on channel 79
      Warning: No frequencies found for delta (1.0-4.0 Hz) on channel 80
      Warning: No frequencies found for delta (1.0-4.0 Hz) on channel 81
      Warning: No frequencies found for delta (1.0-4.0 Hz) on channel 82
      Warning: No frequencies found for delta (1.0-4.0 Hz) on channel 83
      Warning: No frequencies found for delta (1.0-4.0 Hz) on channel 84
      Warning: No frequencies found for delta (1.0-4.0 Hz) on channel 85
      Warning: No frequencies found for delta (1.0-4.0 Hz) on channel 86
      Warning: No frequencies found for delta (1.0-4.0 Hz) on channel 87
      Warning: No frequencies found for delta (1.0-4.0 Hz) on channel 88
      Warning: No frequencies found for delta (1.0-4.0 Hz) on channel 89
      Warning: No frequencies found for delta (1.0-4.0 Hz) on channel 90
      Warning: No frequencies found for delta (1.0-4.0 Hz) on channel 91
      Warning: No frequencies found for delta (1.0-4.0 Hz) on channel 92
      Warning: No frequencies found for delta (1.0-4.0 Hz) on channel 93
      Warning: No frequencies found for delta (1.0-4.0 Hz) on channel 94
      Warning: No frequencies found for delta (1.0-4.0 Hz) on channel 95
      Warning: No frequencies found for delta (1.0-4.0 Hz) on channel 96
      Warning: No frequencies found for delta (1.0-4.0 Hz) on channel 97
      Warning: No frequencies found for delta (1.0-4.0 Hz) on channel 98
      Warning: No frequencies found for delta (1.0-4.0 Hz) on channel 99
      Warning: No frequencies found for delta (1.0-4.0 Hz) on channel 100
      Warning: No frequencies found for delta (1.0-4.0 Hz) on channel 101
      Warning: No frequencies found for delta (1.0-4.0 Hz) on channel 102
      Warning: No frequencies found for delta (1.0-4.0 Hz) on channel 103
      Warning: No frequencies found for delta (1.0-4.0 Hz) on channel 104
      Warning: No frequencies found for delta (1.0-4.0 Hz) on channel 105
      Warning: No frequencies found for delta (1.0-4.0 Hz) on channel 106
      Warning: No frequencies found for delta (1.0-4.0 Hz) on channel 107
      Warning: No frequencies found for delta (1.0-4.0 Hz) on channel 108
      Warning: No frequencies found for delta (1.0-4.0 Hz) on channel 109
      Warning: No frequencies found for delta (1.0-4.0 Hz) on channel 110
      Warning: No frequencies found for delta (1.0-4.0 Hz) on channel 111
      Warning: No frequencies found for delta (1.0-4.0 Hz) on channel 112
      Warning: No frequencies found for delta (1.0-4.0 Hz) on channel 113
      Warning: No frequencies found for delta (1.0-4.0 Hz) on channel 114
      Warning: No frequencies found for delta (1.0-4.0 Hz) on channel 115
      Warning: No frequencies found for delta (1.0-4.0 Hz) on channel 116
      Warning: No frequencies found for delta (1.0-4.0 Hz) on channel 117
      Warning: No frequencies found for delta (1.0-4.0 Hz) on channel 118
      Warning: No frequencies found for delta (1.0-4.0 Hz) on channel 119
      Warning: No frequencies found for delta (1.0-4.0 Hz) on channel 120
      Warning: No frequencies found for delta (1.0-4.0 Hz) on channel 121
      Warning: No frequencies found for delta (1.0-4.0 Hz) on channel 122
      Warning: No frequencies found for delta (1.0-4.0 Hz) on channel 123
      Warning: No frequencies found for delta (1.0-4.0 Hz) on channel 124
      Warning: No frequencies found for delta (1.0-4.0 Hz) on channel 125
      Warning: No frequencies found for delta (1.0-4.0 Hz) on channel 126
      Warning: No frequencies found for delta (1.0-4.0 Hz) on channel 127
      Warning: No frequencies found for delta (1.0-4.0 Hz) on channel 128
      Warning: No frequencies found for delta (1.0-4.0 Hz) on channel 129
      Warning: No frequencies found for delta (1.0-4.0 Hz) on channel 130
      Warning: No frequencies found for delta (1.0-4.0 Hz) on channel 131
      Warning: No frequencies found for delta (1.0-4.0 Hz) on channel 132
      Warning: No frequencies found for delta (1.0-4.0 Hz) on channel 133
      Warning: No frequencies found for delta (1.0-4.0 Hz) on channel 134
      Warning: No frequencies found for delta (1.0-4.0 Hz) on channel 135
      Warning: No frequencies found for delta (1.0-4.0 Hz) on channel 136
      Warning: No frequencies found for delta (1.0-4.0 Hz) on channel 137
      Warning: No frequencies found for delta (1.0-4.0 Hz) on channel 138
      Warning: No frequencies found for delta (1.0-4.0 Hz) on channel 139
      Warning: No frequencies found for delta (1.0-4.0 Hz) on channel 140
      Warning: No frequencies found for delta (1.0-4.0 Hz) on channel 141
      Warning: No frequencies found for delta (1.0-4.0 Hz) on channel 142
      Warning: No frequencies found for delta (1.0-4.0 Hz) on channel 143
      Warning: No frequencies found for delta (1.0-4.0 Hz) on channel 144
      Warning: No frequencies found for delta (1.0-4.0 Hz) on channel 145
      Warning: No frequencies found for delta (1.0-4.0 Hz) on channel 146
      Warning: No frequencies found for delta (1.0-4.0 Hz) on channel 147
      Warning: No frequencies found for delta (1.0-4.0 Hz) on channel 148
      Warning: No frequencies found for delta (1.0-4.0 Hz) on channel 149
      Warning: No frequencies found for delta (1.0-4.0 Hz) on channel 150
      Warning: No frequencies found for delta (1.0-4.0 Hz) on channel 151
      Warning: No frequencies found for delta (1.0-4.0 Hz) on channel 152
      Warning: No frequencies found for delta (1.0-4.0 Hz) on channel 153
      Warning: No frequencies found for delta (1.0-4.0 Hz) on channel 154
      Warning: No frequencies found for delta (1.0-4.0 Hz) on channel 155
      Warning: No frequencies found for delta (1.0-4.0 Hz) on channel 156
      Warning: No frequencies found for delta (1.0-4.0 Hz) on channel 157
      Warning: No frequencies found for delta (1.0-4.0 Hz) on channel 158
      Warning: No frequencies found for delta (1.0-4.0 Hz) on channel 159
      Warning: No frequencies found for delta (1.0-4.0 Hz) on channel 160
      Warning: No frequencies found for delta (1.0-4.0 Hz) on channel 161
      Warning: No frequencies found for delta (1.0-4.0 Hz) on channel 162
      Warning: No frequencies found for delta (1.0-4.0 Hz) on channel 163
      Warning: No frequencies found for delta (1.0-4.0 Hz) on channel 164
    Chunk 41/63 (65.1%)      Warning: No frequencies found for delta (1.0-4.0 Hz) on channel 0
      Warning: No frequencies found for delta (1.0-4.0 Hz) on channel 1
      Warning: No frequencies found for delta (1.0-4.0 Hz) on channel 2
      Warning: No frequencies found for delta (1.0-4.0 Hz) on channel 3
      Warning: No frequencies found for delta (1.0-4.0 Hz) on channel 4
      Warning: No frequencies found for delta (1.0-4.0 Hz) on channel 5
      Warning: No frequencies found for delta (1.0-4.0 Hz) on channel 6
      Warning: No frequencies found for delta (1.0-4.0 Hz) on channel 7
      Warning: No frequencies found for delta (1.0-4.0 Hz) on channel 8
      Warning: No frequencies found for delta (1.0-4.0 Hz) on channel 9
      Warning: No frequencies found for delta (1.0-4.0 Hz) on channel 10
      Warning: No frequencies found for delta (1.0-4.0 Hz) on channel 11
      Warning: No frequencies found for delta (1.0-4.0 Hz) on channel 12
      Warning: No frequencies found for delta (1.0-4.0 Hz) on channel 13
      Warning: No frequencies found for delta (1.0-4.0 Hz) on channel 14
      Warning: No frequencies found for delta (1.0-4.0 Hz) on channel 15
      Warning: No frequencies found for delta (1.0-4.0 Hz) on channel 16
      Warning: No frequencies found for delta (1.0-4.0 Hz) on channel 17
      Warning: No frequencies found for delta (1.0-4.0 Hz) on channel 18
      Warning: No frequencies found for delta (1.0-4.0 Hz) on channel 19
      Warning: No frequencies found for delta (1.0-4.0 Hz) on channel 20
      Warning: No frequencies found for delta (1.0-4.0 Hz) on channel 21
      Warning: No frequencies found for delta (1.0-4.0 Hz) on channel 22
      Warning: No frequencies found for delta (1.0-4.0 Hz) on channel 23
      Warning: No frequencies found for delta (1.0-4.0 Hz) on channel 24
      Warning: No frequencies found for delta (1.0-4.0 Hz) on channel 25
      Warning: No frequencies found for delta (1.0-4.0 Hz) on channel 26
      Warning: No frequencies found for delta (1.0-4.0 Hz) on channel 27
      Warning: No frequencies found for delta (1.0-4.0 Hz) on channel 28
      Warning: No frequencies found for delta (1.0-4.0 Hz) on channel 29
      Warning: No frequencies found for delta (1.0-4.0 Hz) on channel 30
      Warning: No frequencies found for delta (1.0-4.0 Hz) on channel 31
      Warning: No frequencies found for delta (1.0-4.0 Hz) on channel 32
      Warning: No frequencies found for delta (1.0-4.0 Hz) on channel 33
      Warning: No frequencies found for delta (1.0-4.0 Hz) on channel 34
      Warning: No frequencies found for delta (1.0-4.0 Hz) on channel 35
      Warning: No frequencies found for delta (1.0-4.0 Hz) on channel 36
      Warning: No frequencies found for delta (1.0-4.0 Hz) on channel 37
      Warning: No frequencies found for delta (1.0-4.0 Hz) on channel 38
      Warning: No frequencies found for delta (1.0-4.0 Hz) on channel 39
      Warning: No frequencies found for delta (1.0-4.0 Hz) on channel 40
      Warning: No frequencies found for delta (1.0-4.0 Hz) on channel 41
      Warning: No frequencies found for delta (1.0-4.0 Hz) on channel 42
      Warning: No frequencies found for delta (1.0-4.0 Hz) on channel 43
      Warning: No frequencies found for delta (1.0-4.0 Hz) on channel 44
      Warning: No frequencies found for delta (1.0-4.0 Hz) on channel 45
      Warning: No frequencies found for delta (1.0-4.0 Hz) on channel 46
      Warning: No frequencies found for delta (1.0-4.0 Hz) on channel 47
      Warning: No frequencies found for delta (1.0-4.0 Hz) on channel 48
      Warning: No frequencies found for delta (1.0-4.0 Hz) on channel 49
      Warning: No frequencies found for delta (1.0-4.0 Hz) on channel 50
      Warning: No frequencies found for delta (1.0-4.0 Hz) on channel 51
      Warning: No frequencies found for delta (1.0-4.0 Hz) on channel 52
      Warning: No frequencies found for delta (1.0-4.0 Hz) on channel 53
      Warning: No frequencies found for delta (1.0-4.0 Hz) on channel 54
      Warning: No frequencies found for delta (1.0-4.0 Hz) on channel 55
      Warning: No frequencies found for delta (1.0-4.0 Hz) on channel 56
      Warning: No frequencies found for delta (1.0-4.0 Hz) on channel 57
      Warning: No frequencies found for delta (1.0-4.0 Hz) on channel 58
      Warning: No frequencies found for delta (1.0-4.0 Hz) on channel 59
      Warning: No frequencies found for delta (1.0-4.0 Hz) on channel 60
      Warning: No frequencies found for delta (1.0-4.0 Hz) on channel 61
      Warning: No frequencies found for delta (1.0-4.0 Hz) on channel 62
      Warning: No frequencies found for delta (1.0-4.0 Hz) on channel 63
      Warning: No frequencies found for delta (1.0-4.0 Hz) on channel 64
      Warning: No frequencies found for delta (1.0-4.0 Hz) on channel 65
      Warning: No frequencies found for delta (1.0-4.0 Hz) on channel 66
      Warning: No frequencies found for delta (1.0-4.0 Hz) on channel 67
      Warning: No frequencies found for delta (1.0-4.0 Hz) on channel 68
      Warning: No frequencies found for delta (1.0-4.0 Hz) on channel 69
      Warning: No frequencies found for delta (1.0-4.0 Hz) on channel 70
      Warning: No frequencies found for delta (1.0-4.0 Hz) on channel 71
      Warning: No frequencies found for delta (1.0-4.0 Hz) on channel 72
      Warning: No frequencies found for delta (1.0-4.0 Hz) on channel 73
      Warning: No frequencies found for delta (1.0-4.0 Hz) on channel 74
      Warning: No frequencies found for delta (1.0-4.0 Hz) on channel 75
      Warning: No frequencies found for delta (1.0-4.0 Hz) on channel 76
      Warning: No frequencies found for delta (1.0-4.0 Hz) on channel 77
      Warning: No frequencies found for delta (1.0-4.0 Hz) on channel 78
      Warning: No frequencies found for delta (1.0-4.0 Hz) on channel 79
      Warning: No frequencies found for delta (1.0-4.0 Hz) on channel 80
      Warning: No frequencies found for delta (1.0-4.0 Hz) on channel 81
      Warning: No frequencies found for delta (1.0-4.0 Hz) on channel 82
      Warning: No frequencies found for delta (1.0-4.0 Hz) on channel 83
      Warning: No frequencies found for delta (1.0-4.0 Hz) on channel 84
      Warning: No frequencies found for delta (1.0-4.0 Hz) on channel 85
      Warning: No frequencies found for delta (1.0-4.0 Hz) on channel 86
      Warning: No frequencies found for delta (1.0-4.0 Hz) on channel 87
      Warning: No frequencies found for delta (1.0-4.0 Hz) on channel 88
      Warning: No frequencies found for delta (1.0-4.0 Hz) on channel 89
      Warning: No frequencies found for delta (1.0-4.0 Hz) on channel 90
      Warning: No frequencies found for delta (1.0-4.0 Hz) on channel 91
      Warning: No frequencies found for delta (1.0-4.0 Hz) on channel 92
      Warning: No frequencies found for delta (1.0-4.0 Hz) on channel 93
      Warning: No frequencies found for delta (1.0-4.0 Hz) on channel 94
      Warning: No frequencies found for delta (1.0-4.0 Hz) on channel 95
      Warning: No frequencies found for delta (1.0-4.0 Hz) on channel 96
      Warning: No frequencies found for delta (1.0-4.0 Hz) on channel 97
      Warning: No frequencies found for delta (1.0-4.0 Hz) on channel 98
      Warning: No frequencies found for delta (1.0-4.0 Hz) on channel 99
      Warning: No frequencies found for delta (1.0-4.0 Hz) on channel 100
      Warning: No frequencies found for delta (1.0-4.0 Hz) on channel 101
      Warning: No frequencies found for delta (1.0-4.0 Hz) on channel 102
      Warning: No frequencies found for delta (1.0-4.0 Hz) on channel 103
      Warning: No frequencies found for delta (1.0-4.0 Hz) on channel 104
      Warning: No frequencies found for delta (1.0-4.0 Hz) on channel 105
      Warning: No frequencies found for delta (1.0-4.0 Hz) on channel 106
      Warning: No frequencies found for delta (1.0-4.0 Hz) on channel 107
      Warning: No frequencies found for delta (1.0-4.0 Hz) on channel 108
      Warning: No frequencies found for delta (1.0-4.0 Hz) on channel 109
      Warning: No frequencies found for delta (1.0-4.0 Hz) on channel 110
      Warning: No frequencies found for delta (1.0-4.0 Hz) on channel 111
      Warning: No frequencies found for delta (1.0-4.0 Hz) on channel 112
      Warning: No frequencies found for delta (1.0-4.0 Hz) on channel 113
      Warning: No frequencies found for delta (1.0-4.0 Hz) on channel 114
      Warning: No frequencies found for delta (1.0-4.0 Hz) on channel 115
      Warning: No frequencies found for delta (1.0-4.0 Hz) on channel 116
      Warning: No frequencies found for delta (1.0-4.0 Hz) on channel 117
      Warning: No frequencies found for delta (1.0-4.0 Hz) on channel 118
      Warning: No frequencies found for delta (1.0-4.0 Hz) on channel 119
      Warning: No frequencies found for delta (1.0-4.0 Hz) on channel 120
      Warning: No frequencies found for delta (1.0-4.0 Hz) on channel 121
      Warning: No frequencies found for delta (1.0-4.0 Hz) on channel 122
      Warning: No frequencies found for delta (1.0-4.0 Hz) on channel 123
      Warning: No frequencies found for delta (1.0-4.0 Hz) on channel 124
      Warning: No frequencies found for delta (1.0-4.0 Hz) on channel 125
      Warning: No frequencies found for delta (1.0-4.0 Hz) on channel 126
      Warning: No frequencies found for delta (1.0-4.0 Hz) on channel 127
      Warning: No frequencies found for delta (1.0-4.0 Hz) on channel 128
      Warning: No frequencies found for delta (1.0-4.0 Hz) on channel 129
      Warning: No frequencies found for delta (1.0-4.0 Hz) on channel 130
      Warning: No frequencies found for delta (1.0-4.0 Hz) on channel 131
      Warning: No frequencies found for delta (1.0-4.0 Hz) on channel 132
      Warning: No frequencies found for delta (1.0-4.0 Hz) on channel 133
      Warning: No frequencies found for delta (1.0-4.0 Hz) on channel 134
      Warning: No frequencies found for delta (1.0-4.0 Hz) on channel 135
      Warning: No frequencies found for delta (1.0-4.0 Hz) on channel 136
      Warning: No frequencies found for delta (1.0-4.0 Hz) on channel 137
      Warning: No frequencies found for delta (1.0-4.0 Hz) on channel 138
      Warning: No frequencies found for delta (1.0-4.0 Hz) on channel 139
      Warning: No frequencies found for delta (1.0-4.0 Hz) on channel 140
      Warning: No frequencies found for delta (1.0-4.0 Hz) on channel 141
      Warning: No frequencies found for delta (1.0-4.0 Hz) on channel 142
      Warning: No frequencies found for delta (1.0-4.0 Hz) on channel 143
      Warning: No frequencies found for delta (1.0-4.0 Hz) on channel 144
      Warning: No frequencies found for delta (1.0-4.0 Hz) on channel 145
      Warning: No frequencies found for delta (1.0-4.0 Hz) on channel 146
      Warning: No frequencies found for delta (1.0-4.0 Hz) on channel 147
      Warning: No frequencies found for delta (1.0-4.0 Hz) on channel 148
      Warning: No frequencies found for delta (1.0-4.0 Hz) on channel 149
      Warning: No frequencies found for delta (1.0-4.0 Hz) on channel 150
      Warning: No frequencies found for delta (1.0-4.0 Hz) on channel 151
      Warning: No frequencies found for delta (1.0-4.0 Hz) on channel 152
      Warning: No frequencies found for delta (1.0-4.0 Hz) on channel 153
      Warning: No frequencies found for delta (1.0-4.0 Hz) on channel 154
      Warning: No frequencies found for delta (1.0-4.0 Hz) on channel 155
      Warning: No frequencies found for delta (1.0-4.0 Hz) on channel 156
      Warning: No frequencies found for delta (1.0-4.0 Hz) on channel 157
      Warning: No frequencies found for delta (1.0-4.0 Hz) on channel 158
      Warning: No frequencies found for delta (1.0-4.0 Hz) on channel 159
      Warning: No frequencies found for delta (1.0-4.0 Hz) on channel 160
      Warning: No frequencies found for delta (1.0-4.0 Hz) on channel 161
      Warning: No frequencies found for delta (1.0-4.0 Hz) on channel 162
      Warning: No frequencies found for delta (1.0-4.0 Hz) on channel 163
      Warning: No frequencies found for delta (1.0-4.0 Hz) on channel 164
    Chunk 42/63 (66.7%)      Warning: No frequencies found for delta (1.0-4.0 Hz) on channel 0
      Warning: No frequencies found for delta (1.0-4.0 Hz) on channel 1
      Warning: No frequencies found for delta (1.0-4.0 Hz) on channel 2
      Warning: No frequencies found for delta (1.0-4.0 Hz) on channel 3
      Warning: No frequencies found for delta (1.0-4.0 Hz) on channel 4
      Warning: No frequencies found for delta (1.0-4.0 Hz) on channel 5
      Warning: No frequencies found for delta (1.0-4.0 Hz) on channel 6
      Warning: No frequencies found for delta (1.0-4.0 Hz) on channel 7
      Warning: No frequencies found for delta (1.0-4.0 Hz) on channel 8
      Warning: No frequencies found for delta (1.0-4.0 Hz) on channel 9
      Warning: No frequencies found for delta (1.0-4.0 Hz) on channel 10
      Warning: No frequencies found for delta (1.0-4.0 Hz) on channel 11
      Warning: No frequencies found for delta (1.0-4.0 Hz) on channel 12
      Warning: No frequencies found for delta (1.0-4.0 Hz) on channel 13
      Warning: No frequencies found for delta (1.0-4.0 Hz) on channel 14
      Warning: No frequencies found for delta (1.0-4.0 Hz) on channel 15
      Warning: No frequencies found for delta (1.0-4.0 Hz) on channel 16
      Warning: No frequencies found for delta (1.0-4.0 Hz) on channel 17
      Warning: No frequencies found for delta (1.0-4.0 Hz) on channel 18
      Warning: No frequencies found for delta (1.0-4.0 Hz) on channel 19
      Warning: No frequencies found for delta (1.0-4.0 Hz) on channel 20
      Warning: No frequencies found for delta (1.0-4.0 Hz) on channel 21
      Warning: No frequencies found for delta (1.0-4.0 Hz) on channel 22
      Warning: No frequencies found for delta (1.0-4.0 Hz) on channel 23
      Warning: No frequencies found for delta (1.0-4.0 Hz) on channel 24
      Warning: No frequencies found for delta (1.0-4.0 Hz) on channel 25
      Warning: No frequencies found for delta (1.0-4.0 Hz) on channel 26
      Warning: No frequencies found for delta (1.0-4.0 Hz) on channel 27
      Warning: No frequencies found for delta (1.0-4.0 Hz) on channel 28
      Warning: No frequencies found for delta (1.0-4.0 Hz) on channel 29
      Warning: No frequencies found for delta (1.0-4.0 Hz) on channel 30
      Warning: No frequencies found for delta (1.0-4.0 Hz) on channel 31
      Warning: No frequencies found for delta (1.0-4.0 Hz) on channel 32
      Warning: No frequencies found for delta (1.0-4.0 Hz) on channel 33
      Warning: No frequencies found for delta (1.0-4.0 Hz) on channel 34
      Warning: No frequencies found for delta (1.0-4.0 Hz) on channel 35
      Warning: No frequencies found for delta (1.0-4.0 Hz) on channel 36
      Warning: No frequencies found for delta (1.0-4.0 Hz) on channel 37
      Warning: No frequencies found for delta (1.0-4.0 Hz) on channel 38
      Warning: No frequencies found for delta (1.0-4.0 Hz) on channel 39
      Warning: No frequencies found for delta (1.0-4.0 Hz) on channel 40
      Warning: No frequencies found for delta (1.0-4.0 Hz) on channel 41
      Warning: No frequencies found for delta (1.0-4.0 Hz) on channel 42
      Warning: No frequencies found for delta (1.0-4.0 Hz) on channel 43
      Warning: No frequencies found for delta (1.0-4.0 Hz) on channel 44
      Warning: No frequencies found for delta (1.0-4.0 Hz) on channel 45
      Warning: No frequencies found for delta (1.0-4.0 Hz) on channel 46
      Warning: No frequencies found for delta (1.0-4.0 Hz) on channel 47
      Warning: No frequencies found for delta (1.0-4.0 Hz) on channel 48
      Warning: No frequencies found for delta (1.0-4.0 Hz) on channel 49
      Warning: No frequencies found for delta (1.0-4.0 Hz) on channel 50
      Warning: No frequencies found for delta (1.0-4.0 Hz) on channel 51
      Warning: No frequencies found for delta (1.0-4.0 Hz) on channel 52
      Warning: No frequencies found for delta (1.0-4.0 Hz) on channel 53
      Warning: No frequencies found for delta (1.0-4.0 Hz) on channel 54
      Warning: No frequencies found for delta (1.0-4.0 Hz) on channel 55
      Warning: No frequencies found for delta (1.0-4.0 Hz) on channel 56
      Warning: No frequencies found for delta (1.0-4.0 Hz) on channel 57
      Warning: No frequencies found for delta (1.0-4.0 Hz) on channel 58
      Warning: No frequencies found for delta (1.0-4.0 Hz) on channel 59
      Warning: No frequencies found for delta (1.0-4.0 Hz) on channel 60
      Warning: No frequencies found for delta (1.0-4.0 Hz) on channel 61
      Warning: No frequencies found for delta (1.0-4.0 Hz) on channel 62
      Warning: No frequencies found for delta (1.0-4.0 Hz) on channel 63
      Warning: No frequencies found for delta (1.0-4.0 Hz) on channel 64
      Warning: No frequencies found for delta (1.0-4.0 Hz) on channel 65
      Warning: No frequencies found for delta (1.0-4.0 Hz) on channel 66
      Warning: No frequencies found for delta (1.0-4.0 Hz) on channel 67
      Warning: No frequencies found for delta (1.0-4.0 Hz) on channel 68
      Warning: No frequencies found for delta (1.0-4.0 Hz) on channel 69
      Warning: No frequencies found for delta (1.0-4.0 Hz) on channel 70
      Warning: No frequencies found for delta (1.0-4.0 Hz) on channel 71
      Warning: No frequencies found for delta (1.0-4.0 Hz) on channel 72
      Warning: No frequencies found for delta (1.0-4.0 Hz) on channel 73
      Warning: No frequencies found for delta (1.0-4.0 Hz) on channel 74
      Warning: No frequencies found for delta (1.0-4.0 Hz) on channel 75
      Warning: No frequencies found for delta (1.0-4.0 Hz) on channel 76
      Warning: No frequencies found for delta (1.0-4.0 Hz) on channel 77
      Warning: No frequencies found for delta (1.0-4.0 Hz) on channel 78
      Warning: No frequencies found for delta (1.0-4.0 Hz) on channel 79
      Warning: No frequencies found for delta (1.0-4.0 Hz) on channel 80
      Warning: No frequencies found for delta (1.0-4.0 Hz) on channel 81
      Warning: No frequencies found for delta (1.0-4.0 Hz) on channel 82
      Warning: No frequencies found for delta (1.0-4.0 Hz) on channel 83
      Warning: No frequencies found for delta (1.0-4.0 Hz) on channel 84
      Warning: No frequencies found for delta (1.0-4.0 Hz) on channel 85
      Warning: No frequencies found for delta (1.0-4.0 Hz) on channel 86
      Warning: No frequencies found for delta (1.0-4.0 Hz) on channel 87
      Warning: No frequencies found for delta (1.0-4.0 Hz) on channel 88
      Warning: No frequencies found for delta (1.0-4.0 Hz) on channel 89
      Warning: No frequencies found for delta (1.0-4.0 Hz) on channel 90
      Warning: No frequencies found for delta (1.0-4.0 Hz) on channel 91
      Warning: No frequencies found for delta (1.0-4.0 Hz) on channel 92
      Warning: No frequencies found for delta (1.0-4.0 Hz) on channel 93
      Warning: No frequencies found for delta (1.0-4.0 Hz) on channel 94
      Warning: No frequencies found for delta (1.0-4.0 Hz) on channel 95
      Warning: No frequencies found for delta (1.0-4.0 Hz) on channel 96
      Warning: No frequencies found for delta (1.0-4.0 Hz) on channel 97
      Warning: No frequencies found for delta (1.0-4.0 Hz) on channel 98
      Warning: No frequencies found for delta (1.0-4.0 Hz) on channel 99
      Warning: No frequencies found for delta (1.0-4.0 Hz) on channel 100
      Warning: No frequencies found for delta (1.0-4.0 Hz) on channel 101
      Warning: No frequencies found for delta (1.0-4.0 Hz) on channel 102
      Warning: No frequencies found for delta (1.0-4.0 Hz) on channel 103
      Warning: No frequencies found for delta (1.0-4.0 Hz) on channel 104
      Warning: No frequencies found for delta (1.0-4.0 Hz) on channel 105
      Warning: No frequencies found for delta (1.0-4.0 Hz) on channel 106
      Warning: No frequencies found for delta (1.0-4.0 Hz) on channel 107
      Warning: No frequencies found for delta (1.0-4.0 Hz) on channel 108
      Warning: No frequencies found for delta (1.0-4.0 Hz) on channel 109
      Warning: No frequencies found for delta (1.0-4.0 Hz) on channel 110
      Warning: No frequencies found for delta (1.0-4.0 Hz) on channel 111
      Warning: No frequencies found for delta (1.0-4.0 Hz) on channel 112
      Warning: No frequencies found for delta (1.0-4.0 Hz) on channel 113
      Warning: No frequencies found for delta (1.0-4.0 Hz) on channel 114
      Warning: No frequencies found for delta (1.0-4.0 Hz) on channel 115
      Warning: No frequencies found for delta (1.0-4.0 Hz) on channel 116
      Warning: No frequencies found for delta (1.0-4.0 Hz) on channel 117
      Warning: No frequencies found for delta (1.0-4.0 Hz) on channel 118
      Warning: No frequencies found for delta (1.0-4.0 Hz) on channel 119
      Warning: No frequencies found for delta (1.0-4.0 Hz) on channel 120
      Warning: No frequencies found for delta (1.0-4.0 Hz) on channel 121
      Warning: No frequencies found for delta (1.0-4.0 Hz) on channel 122
      Warning: No frequencies found for delta (1.0-4.0 Hz) on channel 123
      Warning: No frequencies found for delta (1.0-4.0 Hz) on channel 124
      Warning: No frequencies found for delta (1.0-4.0 Hz) on channel 125
      Warning: No frequencies found for delta (1.0-4.0 Hz) on channel 126
      Warning: No frequencies found for delta (1.0-4.0 Hz) on channel 127
      Warning: No frequencies found for delta (1.0-4.0 Hz) on channel 128
      Warning: No frequencies found for delta (1.0-4.0 Hz) on channel 129
      Warning: No frequencies found for delta (1.0-4.0 Hz) on channel 130
      Warning: No frequencies found for delta (1.0-4.0 Hz) on channel 131
      Warning: No frequencies found for delta (1.0-4.0 Hz) on channel 132
      Warning: No frequencies found for delta (1.0-4.0 Hz) on channel 133
      Warning: No frequencies found for delta (1.0-4.0 Hz) on channel 134
      Warning: No frequencies found for delta (1.0-4.0 Hz) on channel 135
      Warning: No frequencies found for delta (1.0-4.0 Hz) on channel 136
      Warning: No frequencies found for delta (1.0-4.0 Hz) on channel 137
      Warning: No frequencies found for delta (1.0-4.0 Hz) on channel 138
      Warning: No frequencies found for delta (1.0-4.0 Hz) on channel 139
      Warning: No frequencies found for delta (1.0-4.0 Hz) on channel 140
      Warning: No frequencies found for delta (1.0-4.0 Hz) on channel 141
      Warning: No frequencies found for delta (1.0-4.0 Hz) on channel 142
      Warning: No frequencies found for delta (1.0-4.0 Hz) on channel 143
      Warning: No frequencies found for delta (1.0-4.0 Hz) on channel 144
      Warning: No frequencies found for delta (1.0-4.0 Hz) on channel 145
      Warning: No frequencies found for delta (1.0-4.0 Hz) on channel 146
      Warning: No frequencies found for delta (1.0-4.0 Hz) on channel 147
      Warning: No frequencies found for delta (1.0-4.0 Hz) on channel 148
      Warning: No frequencies found for delta (1.0-4.0 Hz) on channel 149
      Warning: No frequencies found for delta (1.0-4.0 Hz) on channel 150
      Warning: No frequencies found for delta (1.0-4.0 Hz) on channel 151
      Warning: No frequencies found for delta (1.0-4.0 Hz) on channel 152
      Warning: No frequencies found for delta (1.0-4.0 Hz) on channel 153
      Warning: No frequencies found for delta (1.0-4.0 Hz) on channel 154
      Warning: No frequencies found for delta (1.0-4.0 Hz) on channel 155
      Warning: No frequencies found for delta (1.0-4.0 Hz) on channel 156
      Warning: No frequencies found for delta (1.0-4.0 Hz) on channel 157
      Warning: No frequencies found for delta (1.0-4.0 Hz) on channel 158
      Warning: No frequencies found for delta (1.0-4.0 Hz) on channel 159
      Warning: No frequencies found for delta (1.0-4.0 Hz) on channel 160
      Warning: No frequencies found for delta (1.0-4.0 Hz) on channel 161
      Warning: No frequencies found for delta (1.0-4.0 Hz) on channel 162
      Warning: No frequencies found for delta (1.0-4.0 Hz) on channel 163
      Warning: No frequencies found for delta (1.0-4.0 Hz) on channel 164
    Chunk 43/63 (68.3%)      Warning: No frequencies found for delta (1.0-4.0 Hz) on channel 0
      Warning: No frequencies found for delta (1.0-4.0 Hz) on channel 1
      Warning: No frequencies found for delta (1.0-4.0 Hz) on channel 2
      Warning: No frequencies found for delta (1.0-4.0 Hz) on channel 3
      Warning: No frequencies found for delta (1.0-4.0 Hz) on channel 4
      Warning: No frequencies found for delta (1.0-4.0 Hz) on channel 5
      Warning: No frequencies found for delta (1.0-4.0 Hz) on channel 6
      Warning: No frequencies found for delta (1.0-4.0 Hz) on channel 7
      Warning: No frequencies found for delta (1.0-4.0 Hz) on channel 8
      Warning: No frequencies found for delta (1.0-4.0 Hz) on channel 9
      Warning: No frequencies found for delta (1.0-4.0 Hz) on channel 10
      Warning: No frequencies found for delta (1.0-4.0 Hz) on channel 11
      Warning: No frequencies found for delta (1.0-4.0 Hz) on channel 12
      Warning: No frequencies found for delta (1.0-4.0 Hz) on channel 13
      Warning: No frequencies found for delta (1.0-4.0 Hz) on channel 14
      Warning: No frequencies found for delta (1.0-4.0 Hz) on channel 15
      Warning: No frequencies found for delta (1.0-4.0 Hz) on channel 16
      Warning: No frequencies found for delta (1.0-4.0 Hz) on channel 17
      Warning: No frequencies found for delta (1.0-4.0 Hz) on channel 18
      Warning: No frequencies found for delta (1.0-4.0 Hz) on channel 19
      Warning: No frequencies found for delta (1.0-4.0 Hz) on channel 20
      Warning: No frequencies found for delta (1.0-4.0 Hz) on channel 21
      Warning: No frequencies found for delta (1.0-4.0 Hz) on channel 22
      Warning: No frequencies found for delta (1.0-4.0 Hz) on channel 23
      Warning: No frequencies found for delta (1.0-4.0 Hz) on channel 24
      Warning: No frequencies found for delta (1.0-4.0 Hz) on channel 25
      Warning: No frequencies found for delta (1.0-4.0 Hz) on channel 26
      Warning: No frequencies found for delta (1.0-4.0 Hz) on channel 27
      Warning: No frequencies found for delta (1.0-4.0 Hz) on channel 28
      Warning: No frequencies found for delta (1.0-4.0 Hz) on channel 29
      Warning: No frequencies found for delta (1.0-4.0 Hz) on channel 30
      Warning: No frequencies found for delta (1.0-4.0 Hz) on channel 31
      Warning: No frequencies found for delta (1.0-4.0 Hz) on channel 32
      Warning: No frequencies found for delta (1.0-4.0 Hz) on channel 33
      Warning: No frequencies found for delta (1.0-4.0 Hz) on channel 34
      Warning: No frequencies found for delta (1.0-4.0 Hz) on channel 35
      Warning: No frequencies found for delta (1.0-4.0 Hz) on channel 36
      Warning: No frequencies found for delta (1.0-4.0 Hz) on channel 37
      Warning: No frequencies found for delta (1.0-4.0 Hz) on channel 38
      Warning: No frequencies found for delta (1.0-4.0 Hz) on channel 39
      Warning: No frequencies found for delta (1.0-4.0 Hz) on channel 40
      Warning: No frequencies found for delta (1.0-4.0 Hz) on channel 41
      Warning: No frequencies found for delta (1.0-4.0 Hz) on channel 42
      Warning: No frequencies found for delta (1.0-4.0 Hz) on channel 43
      Warning: No frequencies found for delta (1.0-4.0 Hz) on channel 44
      Warning: No frequencies found for delta (1.0-4.0 Hz) on channel 45
      Warning: No frequencies found for delta (1.0-4.0 Hz) on channel 46
      Warning: No frequencies found for delta (1.0-4.0 Hz) on channel 47
      Warning: No frequencies found for delta (1.0-4.0 Hz) on channel 48
      Warning: No frequencies found for delta (1.0-4.0 Hz) on channel 49
      Warning: No frequencies found for delta (1.0-4.0 Hz) on channel 50
      Warning: No frequencies found for delta (1.0-4.0 Hz) on channel 51
      Warning: No frequencies found for delta (1.0-4.0 Hz) on channel 52
      Warning: No frequencies found for delta (1.0-4.0 Hz) on channel 53
      Warning: No frequencies found for delta (1.0-4.0 Hz) on channel 54
      Warning: No frequencies found for delta (1.0-4.0 Hz) on channel 55
      Warning: No frequencies found for delta (1.0-4.0 Hz) on channel 56
      Warning: No frequencies found for delta (1.0-4.0 Hz) on channel 57
      Warning: No frequencies found for delta (1.0-4.0 Hz) on channel 58
      Warning: No frequencies found for delta (1.0-4.0 Hz) on channel 59
      Warning: No frequencies found for delta (1.0-4.0 Hz) on channel 60
      Warning: No frequencies found for delta (1.0-4.0 Hz) on channel 61
      Warning: No frequencies found for delta (1.0-4.0 Hz) on channel 62
      Warning: No frequencies found for delta (1.0-4.0 Hz) on channel 63
      Warning: No frequencies found for delta (1.0-4.0 Hz) on channel 64
      Warning: No frequencies found for delta (1.0-4.0 Hz) on channel 65
      Warning: No frequencies found for delta (1.0-4.0 Hz) on channel 66
      Warning: No frequencies found for delta (1.0-4.0 Hz) on channel 67
      Warning: No frequencies found for delta (1.0-4.0 Hz) on channel 68
      Warning: No frequencies found for delta (1.0-4.0 Hz) on channel 69
      Warning: No frequencies found for delta (1.0-4.0 Hz) on channel 70
      Warning: No frequencies found for delta (1.0-4.0 Hz) on channel 71
      Warning: No frequencies found for delta (1.0-4.0 Hz) on channel 72
      Warning: No frequencies found for delta (1.0-4.0 Hz) on channel 73
      Warning: No frequencies found for delta (1.0-4.0 Hz) on channel 74
      Warning: No frequencies found for delta (1.0-4.0 Hz) on channel 75
      Warning: No frequencies found for delta (1.0-4.0 Hz) on channel 76
      Warning: No frequencies found for delta (1.0-4.0 Hz) on channel 77
      Warning: No frequencies found for delta (1.0-4.0 Hz) on channel 78
      Warning: No frequencies found for delta (1.0-4.0 Hz) on channel 79
      Warning: No frequencies found for delta (1.0-4.0 Hz) on channel 80
      Warning: No frequencies found for delta (1.0-4.0 Hz) on channel 81
      Warning: No frequencies found for delta (1.0-4.0 Hz) on channel 82
      Warning: No frequencies found for delta (1.0-4.0 Hz) on channel 83
      Warning: No frequencies found for delta (1.0-4.0 Hz) on channel 84
      Warning: No frequencies found for delta (1.0-4.0 Hz) on channel 85
      Warning: No frequencies found for delta (1.0-4.0 Hz) on channel 86
      Warning: No frequencies found for delta (1.0-4.0 Hz) on channel 87
      Warning: No frequencies found for delta (1.0-4.0 Hz) on channel 88
      Warning: No frequencies found for delta (1.0-4.0 Hz) on channel 89
      Warning: No frequencies found for delta (1.0-4.0 Hz) on channel 90
      Warning: No frequencies found for delta (1.0-4.0 Hz) on channel 91
      Warning: No frequencies found for delta (1.0-4.0 Hz) on channel 92
      Warning: No frequencies found for delta (1.0-4.0 Hz) on channel 93
      Warning: No frequencies found for delta (1.0-4.0 Hz) on channel 94
      Warning: No frequencies found for delta (1.0-4.0 Hz) on channel 95
      Warning: No frequencies found for delta (1.0-4.0 Hz) on channel 96
      Warning: No frequencies found for delta (1.0-4.0 Hz) on channel 97
      Warning: No frequencies found for delta (1.0-4.0 Hz) on channel 98
      Warning: No frequencies found for delta (1.0-4.0 Hz) on channel 99
      Warning: No frequencies found for delta (1.0-4.0 Hz) on channel 100
      Warning: No frequencies found for delta (1.0-4.0 Hz) on channel 101
      Warning: No frequencies found for delta (1.0-4.0 Hz) on channel 102
      Warning: No frequencies found for delta (1.0-4.0 Hz) on channel 103
      Warning: No frequencies found for delta (1.0-4.0 Hz) on channel 104
      Warning: No frequencies found for delta (1.0-4.0 Hz) on channel 105
      Warning: No frequencies found for delta (1.0-4.0 Hz) on channel 106
      Warning: No frequencies found for delta (1.0-4.0 Hz) on channel 107
      Warning: No frequencies found for delta (1.0-4.0 Hz) on channel 108
      Warning: No frequencies found for delta (1.0-4.0 Hz) on channel 109
      Warning: No frequencies found for delta (1.0-4.0 Hz) on channel 110
      Warning: No frequencies found for delta (1.0-4.0 Hz) on channel 111
      Warning: No frequencies found for delta (1.0-4.0 Hz) on channel 112
      Warning: No frequencies found for delta (1.0-4.0 Hz) on channel 113
      Warning: No frequencies found for delta (1.0-4.0 Hz) on channel 114
      Warning: No frequencies found for delta (1.0-4.0 Hz) on channel 115
      Warning: No frequencies found for delta (1.0-4.0 Hz) on channel 116
      Warning: No frequencies found for delta (1.0-4.0 Hz) on channel 117
      Warning: No frequencies found for delta (1.0-4.0 Hz) on channel 118
      Warning: No frequencies found for delta (1.0-4.0 Hz) on channel 119
      Warning: No frequencies found for delta (1.0-4.0 Hz) on channel 120
      Warning: No frequencies found for delta (1.0-4.0 Hz) on channel 121
      Warning: No frequencies found for delta (1.0-4.0 Hz) on channel 122
      Warning: No frequencies found for delta (1.0-4.0 Hz) on channel 123
      Warning: No frequencies found for delta (1.0-4.0 Hz) on channel 124
      Warning: No frequencies found for delta (1.0-4.0 Hz) on channel 125
      Warning: No frequencies found for delta (1.0-4.0 Hz) on channel 126
      Warning: No frequencies found for delta (1.0-4.0 Hz) on channel 127
      Warning: No frequencies found for delta (1.0-4.0 Hz) on channel 128
      Warning: No frequencies found for delta (1.0-4.0 Hz) on channel 129
      Warning: No frequencies found for delta (1.0-4.0 Hz) on channel 130
      Warning: No frequencies found for delta (1.0-4.0 Hz) on channel 131
      Warning: No frequencies found for delta (1.0-4.0 Hz) on channel 132
      Warning: No frequencies found for delta (1.0-4.0 Hz) on channel 133
      Warning: No frequencies found for delta (1.0-4.0 Hz) on channel 134
      Warning: No frequencies found for delta (1.0-4.0 Hz) on channel 135
      Warning: No frequencies found for delta (1.0-4.0 Hz) on channel 136
      Warning: No frequencies found for delta (1.0-4.0 Hz) on channel 137
      Warning: No frequencies found for delta (1.0-4.0 Hz) on channel 138
      Warning: No frequencies found for delta (1.0-4.0 Hz) on channel 139
      Warning: No frequencies found for delta (1.0-4.0 Hz) on channel 140
      Warning: No frequencies found for delta (1.0-4.0 Hz) on channel 141
      Warning: No frequencies found for delta (1.0-4.0 Hz) on channel 142
      Warning: No frequencies found for delta (1.0-4.0 Hz) on channel 143
      Warning: No frequencies found for delta (1.0-4.0 Hz) on channel 144
      Warning: No frequencies found for delta (1.0-4.0 Hz) on channel 145
      Warning: No frequencies found for delta (1.0-4.0 Hz) on channel 146
      Warning: No frequencies found for delta (1.0-4.0 Hz) on channel 147
      Warning: No frequencies found for delta (1.0-4.0 Hz) on channel 148
      Warning: No frequencies found for delta (1.0-4.0 Hz) on channel 149
      Warning: No frequencies found for delta (1.0-4.0 Hz) on channel 150
      Warning: No frequencies found for delta (1.0-4.0 Hz) on channel 151
      Warning: No frequencies found for delta (1.0-4.0 Hz) on channel 152
      Warning: No frequencies found for delta (1.0-4.0 Hz) on channel 153
      Warning: No frequencies found for delta (1.0-4.0 Hz) on channel 154
      Warning: No frequencies found for delta (1.0-4.0 Hz) on channel 155
      Warning: No frequencies found for delta (1.0-4.0 Hz) on channel 156
      Warning: No frequencies found for delta (1.0-4.0 Hz) on channel 157
      Warning: No frequencies found for delta (1.0-4.0 Hz) on channel 158
      Warning: No frequencies found for delta (1.0-4.0 Hz) on channel 159
      Warning: No frequencies found for delta (1.0-4.0 Hz) on channel 160
      Warning: No frequencies found for delta (1.0-4.0 Hz) on channel 161
      Warning: No frequencies found for delta (1.0-4.0 Hz) on channel 162
      Warning: No frequencies found for delta (1.0-4.0 Hz) on channel 163
      Warning: No frequencies found for delta (1.0-4.0 Hz) on channel 164
    Chunk 44/63 (69.8%)      Warning: No frequencies found for delta (1.0-4.0 Hz) on channel 0
      Warning: No frequencies found for delta (1.0-4.0 Hz) on channel 1
      Warning: No frequencies found for delta (1.0-4.0 Hz) on channel 2
      Warning: No frequencies found for delta (1.0-4.0 Hz) on channel 3
      Warning: No frequencies found for delta (1.0-4.0 Hz) on channel 4
      Warning: No frequencies found for delta (1.0-4.0 Hz) on channel 5
      Warning: No frequencies found for delta (1.0-4.0 Hz) on channel 6
      Warning: No frequencies found for delta (1.0-4.0 Hz) on channel 7
      Warning: No frequencies found for delta (1.0-4.0 Hz) on channel 8
      Warning: No frequencies found for delta (1.0-4.0 Hz) on channel 9
      Warning: No frequencies found for delta (1.0-4.0 Hz) on channel 10
      Warning: No frequencies found for delta (1.0-4.0 Hz) on channel 11
      Warning: No frequencies found for delta (1.0-4.0 Hz) on channel 12
      Warning: No frequencies found for delta (1.0-4.0 Hz) on channel 13
      Warning: No frequencies found for delta (1.0-4.0 Hz) on channel 14
      Warning: No frequencies found for delta (1.0-4.0 Hz) on channel 15
      Warning: No frequencies found for delta (1.0-4.0 Hz) on channel 16
      Warning: No frequencies found for delta (1.0-4.0 Hz) on channel 17
      Warning: No frequencies found for delta (1.0-4.0 Hz) on channel 18
      Warning: No frequencies found for delta (1.0-4.0 Hz) on channel 19
      Warning: No frequencies found for delta (1.0-4.0 Hz) on channel 20
      Warning: No frequencies found for delta (1.0-4.0 Hz) on channel 21
      Warning: No frequencies found for delta (1.0-4.0 Hz) on channel 22
      Warning: No frequencies found for delta (1.0-4.0 Hz) on channel 23
      Warning: No frequencies found for delta (1.0-4.0 Hz) on channel 24
      Warning: No frequencies found for delta (1.0-4.0 Hz) on channel 25
      Warning: No frequencies found for delta (1.0-4.0 Hz) on channel 26
      Warning: No frequencies found for delta (1.0-4.0 Hz) on channel 27
      Warning: No frequencies found for delta (1.0-4.0 Hz) on channel 28
      Warning: No frequencies found for delta (1.0-4.0 Hz) on channel 29
      Warning: No frequencies found for delta (1.0-4.0 Hz) on channel 30
      Warning: No frequencies found for delta (1.0-4.0 Hz) on channel 31
      Warning: No frequencies found for delta (1.0-4.0 Hz) on channel 32
      Warning: No frequencies found for delta (1.0-4.0 Hz) on channel 33
      Warning: No frequencies found for delta (1.0-4.0 Hz) on channel 34
      Warning: No frequencies found for delta (1.0-4.0 Hz) on channel 35
      Warning: No frequencies found for delta (1.0-4.0 Hz) on channel 36
      Warning: No frequencies found for delta (1.0-4.0 Hz) on channel 37
      Warning: No frequencies found for delta (1.0-4.0 Hz) on channel 38
      Warning: No frequencies found for delta (1.0-4.0 Hz) on channel 39
      Warning: No frequencies found for delta (1.0-4.0 Hz) on channel 40
      Warning: No frequencies found for delta (1.0-4.0 Hz) on channel 41
      Warning: No frequencies found for delta (1.0-4.0 Hz) on channel 42
      Warning: No frequencies found for delta (1.0-4.0 Hz) on channel 43
      Warning: No frequencies found for delta (1.0-4.0 Hz) on channel 44
      Warning: No frequencies found for delta (1.0-4.0 Hz) on channel 45
      Warning: No frequencies found for delta (1.0-4.0 Hz) on channel 46
      Warning: No frequencies found for delta (1.0-4.0 Hz) on channel 47
      Warning: No frequencies found for delta (1.0-4.0 Hz) on channel 48
      Warning: No frequencies found for delta (1.0-4.0 Hz) on channel 49
      Warning: No frequencies found for delta (1.0-4.0 Hz) on channel 50
      Warning: No frequencies found for delta (1.0-4.0 Hz) on channel 51
      Warning: No frequencies found for delta (1.0-4.0 Hz) on channel 52
      Warning: No frequencies found for delta (1.0-4.0 Hz) on channel 53
      Warning: No frequencies found for delta (1.0-4.0 Hz) on channel 54
      Warning: No frequencies found for delta (1.0-4.0 Hz) on channel 55
      Warning: No frequencies found for delta (1.0-4.0 Hz) on channel 56
      Warning: No frequencies found for delta (1.0-4.0 Hz) on channel 57
      Warning: No frequencies found for delta (1.0-4.0 Hz) on channel 58
      Warning: No frequencies found for delta (1.0-4.0 Hz) on channel 59
      Warning: No frequencies found for delta (1.0-4.0 Hz) on channel 60
      Warning: No frequencies found for delta (1.0-4.0 Hz) on channel 61
      Warning: No frequencies found for delta (1.0-4.0 Hz) on channel 62
      Warning: No frequencies found for delta (1.0-4.0 Hz) on channel 63
      Warning: No frequencies found for delta (1.0-4.0 Hz) on channel 64
      Warning: No frequencies found for delta (1.0-4.0 Hz) on channel 65
      Warning: No frequencies found for delta (1.0-4.0 Hz) on channel 66
      Warning: No frequencies found for delta (1.0-4.0 Hz) on channel 67
      Warning: No frequencies found for delta (1.0-4.0 Hz) on channel 68
      Warning: No frequencies found for delta (1.0-4.0 Hz) on channel 69
      Warning: No frequencies found for delta (1.0-4.0 Hz) on channel 70
      Warning: No frequencies found for delta (1.0-4.0 Hz) on channel 71
      Warning: No frequencies found for delta (1.0-4.0 Hz) on channel 72
      Warning: No frequencies found for delta (1.0-4.0 Hz) on channel 73
      Warning: No frequencies found for delta (1.0-4.0 Hz) on channel 74
      Warning: No frequencies found for delta (1.0-4.0 Hz) on channel 75
      Warning: No frequencies found for delta (1.0-4.0 Hz) on channel 76
      Warning: No frequencies found for delta (1.0-4.0 Hz) on channel 77
      Warning: No frequencies found for delta (1.0-4.0 Hz) on channel 78
      Warning: No frequencies found for delta (1.0-4.0 Hz) on channel 79
      Warning: No frequencies found for delta (1.0-4.0 Hz) on channel 80
      Warning: No frequencies found for delta (1.0-4.0 Hz) on channel 81
      Warning: No frequencies found for delta (1.0-4.0 Hz) on channel 82
      Warning: No frequencies found for delta (1.0-4.0 Hz) on channel 83
      Warning: No frequencies found for delta (1.0-4.0 Hz) on channel 84
      Warning: No frequencies found for delta (1.0-4.0 Hz) on channel 85
      Warning: No frequencies found for delta (1.0-4.0 Hz) on channel 86
      Warning: No frequencies found for delta (1.0-4.0 Hz) on channel 87
      Warning: No frequencies found for delta (1.0-4.0 Hz) on channel 88
      Warning: No frequencies found for delta (1.0-4.0 Hz) on channel 89
      Warning: No frequencies found for delta (1.0-4.0 Hz) on channel 90
      Warning: No frequencies found for delta (1.0-4.0 Hz) on channel 91
      Warning: No frequencies found for delta (1.0-4.0 Hz) on channel 92
      Warning: No frequencies found for delta (1.0-4.0 Hz) on channel 93
      Warning: No frequencies found for delta (1.0-4.0 Hz) on channel 94
      Warning: No frequencies found for delta (1.0-4.0 Hz) on channel 95
      Warning: No frequencies found for delta (1.0-4.0 Hz) on channel 96
      Warning: No frequencies found for delta (1.0-4.0 Hz) on channel 97
      Warning: No frequencies found for delta (1.0-4.0 Hz) on channel 98
      Warning: No frequencies found for delta (1.0-4.0 Hz) on channel 99
      Warning: No frequencies found for delta (1.0-4.0 Hz) on channel 100
      Warning: No frequencies found for delta (1.0-4.0 Hz) on channel 101
      Warning: No frequencies found for delta (1.0-4.0 Hz) on channel 102
      Warning: No frequencies found for delta (1.0-4.0 Hz) on channel 103
      Warning: No frequencies found for delta (1.0-4.0 Hz) on channel 104
      Warning: No frequencies found for delta (1.0-4.0 Hz) on channel 105
      Warning: No frequencies found for delta (1.0-4.0 Hz) on channel 106
      Warning: No frequencies found for delta (1.0-4.0 Hz) on channel 107
      Warning: No frequencies found for delta (1.0-4.0 Hz) on channel 108
      Warning: No frequencies found for delta (1.0-4.0 Hz) on channel 109
      Warning: No frequencies found for delta (1.0-4.0 Hz) on channel 110
      Warning: No frequencies found for delta (1.0-4.0 Hz) on channel 111
      Warning: No frequencies found for delta (1.0-4.0 Hz) on channel 112
      Warning: No frequencies found for delta (1.0-4.0 Hz) on channel 113
      Warning: No frequencies found for delta (1.0-4.0 Hz) on channel 114
      Warning: No frequencies found for delta (1.0-4.0 Hz) on channel 115
      Warning: No frequencies found for delta (1.0-4.0 Hz) on channel 116
      Warning: No frequencies found for delta (1.0-4.0 Hz) on channel 117
      Warning: No frequencies found for delta (1.0-4.0 Hz) on channel 118
      Warning: No frequencies found for delta (1.0-4.0 Hz) on channel 119
      Warning: No frequencies found for delta (1.0-4.0 Hz) on channel 120
      Warning: No frequencies found for delta (1.0-4.0 Hz) on channel 121
      Warning: No frequencies found for delta (1.0-4.0 Hz) on channel 122
      Warning: No frequencies found for delta (1.0-4.0 Hz) on channel 123
      Warning: No frequencies found for delta (1.0-4.0 Hz) on channel 124
      Warning: No frequencies found for delta (1.0-4.0 Hz) on channel 125
      Warning: No frequencies found for delta (1.0-4.0 Hz) on channel 126
      Warning: No frequencies found for delta (1.0-4.0 Hz) on channel 127
      Warning: No frequencies found for delta (1.0-4.0 Hz) on channel 128
      Warning: No frequencies found for delta (1.0-4.0 Hz) on channel 129
      Warning: No frequencies found for delta (1.0-4.0 Hz) on channel 130
      Warning: No frequencies found for delta (1.0-4.0 Hz) on channel 131
      Warning: No frequencies found for delta (1.0-4.0 Hz) on channel 132
      Warning: No frequencies found for delta (1.0-4.0 Hz) on channel 133
      Warning: No frequencies found for delta (1.0-4.0 Hz) on channel 134
      Warning: No frequencies found for delta (1.0-4.0 Hz) on channel 135
      Warning: No frequencies found for delta (1.0-4.0 Hz) on channel 136
      Warning: No frequencies found for delta (1.0-4.0 Hz) on channel 137
      Warning: No frequencies found for delta (1.0-4.0 Hz) on channel 138
      Warning: No frequencies found for delta (1.0-4.0 Hz) on channel 139
      Warning: No frequencies found for delta (1.0-4.0 Hz) on channel 140
      Warning: No frequencies found for delta (1.0-4.0 Hz) on channel 141
      Warning: No frequencies found for delta (1.0-4.0 Hz) on channel 142
      Warning: No frequencies found for delta (1.0-4.0 Hz) on channel 143
      Warning: No frequencies found for delta (1.0-4.0 Hz) on channel 144
      Warning: No frequencies found for delta (1.0-4.0 Hz) on channel 145
      Warning: No frequencies found for delta (1.0-4.0 Hz) on channel 146
      Warning: No frequencies found for delta (1.0-4.0 Hz) on channel 147
      Warning: No frequencies found for delta (1.0-4.0 Hz) on channel 148
      Warning: No frequencies found for delta (1.0-4.0 Hz) on channel 149
      Warning: No frequencies found for delta (1.0-4.0 Hz) on channel 150
      Warning: No frequencies found for delta (1.0-4.0 Hz) on channel 151
      Warning: No frequencies found for delta (1.0-4.0 Hz) on channel 152
      Warning: No frequencies found for delta (1.0-4.0 Hz) on channel 153
      Warning: No frequencies found for delta (1.0-4.0 Hz) on channel 154
      Warning: No frequencies found for delta (1.0-4.0 Hz) on channel 155
      Warning: No frequencies found for delta (1.0-4.0 Hz) on channel 156
      Warning: No frequencies found for delta (1.0-4.0 Hz) on channel 157
      Warning: No frequencies found for delta (1.0-4.0 Hz) on channel 158
      Warning: No frequencies found for delta (1.0-4.0 Hz) on channel 159
      Warning: No frequencies found for delta (1.0-4.0 Hz) on channel 160
      Warning: No frequencies found for delta (1.0-4.0 Hz) on channel 161
      Warning: No frequencies found for delta (1.0-4.0 Hz) on channel 162
      Warning: No frequencies found for delta (1.0-4.0 Hz) on channel 163
      Warning: No frequencies found for delta (1.0-4.0 Hz) on channel 164
    Chunk 45/63 (71.4%)      Warning: No frequencies found for delta (1.0-4.0 Hz) on channel 0
      Warning: No frequencies found for delta (1.0-4.0 Hz) on channel 1
      Warning: No frequencies found for delta (1.0-4.0 Hz) on channel 2
      Warning: No frequencies found for delta (1.0-4.0 Hz) on channel 3
      Warning: No frequencies found for delta (1.0-4.0 Hz) on channel 4
      Warning: No frequencies found for delta (1.0-4.0 Hz) on channel 5
      Warning: No frequencies found for delta (1.0-4.0 Hz) on channel 6
      Warning: No frequencies found for delta (1.0-4.0 Hz) on channel 7
      Warning: No frequencies found for delta (1.0-4.0 Hz) on channel 8
      Warning: No frequencies found for delta (1.0-4.0 Hz) on channel 9
      Warning: No frequencies found for delta (1.0-4.0 Hz) on channel 10
      Warning: No frequencies found for delta (1.0-4.0 Hz) on channel 11
      Warning: No frequencies found for delta (1.0-4.0 Hz) on channel 12
      Warning: No frequencies found for delta (1.0-4.0 Hz) on channel 13
      Warning: No frequencies found for delta (1.0-4.0 Hz) on channel 14
      Warning: No frequencies found for delta (1.0-4.0 Hz) on channel 15
      Warning: No frequencies found for delta (1.0-4.0 Hz) on channel 16
      Warning: No frequencies found for delta (1.0-4.0 Hz) on channel 17
      Warning: No frequencies found for delta (1.0-4.0 Hz) on channel 18
      Warning: No frequencies found for delta (1.0-4.0 Hz) on channel 19
      Warning: No frequencies found for delta (1.0-4.0 Hz) on channel 20
      Warning: No frequencies found for delta (1.0-4.0 Hz) on channel 21
      Warning: No frequencies found for delta (1.0-4.0 Hz) on channel 22
      Warning: No frequencies found for delta (1.0-4.0 Hz) on channel 23
      Warning: No frequencies found for delta (1.0-4.0 Hz) on channel 24
      Warning: No frequencies found for delta (1.0-4.0 Hz) on channel 25
      Warning: No frequencies found for delta (1.0-4.0 Hz) on channel 26
      Warning: No frequencies found for delta (1.0-4.0 Hz) on channel 27
      Warning: No frequencies found for delta (1.0-4.0 Hz) on channel 28
      Warning: No frequencies found for delta (1.0-4.0 Hz) on channel 29
      Warning: No frequencies found for delta (1.0-4.0 Hz) on channel 30
      Warning: No frequencies found for delta (1.0-4.0 Hz) on channel 31
      Warning: No frequencies found for delta (1.0-4.0 Hz) on channel 32
      Warning: No frequencies found for delta (1.0-4.0 Hz) on channel 33
      Warning: No frequencies found for delta (1.0-4.0 Hz) on channel 34
      Warning: No frequencies found for delta (1.0-4.0 Hz) on channel 35
      Warning: No frequencies found for delta (1.0-4.0 Hz) on channel 36
      Warning: No frequencies found for delta (1.0-4.0 Hz) on channel 37
      Warning: No frequencies found for delta (1.0-4.0 Hz) on channel 38
      Warning: No frequencies found for delta (1.0-4.0 Hz) on channel 39
      Warning: No frequencies found for delta (1.0-4.0 Hz) on channel 40
      Warning: No frequencies found for delta (1.0-4.0 Hz) on channel 41
      Warning: No frequencies found for delta (1.0-4.0 Hz) on channel 42
      Warning: No frequencies found for delta (1.0-4.0 Hz) on channel 43
      Warning: No frequencies found for delta (1.0-4.0 Hz) on channel 44
      Warning: No frequencies found for delta (1.0-4.0 Hz) on channel 45
      Warning: No frequencies found for delta (1.0-4.0 Hz) on channel 46
      Warning: No frequencies found for delta (1.0-4.0 Hz) on channel 47
      Warning: No frequencies found for delta (1.0-4.0 Hz) on channel 48
      Warning: No frequencies found for delta (1.0-4.0 Hz) on channel 49
      Warning: No frequencies found for delta (1.0-4.0 Hz) on channel 50
      Warning: No frequencies found for delta (1.0-4.0 Hz) on channel 51
      Warning: No frequencies found for delta (1.0-4.0 Hz) on channel 52
      Warning: No frequencies found for delta (1.0-4.0 Hz) on channel 53
      Warning: No frequencies found for delta (1.0-4.0 Hz) on channel 54
      Warning: No frequencies found for delta (1.0-4.0 Hz) on channel 55
      Warning: No frequencies found for delta (1.0-4.0 Hz) on channel 56
      Warning: No frequencies found for delta (1.0-4.0 Hz) on channel 57
      Warning: No frequencies found for delta (1.0-4.0 Hz) on channel 58
      Warning: No frequencies found for delta (1.0-4.0 Hz) on channel 59
      Warning: No frequencies found for delta (1.0-4.0 Hz) on channel 60
      Warning: No frequencies found for delta (1.0-4.0 Hz) on channel 61
      Warning: No frequencies found for delta (1.0-4.0 Hz) on channel 62
      Warning: No frequencies found for delta (1.0-4.0 Hz) on channel 63
      Warning: No frequencies found for delta (1.0-4.0 Hz) on channel 64
      Warning: No frequencies found for delta (1.0-4.0 Hz) on channel 65
      Warning: No frequencies found for delta (1.0-4.0 Hz) on channel 66
      Warning: No frequencies found for delta (1.0-4.0 Hz) on channel 67
      Warning: No frequencies found for delta (1.0-4.0 Hz) on channel 68
      Warning: No frequencies found for delta (1.0-4.0 Hz) on channel 69
      Warning: No frequencies found for delta (1.0-4.0 Hz) on channel 70
      Warning: No frequencies found for delta (1.0-4.0 Hz) on channel 71
      Warning: No frequencies found for delta (1.0-4.0 Hz) on channel 72
      Warning: No frequencies found for delta (1.0-4.0 Hz) on channel 73
      Warning: No frequencies found for delta (1.0-4.0 Hz) on channel 74
      Warning: No frequencies found for delta (1.0-4.0 Hz) on channel 75
      Warning: No frequencies found for delta (1.0-4.0 Hz) on channel 76
      Warning: No frequencies found for delta (1.0-4.0 Hz) on channel 77
      Warning: No frequencies found for delta (1.0-4.0 Hz) on channel 78
      Warning: No frequencies found for delta (1.0-4.0 Hz) on channel 79
      Warning: No frequencies found for delta (1.0-4.0 Hz) on channel 80
      Warning: No frequencies found for delta (1.0-4.0 Hz) on channel 81
      Warning: No frequencies found for delta (1.0-4.0 Hz) on channel 82
      Warning: No frequencies found for delta (1.0-4.0 Hz) on channel 83
      Warning: No frequencies found for delta (1.0-4.0 Hz) on channel 84
      Warning: No frequencies found for delta (1.0-4.0 Hz) on channel 85
      Warning: No frequencies found for delta (1.0-4.0 Hz) on channel 86
      Warning: No frequencies found for delta (1.0-4.0 Hz) on channel 87
      Warning: No frequencies found for delta (1.0-4.0 Hz) on channel 88
      Warning: No frequencies found for delta (1.0-4.0 Hz) on channel 89
      Warning: No frequencies found for delta (1.0-4.0 Hz) on channel 90
      Warning: No frequencies found for delta (1.0-4.0 Hz) on channel 91
      Warning: No frequencies found for delta (1.0-4.0 Hz) on channel 92
      Warning: No frequencies found for delta (1.0-4.0 Hz) on channel 93
      Warning: No frequencies found for delta (1.0-4.0 Hz) on channel 94
      Warning: No frequencies found for delta (1.0-4.0 Hz) on channel 95
      Warning: No frequencies found for delta (1.0-4.0 Hz) on channel 96
      Warning: No frequencies found for delta (1.0-4.0 Hz) on channel 97
      Warning: No frequencies found for delta (1.0-4.0 Hz) on channel 98
      Warning: No frequencies found for delta (1.0-4.0 Hz) on channel 99
      Warning: No frequencies found for delta (1.0-4.0 Hz) on channel 100
      Warning: No frequencies found for delta (1.0-4.0 Hz) on channel 101
      Warning: No frequencies found for delta (1.0-4.0 Hz) on channel 102
      Warning: No frequencies found for delta (1.0-4.0 Hz) on channel 103
      Warning: No frequencies found for delta (1.0-4.0 Hz) on channel 104
      Warning: No frequencies found for delta (1.0-4.0 Hz) on channel 105
      Warning: No frequencies found for delta (1.0-4.0 Hz) on channel 106
      Warning: No frequencies found for delta (1.0-4.0 Hz) on channel 107
      Warning: No frequencies found for delta (1.0-4.0 Hz) on channel 108
      Warning: No frequencies found for delta (1.0-4.0 Hz) on channel 109
      Warning: No frequencies found for delta (1.0-4.0 Hz) on channel 110
      Warning: No frequencies found for delta (1.0-4.0 Hz) on channel 111
      Warning: No frequencies found for delta (1.0-4.0 Hz) on channel 112
      Warning: No frequencies found for delta (1.0-4.0 Hz) on channel 113
      Warning: No frequencies found for delta (1.0-4.0 Hz) on channel 114
      Warning: No frequencies found for delta (1.0-4.0 Hz) on channel 115
      Warning: No frequencies found for delta (1.0-4.0 Hz) on channel 116
      Warning: No frequencies found for delta (1.0-4.0 Hz) on channel 117
      Warning: No frequencies found for delta (1.0-4.0 Hz) on channel 118
      Warning: No frequencies found for delta (1.0-4.0 Hz) on channel 119
      Warning: No frequencies found for delta (1.0-4.0 Hz) on channel 120
      Warning: No frequencies found for delta (1.0-4.0 Hz) on channel 121
      Warning: No frequencies found for delta (1.0-4.0 Hz) on channel 122
      Warning: No frequencies found for delta (1.0-4.0 Hz) on channel 123
      Warning: No frequencies found for delta (1.0-4.0 Hz) on channel 124
      Warning: No frequencies found for delta (1.0-4.0 Hz) on channel 125
      Warning: No frequencies found for delta (1.0-4.0 Hz) on channel 126
      Warning: No frequencies found for delta (1.0-4.0 Hz) on channel 127
      Warning: No frequencies found for delta (1.0-4.0 Hz) on channel 128
      Warning: No frequencies found for delta (1.0-4.0 Hz) on channel 129
      Warning: No frequencies found for delta (1.0-4.0 Hz) on channel 130
      Warning: No frequencies found for delta (1.0-4.0 Hz) on channel 131
      Warning: No frequencies found for delta (1.0-4.0 Hz) on channel 132
      Warning: No frequencies found for delta (1.0-4.0 Hz) on channel 133
      Warning: No frequencies found for delta (1.0-4.0 Hz) on channel 134
      Warning: No frequencies found for delta (1.0-4.0 Hz) on channel 135
      Warning: No frequencies found for delta (1.0-4.0 Hz) on channel 136
      Warning: No frequencies found for delta (1.0-4.0 Hz) on channel 137
      Warning: No frequencies found for delta (1.0-4.0 Hz) on channel 138
      Warning: No frequencies found for delta (1.0-4.0 Hz) on channel 139
      Warning: No frequencies found for delta (1.0-4.0 Hz) on channel 140
      Warning: No frequencies found for delta (1.0-4.0 Hz) on channel 141
      Warning: No frequencies found for delta (1.0-4.0 Hz) on channel 142
      Warning: No frequencies found for delta (1.0-4.0 Hz) on channel 143
      Warning: No frequencies found for delta (1.0-4.0 Hz) on channel 144
      Warning: No frequencies found for delta (1.0-4.0 Hz) on channel 145
      Warning: No frequencies found for delta (1.0-4.0 Hz) on channel 146
      Warning: No frequencies found for delta (1.0-4.0 Hz) on channel 147
      Warning: No frequencies found for delta (1.0-4.0 Hz) on channel 148
      Warning: No frequencies found for delta (1.0-4.0 Hz) on channel 149
      Warning: No frequencies found for delta (1.0-4.0 Hz) on channel 150
      Warning: No frequencies found for delta (1.0-4.0 Hz) on channel 151
      Warning: No frequencies found for delta (1.0-4.0 Hz) on channel 152
      Warning: No frequencies found for delta (1.0-4.0 Hz) on channel 153
      Warning: No frequencies found for delta (1.0-4.0 Hz) on channel 154
      Warning: No frequencies found for delta (1.0-4.0 Hz) on channel 155
      Warning: No frequencies found for delta (1.0-4.0 Hz) on channel 156
      Warning: No frequencies found for delta (1.0-4.0 Hz) on channel 157
      Warning: No frequencies found for delta (1.0-4.0 Hz) on channel 158
      Warning: No frequencies found for delta (1.0-4.0 Hz) on channel 159
      Warning: No frequencies found for delta (1.0-4.0 Hz) on channel 160
      Warning: No frequencies found for delta (1.0-4.0 Hz) on channel 161
      Warning: No frequencies found for delta (1.0-4.0 Hz) on channel 162
      Warning: No frequencies found for delta (1.0-4.0 Hz) on channel 163
      Warning: No frequencies found for delta (1.0-4.0 Hz) on channel 164
    Chunk 46/63 (73.0%)      Warning: No frequencies found for delta (1.0-4.0 Hz) on channel 0
      Warning: No frequencies found for delta (1.0-4.0 Hz) on channel 1
      Warning: No frequencies found for delta (1.0-4.0 Hz) on channel 2
      Warning: No frequencies found for delta (1.0-4.0 Hz) on channel 3
      Warning: No frequencies found for delta (1.0-4.0 Hz) on channel 4
      Warning: No frequencies found for delta (1.0-4.0 Hz) on channel 5
      Warning: No frequencies found for delta (1.0-4.0 Hz) on channel 6
      Warning: No frequencies found for delta (1.0-4.0 Hz) on channel 7
      Warning: No frequencies found for delta (1.0-4.0 Hz) on channel 8
      Warning: No frequencies found for delta (1.0-4.0 Hz) on channel 9
      Warning: No frequencies found for delta (1.0-4.0 Hz) on channel 10
      Warning: No frequencies found for delta (1.0-4.0 Hz) on channel 11
      Warning: No frequencies found for delta (1.0-4.0 Hz) on channel 12
      Warning: No frequencies found for delta (1.0-4.0 Hz) on channel 13
      Warning: No frequencies found for delta (1.0-4.0 Hz) on channel 14
      Warning: No frequencies found for delta (1.0-4.0 Hz) on channel 15
      Warning: No frequencies found for delta (1.0-4.0 Hz) on channel 16
      Warning: No frequencies found for delta (1.0-4.0 Hz) on channel 17
      Warning: No frequencies found for delta (1.0-4.0 Hz) on channel 18
      Warning: No frequencies found for delta (1.0-4.0 Hz) on channel 19
      Warning: No frequencies found for delta (1.0-4.0 Hz) on channel 20
      Warning: No frequencies found for delta (1.0-4.0 Hz) on channel 21
      Warning: No frequencies found for delta (1.0-4.0 Hz) on channel 22
      Warning: No frequencies found for delta (1.0-4.0 Hz) on channel 23
      Warning: No frequencies found for delta (1.0-4.0 Hz) on channel 24
      Warning: No frequencies found for delta (1.0-4.0 Hz) on channel 25
      Warning: No frequencies found for delta (1.0-4.0 Hz) on channel 26
      Warning: No frequencies found for delta (1.0-4.0 Hz) on channel 27
      Warning: No frequencies found for delta (1.0-4.0 Hz) on channel 28
      Warning: No frequencies found for delta (1.0-4.0 Hz) on channel 29
      Warning: No frequencies found for delta (1.0-4.0 Hz) on channel 30
      Warning: No frequencies found for delta (1.0-4.0 Hz) on channel 31
      Warning: No frequencies found for delta (1.0-4.0 Hz) on channel 32
      Warning: No frequencies found for delta (1.0-4.0 Hz) on channel 33
      Warning: No frequencies found for delta (1.0-4.0 Hz) on channel 34
      Warning: No frequencies found for delta (1.0-4.0 Hz) on channel 35
      Warning: No frequencies found for delta (1.0-4.0 Hz) on channel 36
      Warning: No frequencies found for delta (1.0-4.0 Hz) on channel 37
      Warning: No frequencies found for delta (1.0-4.0 Hz) on channel 38
      Warning: No frequencies found for delta (1.0-4.0 Hz) on channel 39
      Warning: No frequencies found for delta (1.0-4.0 Hz) on channel 40
      Warning: No frequencies found for delta (1.0-4.0 Hz) on channel 41
      Warning: No frequencies found for delta (1.0-4.0 Hz) on channel 42
      Warning: No frequencies found for delta (1.0-4.0 Hz) on channel 43
      Warning: No frequencies found for delta (1.0-4.0 Hz) on channel 44
      Warning: No frequencies found for delta (1.0-4.0 Hz) on channel 45
      Warning: No frequencies found for delta (1.0-4.0 Hz) on channel 46
      Warning: No frequencies found for delta (1.0-4.0 Hz) on channel 47
      Warning: No frequencies found for delta (1.0-4.0 Hz) on channel 48
      Warning: No frequencies found for delta (1.0-4.0 Hz) on channel 49
      Warning: No frequencies found for delta (1.0-4.0 Hz) on channel 50
      Warning: No frequencies found for delta (1.0-4.0 Hz) on channel 51
      Warning: No frequencies found for delta (1.0-4.0 Hz) on channel 52
      Warning: No frequencies found for delta (1.0-4.0 Hz) on channel 53
      Warning: No frequencies found for delta (1.0-4.0 Hz) on channel 54
      Warning: No frequencies found for delta (1.0-4.0 Hz) on channel 55
      Warning: No frequencies found for delta (1.0-4.0 Hz) on channel 56
      Warning: No frequencies found for delta (1.0-4.0 Hz) on channel 57
      Warning: No frequencies found for delta (1.0-4.0 Hz) on channel 58
      Warning: No frequencies found for delta (1.0-4.0 Hz) on channel 59
      Warning: No frequencies found for delta (1.0-4.0 Hz) on channel 60
      Warning: No frequencies found for delta (1.0-4.0 Hz) on channel 61
      Warning: No frequencies found for delta (1.0-4.0 Hz) on channel 62
      Warning: No frequencies found for delta (1.0-4.0 Hz) on channel 63
      Warning: No frequencies found for delta (1.0-4.0 Hz) on channel 64
      Warning: No frequencies found for delta (1.0-4.0 Hz) on channel 65
      Warning: No frequencies found for delta (1.0-4.0 Hz) on channel 66
      Warning: No frequencies found for delta (1.0-4.0 Hz) on channel 67
      Warning: No frequencies found for delta (1.0-4.0 Hz) on channel 68
      Warning: No frequencies found for delta (1.0-4.0 Hz) on channel 69
      Warning: No frequencies found for delta (1.0-4.0 Hz) on channel 70
      Warning: No frequencies found for delta (1.0-4.0 Hz) on channel 71
      Warning: No frequencies found for delta (1.0-4.0 Hz) on channel 72
      Warning: No frequencies found for delta (1.0-4.0 Hz) on channel 73
      Warning: No frequencies found for delta (1.0-4.0 Hz) on channel 74
      Warning: No frequencies found for delta (1.0-4.0 Hz) on channel 75
      Warning: No frequencies found for delta (1.0-4.0 Hz) on channel 76
      Warning: No frequencies found for delta (1.0-4.0 Hz) on channel 77
      Warning: No frequencies found for delta (1.0-4.0 Hz) on channel 78
      Warning: No frequencies found for delta (1.0-4.0 Hz) on channel 79
      Warning: No frequencies found for delta (1.0-4.0 Hz) on channel 80
      Warning: No frequencies found for delta (1.0-4.0 Hz) on channel 81
      Warning: No frequencies found for delta (1.0-4.0 Hz) on channel 82
      Warning: No frequencies found for delta (1.0-4.0 Hz) on channel 83
      Warning: No frequencies found for delta (1.0-4.0 Hz) on channel 84
      Warning: No frequencies found for delta (1.0-4.0 Hz) on channel 85
      Warning: No frequencies found for delta (1.0-4.0 Hz) on channel 86
      Warning: No frequencies found for delta (1.0-4.0 Hz) on channel 87
      Warning: No frequencies found for delta (1.0-4.0 Hz) on channel 88
      Warning: No frequencies found for delta (1.0-4.0 Hz) on channel 89
      Warning: No frequencies found for delta (1.0-4.0 Hz) on channel 90
      Warning: No frequencies found for delta (1.0-4.0 Hz) on channel 91
      Warning: No frequencies found for delta (1.0-4.0 Hz) on channel 92
      Warning: No frequencies found for delta (1.0-4.0 Hz) on channel 93
      Warning: No frequencies found for delta (1.0-4.0 Hz) on channel 94
      Warning: No frequencies found for delta (1.0-4.0 Hz) on channel 95
      Warning: No frequencies found for delta (1.0-4.0 Hz) on channel 96
      Warning: No frequencies found for delta (1.0-4.0 Hz) on channel 97
      Warning: No frequencies found for delta (1.0-4.0 Hz) on channel 98
      Warning: No frequencies found for delta (1.0-4.0 Hz) on channel 99
      Warning: No frequencies found for delta (1.0-4.0 Hz) on channel 100
      Warning: No frequencies found for delta (1.0-4.0 Hz) on channel 101
      Warning: No frequencies found for delta (1.0-4.0 Hz) on channel 102
      Warning: No frequencies found for delta (1.0-4.0 Hz) on channel 103
      Warning: No frequencies found for delta (1.0-4.0 Hz) on channel 104
      Warning: No frequencies found for delta (1.0-4.0 Hz) on channel 105
      Warning: No frequencies found for delta (1.0-4.0 Hz) on channel 106
      Warning: No frequencies found for delta (1.0-4.0 Hz) on channel 107
      Warning: No frequencies found for delta (1.0-4.0 Hz) on channel 108
      Warning: No frequencies found for delta (1.0-4.0 Hz) on channel 109
      Warning: No frequencies found for delta (1.0-4.0 Hz) on channel 110
      Warning: No frequencies found for delta (1.0-4.0 Hz) on channel 111
      Warning: No frequencies found for delta (1.0-4.0 Hz) on channel 112
      Warning: No frequencies found for delta (1.0-4.0 Hz) on channel 113
      Warning: No frequencies found for delta (1.0-4.0 Hz) on channel 114
      Warning: No frequencies found for delta (1.0-4.0 Hz) on channel 115
      Warning: No frequencies found for delta (1.0-4.0 Hz) on channel 116
      Warning: No frequencies found for delta (1.0-4.0 Hz) on channel 117
      Warning: No frequencies found for delta (1.0-4.0 Hz) on channel 118
      Warning: No frequencies found for delta (1.0-4.0 Hz) on channel 119
      Warning: No frequencies found for delta (1.0-4.0 Hz) on channel 120
      Warning: No frequencies found for delta (1.0-4.0 Hz) on channel 121
      Warning: No frequencies found for delta (1.0-4.0 Hz) on channel 122
      Warning: No frequencies found for delta (1.0-4.0 Hz) on channel 123
      Warning: No frequencies found for delta (1.0-4.0 Hz) on channel 124
      Warning: No frequencies found for delta (1.0-4.0 Hz) on channel 125
      Warning: No frequencies found for delta (1.0-4.0 Hz) on channel 126
      Warning: No frequencies found for delta (1.0-4.0 Hz) on channel 127
      Warning: No frequencies found for delta (1.0-4.0 Hz) on channel 128
      Warning: No frequencies found for delta (1.0-4.0 Hz) on channel 129
      Warning: No frequencies found for delta (1.0-4.0 Hz) on channel 130
      Warning: No frequencies found for delta (1.0-4.0 Hz) on channel 131
      Warning: No frequencies found for delta (1.0-4.0 Hz) on channel 132
      Warning: No frequencies found for delta (1.0-4.0 Hz) on channel 133
      Warning: No frequencies found for delta (1.0-4.0 Hz) on channel 134
      Warning: No frequencies found for delta (1.0-4.0 Hz) on channel 135
      Warning: No frequencies found for delta (1.0-4.0 Hz) on channel 136
      Warning: No frequencies found for delta (1.0-4.0 Hz) on channel 137
      Warning: No frequencies found for delta (1.0-4.0 Hz) on channel 138
      Warning: No frequencies found for delta (1.0-4.0 Hz) on channel 139
      Warning: No frequencies found for delta (1.0-4.0 Hz) on channel 140
      Warning: No frequencies found for delta (1.0-4.0 Hz) on channel 141
      Warning: No frequencies found for delta (1.0-4.0 Hz) on channel 142
      Warning: No frequencies found for delta (1.0-4.0 Hz) on channel 143
      Warning: No frequencies found for delta (1.0-4.0 Hz) on channel 144
      Warning: No frequencies found for delta (1.0-4.0 Hz) on channel 145
      Warning: No frequencies found for delta (1.0-4.0 Hz) on channel 146
      Warning: No frequencies found for delta (1.0-4.0 Hz) on channel 147
      Warning: No frequencies found for delta (1.0-4.0 Hz) on channel 148
      Warning: No frequencies found for delta (1.0-4.0 Hz) on channel 149
      Warning: No frequencies found for delta (1.0-4.0 Hz) on channel 150
      Warning: No frequencies found for delta (1.0-4.0 Hz) on channel 151
      Warning: No frequencies found for delta (1.0-4.0 Hz) on channel 152
      Warning: No frequencies found for delta (1.0-4.0 Hz) on channel 153
      Warning: No frequencies found for delta (1.0-4.0 Hz) on channel 154
      Warning: No frequencies found for delta (1.0-4.0 Hz) on channel 155
      Warning: No frequencies found for delta (1.0-4.0 Hz) on channel 156
      Warning: No frequencies found for delta (1.0-4.0 Hz) on channel 157
      Warning: No frequencies found for delta (1.0-4.0 Hz) on channel 158
      Warning: No frequencies found for delta (1.0-4.0 Hz) on channel 159
      Warning: No frequencies found for delta (1.0-4.0 Hz) on channel 160
      Warning: No frequencies found for delta (1.0-4.0 Hz) on channel 161
      Warning: No frequencies found for delta (1.0-4.0 Hz) on channel 162
      Warning: No frequencies found for delta (1.0-4.0 Hz) on channel 163
      Warning: No frequencies found for delta (1.0-4.0 Hz) on channel 164
    Chunk 47/63 (74.6%)      Warning: No frequencies found for delta (1.0-4.0 Hz) on channel 0
      Warning: No frequencies found for delta (1.0-4.0 Hz) on channel 1
      Warning: No frequencies found for delta (1.0-4.0 Hz) on channel 2
      Warning: No frequencies found for delta (1.0-4.0 Hz) on channel 3
      Warning: No frequencies found for delta (1.0-4.0 Hz) on channel 4
      Warning: No frequencies found for delta (1.0-4.0 Hz) on channel 5
      Warning: No frequencies found for delta (1.0-4.0 Hz) on channel 6
      Warning: No frequencies found for delta (1.0-4.0 Hz) on channel 7
      Warning: No frequencies found for delta (1.0-4.0 Hz) on channel 8
      Warning: No frequencies found for delta (1.0-4.0 Hz) on channel 9
      Warning: No frequencies found for delta (1.0-4.0 Hz) on channel 10
      Warning: No frequencies found for delta (1.0-4.0 Hz) on channel 11
      Warning: No frequencies found for delta (1.0-4.0 Hz) on channel 12
      Warning: No frequencies found for delta (1.0-4.0 Hz) on channel 13
      Warning: No frequencies found for delta (1.0-4.0 Hz) on channel 14
      Warning: No frequencies found for delta (1.0-4.0 Hz) on channel 15
      Warning: No frequencies found for delta (1.0-4.0 Hz) on channel 16
      Warning: No frequencies found for delta (1.0-4.0 Hz) on channel 17
      Warning: No frequencies found for delta (1.0-4.0 Hz) on channel 18
      Warning: No frequencies found for delta (1.0-4.0 Hz) on channel 19
      Warning: No frequencies found for delta (1.0-4.0 Hz) on channel 20
      Warning: No frequencies found for delta (1.0-4.0 Hz) on channel 21
      Warning: No frequencies found for delta (1.0-4.0 Hz) on channel 22
      Warning: No frequencies found for delta (1.0-4.0 Hz) on channel 23
      Warning: No frequencies found for delta (1.0-4.0 Hz) on channel 24
      Warning: No frequencies found for delta (1.0-4.0 Hz) on channel 25
      Warning: No frequencies found for delta (1.0-4.0 Hz) on channel 26
      Warning: No frequencies found for delta (1.0-4.0 Hz) on channel 27
      Warning: No frequencies found for delta (1.0-4.0 Hz) on channel 28
      Warning: No frequencies found for delta (1.0-4.0 Hz) on channel 29
      Warning: No frequencies found for delta (1.0-4.0 Hz) on channel 30
      Warning: No frequencies found for delta (1.0-4.0 Hz) on channel 31
      Warning: No frequencies found for delta (1.0-4.0 Hz) on channel 32
      Warning: No frequencies found for delta (1.0-4.0 Hz) on channel 33
      Warning: No frequencies found for delta (1.0-4.0 Hz) on channel 34
      Warning: No frequencies found for delta (1.0-4.0 Hz) on channel 35
      Warning: No frequencies found for delta (1.0-4.0 Hz) on channel 36
      Warning: No frequencies found for delta (1.0-4.0 Hz) on channel 37
      Warning: No frequencies found for delta (1.0-4.0 Hz) on channel 38
      Warning: No frequencies found for delta (1.0-4.0 Hz) on channel 39
      Warning: No frequencies found for delta (1.0-4.0 Hz) on channel 40
      Warning: No frequencies found for delta (1.0-4.0 Hz) on channel 41
      Warning: No frequencies found for delta (1.0-4.0 Hz) on channel 42
      Warning: No frequencies found for delta (1.0-4.0 Hz) on channel 43
      Warning: No frequencies found for delta (1.0-4.0 Hz) on channel 44
      Warning: No frequencies found for delta (1.0-4.0 Hz) on channel 45
      Warning: No frequencies found for delta (1.0-4.0 Hz) on channel 46
      Warning: No frequencies found for delta (1.0-4.0 Hz) on channel 47
      Warning: No frequencies found for delta (1.0-4.0 Hz) on channel 48
      Warning: No frequencies found for delta (1.0-4.0 Hz) on channel 49
      Warning: No frequencies found for delta (1.0-4.0 Hz) on channel 50
      Warning: No frequencies found for delta (1.0-4.0 Hz) on channel 51
      Warning: No frequencies found for delta (1.0-4.0 Hz) on channel 52
      Warning: No frequencies found for delta (1.0-4.0 Hz) on channel 53
      Warning: No frequencies found for delta (1.0-4.0 Hz) on channel 54
      Warning: No frequencies found for delta (1.0-4.0 Hz) on channel 55
      Warning: No frequencies found for delta (1.0-4.0 Hz) on channel 56
      Warning: No frequencies found for delta (1.0-4.0 Hz) on channel 57
      Warning: No frequencies found for delta (1.0-4.0 Hz) on channel 58
      Warning: No frequencies found for delta (1.0-4.0 Hz) on channel 59
      Warning: No frequencies found for delta (1.0-4.0 Hz) on channel 60
      Warning: No frequencies found for delta (1.0-4.0 Hz) on channel 61
      Warning: No frequencies found for delta (1.0-4.0 Hz) on channel 62
      Warning: No frequencies found for delta (1.0-4.0 Hz) on channel 63
      Warning: No frequencies found for delta (1.0-4.0 Hz) on channel 64
      Warning: No frequencies found for delta (1.0-4.0 Hz) on channel 65
      Warning: No frequencies found for delta (1.0-4.0 Hz) on channel 66
      Warning: No frequencies found for delta (1.0-4.0 Hz) on channel 67
      Warning: No frequencies found for delta (1.0-4.0 Hz) on channel 68
      Warning: No frequencies found for delta (1.0-4.0 Hz) on channel 69
      Warning: No frequencies found for delta (1.0-4.0 Hz) on channel 70
      Warning: No frequencies found for delta (1.0-4.0 Hz) on channel 71
      Warning: No frequencies found for delta (1.0-4.0 Hz) on channel 72
      Warning: No frequencies found for delta (1.0-4.0 Hz) on channel 73
      Warning: No frequencies found for delta (1.0-4.0 Hz) on channel 74
      Warning: No frequencies found for delta (1.0-4.0 Hz) on channel 75
      Warning: No frequencies found for delta (1.0-4.0 Hz) on channel 76
      Warning: No frequencies found for delta (1.0-4.0 Hz) on channel 77
      Warning: No frequencies found for delta (1.0-4.0 Hz) on channel 78
      Warning: No frequencies found for delta (1.0-4.0 Hz) on channel 79
      Warning: No frequencies found for delta (1.0-4.0 Hz) on channel 80
      Warning: No frequencies found for delta (1.0-4.0 Hz) on channel 81
      Warning: No frequencies found for delta (1.0-4.0 Hz) on channel 82
      Warning: No frequencies found for delta (1.0-4.0 Hz) on channel 83
      Warning: No frequencies found for delta (1.0-4.0 Hz) on channel 84
      Warning: No frequencies found for delta (1.0-4.0 Hz) on channel 85
      Warning: No frequencies found for delta (1.0-4.0 Hz) on channel 86
      Warning: No frequencies found for delta (1.0-4.0 Hz) on channel 87
      Warning: No frequencies found for delta (1.0-4.0 Hz) on channel 88
      Warning: No frequencies found for delta (1.0-4.0 Hz) on channel 89
      Warning: No frequencies found for delta (1.0-4.0 Hz) on channel 90
      Warning: No frequencies found for delta (1.0-4.0 Hz) on channel 91
      Warning: No frequencies found for delta (1.0-4.0 Hz) on channel 92
      Warning: No frequencies found for delta (1.0-4.0 Hz) on channel 93
      Warning: No frequencies found for delta (1.0-4.0 Hz) on channel 94
      Warning: No frequencies found for delta (1.0-4.0 Hz) on channel 95
      Warning: No frequencies found for delta (1.0-4.0 Hz) on channel 96
      Warning: No frequencies found for delta (1.0-4.0 Hz) on channel 97
      Warning: No frequencies found for delta (1.0-4.0 Hz) on channel 98
      Warning: No frequencies found for delta (1.0-4.0 Hz) on channel 99
      Warning: No frequencies found for delta (1.0-4.0 Hz) on channel 100
      Warning: No frequencies found for delta (1.0-4.0 Hz) on channel 101
      Warning: No frequencies found for delta (1.0-4.0 Hz) on channel 102
      Warning: No frequencies found for delta (1.0-4.0 Hz) on channel 103
      Warning: No frequencies found for delta (1.0-4.0 Hz) on channel 104
      Warning: No frequencies found for delta (1.0-4.0 Hz) on channel 105
      Warning: No frequencies found for delta (1.0-4.0 Hz) on channel 106
      Warning: No frequencies found for delta (1.0-4.0 Hz) on channel 107
      Warning: No frequencies found for delta (1.0-4.0 Hz) on channel 108
      Warning: No frequencies found for delta (1.0-4.0 Hz) on channel 109
      Warning: No frequencies found for delta (1.0-4.0 Hz) on channel 110
      Warning: No frequencies found for delta (1.0-4.0 Hz) on channel 111
      Warning: No frequencies found for delta (1.0-4.0 Hz) on channel 112
      Warning: No frequencies found for delta (1.0-4.0 Hz) on channel 113
      Warning: No frequencies found for delta (1.0-4.0 Hz) on channel 114
      Warning: No frequencies found for delta (1.0-4.0 Hz) on channel 115
      Warning: No frequencies found for delta (1.0-4.0 Hz) on channel 116
      Warning: No frequencies found for delta (1.0-4.0 Hz) on channel 117
      Warning: No frequencies found for delta (1.0-4.0 Hz) on channel 118
      Warning: No frequencies found for delta (1.0-4.0 Hz) on channel 119
      Warning: No frequencies found for delta (1.0-4.0 Hz) on channel 120
      Warning: No frequencies found for delta (1.0-4.0 Hz) on channel 121
      Warning: No frequencies found for delta (1.0-4.0 Hz) on channel 122
      Warning: No frequencies found for delta (1.0-4.0 Hz) on channel 123
      Warning: No frequencies found for delta (1.0-4.0 Hz) on channel 124
      Warning: No frequencies found for delta (1.0-4.0 Hz) on channel 125
      Warning: No frequencies found for delta (1.0-4.0 Hz) on channel 126
      Warning: No frequencies found for delta (1.0-4.0 Hz) on channel 127
      Warning: No frequencies found for delta (1.0-4.0 Hz) on channel 128
      Warning: No frequencies found for delta (1.0-4.0 Hz) on channel 129
      Warning: No frequencies found for delta (1.0-4.0 Hz) on channel 130
      Warning: No frequencies found for delta (1.0-4.0 Hz) on channel 131
      Warning: No frequencies found for delta (1.0-4.0 Hz) on channel 132
      Warning: No frequencies found for delta (1.0-4.0 Hz) on channel 133
      Warning: No frequencies found for delta (1.0-4.0 Hz) on channel 134
      Warning: No frequencies found for delta (1.0-4.0 Hz) on channel 135
      Warning: No frequencies found for delta (1.0-4.0 Hz) on channel 136
      Warning: No frequencies found for delta (1.0-4.0 Hz) on channel 137
      Warning: No frequencies found for delta (1.0-4.0 Hz) on channel 138
      Warning: No frequencies found for delta (1.0-4.0 Hz) on channel 139
      Warning: No frequencies found for delta (1.0-4.0 Hz) on channel 140
      Warning: No frequencies found for delta (1.0-4.0 Hz) on channel 141
      Warning: No frequencies found for delta (1.0-4.0 Hz) on channel 142
      Warning: No frequencies found for delta (1.0-4.0 Hz) on channel 143
      Warning: No frequencies found for delta (1.0-4.0 Hz) on channel 144
      Warning: No frequencies found for delta (1.0-4.0 Hz) on channel 145
      Warning: No frequencies found for delta (1.0-4.0 Hz) on channel 146
      Warning: No frequencies found for delta (1.0-4.0 Hz) on channel 147
      Warning: No frequencies found for delta (1.0-4.0 Hz) on channel 148
      Warning: No frequencies found for delta (1.0-4.0 Hz) on channel 149
      Warning: No frequencies found for delta (1.0-4.0 Hz) on channel 150
      Warning: No frequencies found for delta (1.0-4.0 Hz) on channel 151
      Warning: No frequencies found for delta (1.0-4.0 Hz) on channel 152
      Warning: No frequencies found for delta (1.0-4.0 Hz) on channel 153
      Warning: No frequencies found for delta (1.0-4.0 Hz) on channel 154
      Warning: No frequencies found for delta (1.0-4.0 Hz) on channel 155
      Warning: No frequencies found for delta (1.0-4.0 Hz) on channel 156
      Warning: No frequencies found for delta (1.0-4.0 Hz) on channel 157
      Warning: No frequencies found for delta (1.0-4.0 Hz) on channel 158
      Warning: No frequencies found for delta (1.0-4.0 Hz) on channel 159
      Warning: No frequencies found for delta (1.0-4.0 Hz) on channel 160
      Warning: No frequencies found for delta (1.0-4.0 Hz) on channel 161
      Warning: No frequencies found for delta (1.0-4.0 Hz) on channel 162
      Warning: No frequencies found for delta (1.0-4.0 Hz) on channel 163
      Warning: No frequencies found for delta (1.0-4.0 Hz) on channel 164
    Chunk 48/63 (76.2%)      Warning: No frequencies found for delta (1.0-4.0 Hz) on channel 0
      Warning: No frequencies found for delta (1.0-4.0 Hz) on channel 1
      Warning: No frequencies found for delta (1.0-4.0 Hz) on channel 2
      Warning: No frequencies found for delta (1.0-4.0 Hz) on channel 3
      Warning: No frequencies found for delta (1.0-4.0 Hz) on channel 4
      Warning: No frequencies found for delta (1.0-4.0 Hz) on channel 5
      Warning: No frequencies found for delta (1.0-4.0 Hz) on channel 6
      Warning: No frequencies found for delta (1.0-4.0 Hz) on channel 7
      Warning: No frequencies found for delta (1.0-4.0 Hz) on channel 8
      Warning: No frequencies found for delta (1.0-4.0 Hz) on channel 9
      Warning: No frequencies found for delta (1.0-4.0 Hz) on channel 10
      Warning: No frequencies found for delta (1.0-4.0 Hz) on channel 11
      Warning: No frequencies found for delta (1.0-4.0 Hz) on channel 12
      Warning: No frequencies found for delta (1.0-4.0 Hz) on channel 13
      Warning: No frequencies found for delta (1.0-4.0 Hz) on channel 14
      Warning: No frequencies found for delta (1.0-4.0 Hz) on channel 15
      Warning: No frequencies found for delta (1.0-4.0 Hz) on channel 16
      Warning: No frequencies found for delta (1.0-4.0 Hz) on channel 17
      Warning: No frequencies found for delta (1.0-4.0 Hz) on channel 18
      Warning: No frequencies found for delta (1.0-4.0 Hz) on channel 19
      Warning: No frequencies found for delta (1.0-4.0 Hz) on channel 20
      Warning: No frequencies found for delta (1.0-4.0 Hz) on channel 21
      Warning: No frequencies found for delta (1.0-4.0 Hz) on channel 22
      Warning: No frequencies found for delta (1.0-4.0 Hz) on channel 23
      Warning: No frequencies found for delta (1.0-4.0 Hz) on channel 24
      Warning: No frequencies found for delta (1.0-4.0 Hz) on channel 25
      Warning: No frequencies found for delta (1.0-4.0 Hz) on channel 26
      Warning: No frequencies found for delta (1.0-4.0 Hz) on channel 27
      Warning: No frequencies found for delta (1.0-4.0 Hz) on channel 28
      Warning: No frequencies found for delta (1.0-4.0 Hz) on channel 29
      Warning: No frequencies found for delta (1.0-4.0 Hz) on channel 30
      Warning: No frequencies found for delta (1.0-4.0 Hz) on channel 31
      Warning: No frequencies found for delta (1.0-4.0 Hz) on channel 32
      Warning: No frequencies found for delta (1.0-4.0 Hz) on channel 33
      Warning: No frequencies found for delta (1.0-4.0 Hz) on channel 34
      Warning: No frequencies found for delta (1.0-4.0 Hz) on channel 35
      Warning: No frequencies found for delta (1.0-4.0 Hz) on channel 36
      Warning: No frequencies found for delta (1.0-4.0 Hz) on channel 37
      Warning: No frequencies found for delta (1.0-4.0 Hz) on channel 38
      Warning: No frequencies found for delta (1.0-4.0 Hz) on channel 39
      Warning: No frequencies found for delta (1.0-4.0 Hz) on channel 40
      Warning: No frequencies found for delta (1.0-4.0 Hz) on channel 41
      Warning: No frequencies found for delta (1.0-4.0 Hz) on channel 42
      Warning: No frequencies found for delta (1.0-4.0 Hz) on channel 43
      Warning: No frequencies found for delta (1.0-4.0 Hz) on channel 44
      Warning: No frequencies found for delta (1.0-4.0 Hz) on channel 45
      Warning: No frequencies found for delta (1.0-4.0 Hz) on channel 46
      Warning: No frequencies found for delta (1.0-4.0 Hz) on channel 47
      Warning: No frequencies found for delta (1.0-4.0 Hz) on channel 48
      Warning: No frequencies found for delta (1.0-4.0 Hz) on channel 49
      Warning: No frequencies found for delta (1.0-4.0 Hz) on channel 50
      Warning: No frequencies found for delta (1.0-4.0 Hz) on channel 51
      Warning: No frequencies found for delta (1.0-4.0 Hz) on channel 52
      Warning: No frequencies found for delta (1.0-4.0 Hz) on channel 53
      Warning: No frequencies found for delta (1.0-4.0 Hz) on channel 54
      Warning: No frequencies found for delta (1.0-4.0 Hz) on channel 55
      Warning: No frequencies found for delta (1.0-4.0 Hz) on channel 56
      Warning: No frequencies found for delta (1.0-4.0 Hz) on channel 57
      Warning: No frequencies found for delta (1.0-4.0 Hz) on channel 58
      Warning: No frequencies found for delta (1.0-4.0 Hz) on channel 59
      Warning: No frequencies found for delta (1.0-4.0 Hz) on channel 60
      Warning: No frequencies found for delta (1.0-4.0 Hz) on channel 61
      Warning: No frequencies found for delta (1.0-4.0 Hz) on channel 62
      Warning: No frequencies found for delta (1.0-4.0 Hz) on channel 63
      Warning: No frequencies found for delta (1.0-4.0 Hz) on channel 64
      Warning: No frequencies found for delta (1.0-4.0 Hz) on channel 65
      Warning: No frequencies found for delta (1.0-4.0 Hz) on channel 66
      Warning: No frequencies found for delta (1.0-4.0 Hz) on channel 67
      Warning: No frequencies found for delta (1.0-4.0 Hz) on channel 68
      Warning: No frequencies found for delta (1.0-4.0 Hz) on channel 69
      Warning: No frequencies found for delta (1.0-4.0 Hz) on channel 70
      Warning: No frequencies found for delta (1.0-4.0 Hz) on channel 71
      Warning: No frequencies found for delta (1.0-4.0 Hz) on channel 72
      Warning: No frequencies found for delta (1.0-4.0 Hz) on channel 73
      Warning: No frequencies found for delta (1.0-4.0 Hz) on channel 74
      Warning: No frequencies found for delta (1.0-4.0 Hz) on channel 75
      Warning: No frequencies found for delta (1.0-4.0 Hz) on channel 76
      Warning: No frequencies found for delta (1.0-4.0 Hz) on channel 77
      Warning: No frequencies found for delta (1.0-4.0 Hz) on channel 78
      Warning: No frequencies found for delta (1.0-4.0 Hz) on channel 79
      Warning: No frequencies found for delta (1.0-4.0 Hz) on channel 80
      Warning: No frequencies found for delta (1.0-4.0 Hz) on channel 81
      Warning: No frequencies found for delta (1.0-4.0 Hz) on channel 82
      Warning: No frequencies found for delta (1.0-4.0 Hz) on channel 83
      Warning: No frequencies found for delta (1.0-4.0 Hz) on channel 84
      Warning: No frequencies found for delta (1.0-4.0 Hz) on channel 85
      Warning: No frequencies found for delta (1.0-4.0 Hz) on channel 86
      Warning: No frequencies found for delta (1.0-4.0 Hz) on channel 87
      Warning: No frequencies found for delta (1.0-4.0 Hz) on channel 88
      Warning: No frequencies found for delta (1.0-4.0 Hz) on channel 89
      Warning: No frequencies found for delta (1.0-4.0 Hz) on channel 90
      Warning: No frequencies found for delta (1.0-4.0 Hz) on channel 91
      Warning: No frequencies found for delta (1.0-4.0 Hz) on channel 92
      Warning: No frequencies found for delta (1.0-4.0 Hz) on channel 93
      Warning: No frequencies found for delta (1.0-4.0 Hz) on channel 94
      Warning: No frequencies found for delta (1.0-4.0 Hz) on channel 95
      Warning: No frequencies found for delta (1.0-4.0 Hz) on channel 96
      Warning: No frequencies found for delta (1.0-4.0 Hz) on channel 97
      Warning: No frequencies found for delta (1.0-4.0 Hz) on channel 98
      Warning: No frequencies found for delta (1.0-4.0 Hz) on channel 99
      Warning: No frequencies found for delta (1.0-4.0 Hz) on channel 100
      Warning: No frequencies found for delta (1.0-4.0 Hz) on channel 101
      Warning: No frequencies found for delta (1.0-4.0 Hz) on channel 102
      Warning: No frequencies found for delta (1.0-4.0 Hz) on channel 103
      Warning: No frequencies found for delta (1.0-4.0 Hz) on channel 104
      Warning: No frequencies found for delta (1.0-4.0 Hz) on channel 105
      Warning: No frequencies found for delta (1.0-4.0 Hz) on channel 106
      Warning: No frequencies found for delta (1.0-4.0 Hz) on channel 107
      Warning: No frequencies found for delta (1.0-4.0 Hz) on channel 108
      Warning: No frequencies found for delta (1.0-4.0 Hz) on channel 109
      Warning: No frequencies found for delta (1.0-4.0 Hz) on channel 110
      Warning: No frequencies found for delta (1.0-4.0 Hz) on channel 111
      Warning: No frequencies found for delta (1.0-4.0 Hz) on channel 112
      Warning: No frequencies found for delta (1.0-4.0 Hz) on channel 113
      Warning: No frequencies found for delta (1.0-4.0 Hz) on channel 114
      Warning: No frequencies found for delta (1.0-4.0 Hz) on channel 115
      Warning: No frequencies found for delta (1.0-4.0 Hz) on channel 116
      Warning: No frequencies found for delta (1.0-4.0 Hz) on channel 117
      Warning: No frequencies found for delta (1.0-4.0 Hz) on channel 118
      Warning: No frequencies found for delta (1.0-4.0 Hz) on channel 119
      Warning: No frequencies found for delta (1.0-4.0 Hz) on channel 120
      Warning: No frequencies found for delta (1.0-4.0 Hz) on channel 121
      Warning: No frequencies found for delta (1.0-4.0 Hz) on channel 122
      Warning: No frequencies found for delta (1.0-4.0 Hz) on channel 123
      Warning: No frequencies found for delta (1.0-4.0 Hz) on channel 124
      Warning: No frequencies found for delta (1.0-4.0 Hz) on channel 125
      Warning: No frequencies found for delta (1.0-4.0 Hz) on channel 126
      Warning: No frequencies found for delta (1.0-4.0 Hz) on channel 127
      Warning: No frequencies found for delta (1.0-4.0 Hz) on channel 128
      Warning: No frequencies found for delta (1.0-4.0 Hz) on channel 129
      Warning: No frequencies found for delta (1.0-4.0 Hz) on channel 130
      Warning: No frequencies found for delta (1.0-4.0 Hz) on channel 131
      Warning: No frequencies found for delta (1.0-4.0 Hz) on channel 132
      Warning: No frequencies found for delta (1.0-4.0 Hz) on channel 133
      Warning: No frequencies found for delta (1.0-4.0 Hz) on channel 134
      Warning: No frequencies found for delta (1.0-4.0 Hz) on channel 135
      Warning: No frequencies found for delta (1.0-4.0 Hz) on channel 136
      Warning: No frequencies found for delta (1.0-4.0 Hz) on channel 137
      Warning: No frequencies found for delta (1.0-4.0 Hz) on channel 138
      Warning: No frequencies found for delta (1.0-4.0 Hz) on channel 139
      Warning: No frequencies found for delta (1.0-4.0 Hz) on channel 140
      Warning: No frequencies found for delta (1.0-4.0 Hz) on channel 141
      Warning: No frequencies found for delta (1.0-4.0 Hz) on channel 142
      Warning: No frequencies found for delta (1.0-4.0 Hz) on channel 143
      Warning: No frequencies found for delta (1.0-4.0 Hz) on channel 144
      Warning: No frequencies found for delta (1.0-4.0 Hz) on channel 145
      Warning: No frequencies found for delta (1.0-4.0 Hz) on channel 146
      Warning: No frequencies found for delta (1.0-4.0 Hz) on channel 147
      Warning: No frequencies found for delta (1.0-4.0 Hz) on channel 148
      Warning: No frequencies found for delta (1.0-4.0 Hz) on channel 149
      Warning: No frequencies found for delta (1.0-4.0 Hz) on channel 150
      Warning: No frequencies found for delta (1.0-4.0 Hz) on channel 151
      Warning: No frequencies found for delta (1.0-4.0 Hz) on channel 152
      Warning: No frequencies found for delta (1.0-4.0 Hz) on channel 153
      Warning: No frequencies found for delta (1.0-4.0 Hz) on channel 154
      Warning: No frequencies found for delta (1.0-4.0 Hz) on channel 155
      Warning: No frequencies found for delta (1.0-4.0 Hz) on channel 156
      Warning: No frequencies found for delta (1.0-4.0 Hz) on channel 157
      Warning: No frequencies found for delta (1.0-4.0 Hz) on channel 158
      Warning: No frequencies found for delta (1.0-4.0 Hz) on channel 159
      Warning: No frequencies found for delta (1.0-4.0 Hz) on channel 160
      Warning: No frequencies found for delta (1.0-4.0 Hz) on channel 161
      Warning: No frequencies found for delta (1.0-4.0 Hz) on channel 162
      Warning: No frequencies found for delta (1.0-4.0 Hz) on channel 163
      Warning: No frequencies found for delta (1.0-4.0 Hz) on channel 164
    Chunk 49/63 (77.8%)      Warning: No frequencies found for delta (1.0-4.0 Hz) on channel 0
      Warning: No frequencies found for delta (1.0-4.0 Hz) on channel 1
      Warning: No frequencies found for delta (1.0-4.0 Hz) on channel 2
      Warning: No frequencies found for delta (1.0-4.0 Hz) on channel 3
      Warning: No frequencies found for delta (1.0-4.0 Hz) on channel 4
      Warning: No frequencies found for delta (1.0-4.0 Hz) on channel 5
      Warning: No frequencies found for delta (1.0-4.0 Hz) on channel 6
      Warning: No frequencies found for delta (1.0-4.0 Hz) on channel 7
      Warning: No frequencies found for delta (1.0-4.0 Hz) on channel 8
      Warning: No frequencies found for delta (1.0-4.0 Hz) on channel 9
      Warning: No frequencies found for delta (1.0-4.0 Hz) on channel 10
      Warning: No frequencies found for delta (1.0-4.0 Hz) on channel 11
      Warning: No frequencies found for delta (1.0-4.0 Hz) on channel 12
      Warning: No frequencies found for delta (1.0-4.0 Hz) on channel 13
      Warning: No frequencies found for delta (1.0-4.0 Hz) on channel 14
      Warning: No frequencies found for delta (1.0-4.0 Hz) on channel 15
      Warning: No frequencies found for delta (1.0-4.0 Hz) on channel 16
      Warning: No frequencies found for delta (1.0-4.0 Hz) on channel 17
      Warning: No frequencies found for delta (1.0-4.0 Hz) on channel 18
      Warning: No frequencies found for delta (1.0-4.0 Hz) on channel 19
      Warning: No frequencies found for delta (1.0-4.0 Hz) on channel 20
      Warning: No frequencies found for delta (1.0-4.0 Hz) on channel 21
      Warning: No frequencies found for delta (1.0-4.0 Hz) on channel 22
      Warning: No frequencies found for delta (1.0-4.0 Hz) on channel 23
      Warning: No frequencies found for delta (1.0-4.0 Hz) on channel 24
      Warning: No frequencies found for delta (1.0-4.0 Hz) on channel 25
      Warning: No frequencies found for delta (1.0-4.0 Hz) on channel 26
      Warning: No frequencies found for delta (1.0-4.0 Hz) on channel 27
      Warning: No frequencies found for delta (1.0-4.0 Hz) on channel 28
      Warning: No frequencies found for delta (1.0-4.0 Hz) on channel 29
      Warning: No frequencies found for delta (1.0-4.0 Hz) on channel 30
      Warning: No frequencies found for delta (1.0-4.0 Hz) on channel 31
      Warning: No frequencies found for delta (1.0-4.0 Hz) on channel 32
      Warning: No frequencies found for delta (1.0-4.0 Hz) on channel 33
      Warning: No frequencies found for delta (1.0-4.0 Hz) on channel 34
      Warning: No frequencies found for delta (1.0-4.0 Hz) on channel 35
      Warning: No frequencies found for delta (1.0-4.0 Hz) on channel 36
      Warning: No frequencies found for delta (1.0-4.0 Hz) on channel 37
      Warning: No frequencies found for delta (1.0-4.0 Hz) on channel 38
      Warning: No frequencies found for delta (1.0-4.0 Hz) on channel 39
      Warning: No frequencies found for delta (1.0-4.0 Hz) on channel 40
      Warning: No frequencies found for delta (1.0-4.0 Hz) on channel 41
      Warning: No frequencies found for delta (1.0-4.0 Hz) on channel 42
      Warning: No frequencies found for delta (1.0-4.0 Hz) on channel 43
      Warning: No frequencies found for delta (1.0-4.0 Hz) on channel 44
      Warning: No frequencies found for delta (1.0-4.0 Hz) on channel 45
      Warning: No frequencies found for delta (1.0-4.0 Hz) on channel 46
      Warning: No frequencies found for delta (1.0-4.0 Hz) on channel 47
      Warning: No frequencies found for delta (1.0-4.0 Hz) on channel 48
      Warning: No frequencies found for delta (1.0-4.0 Hz) on channel 49
      Warning: No frequencies found for delta (1.0-4.0 Hz) on channel 50
      Warning: No frequencies found for delta (1.0-4.0 Hz) on channel 51
      Warning: No frequencies found for delta (1.0-4.0 Hz) on channel 52
      Warning: No frequencies found for delta (1.0-4.0 Hz) on channel 53
      Warning: No frequencies found for delta (1.0-4.0 Hz) on channel 54
      Warning: No frequencies found for delta (1.0-4.0 Hz) on channel 55
      Warning: No frequencies found for delta (1.0-4.0 Hz) on channel 56
      Warning: No frequencies found for delta (1.0-4.0 Hz) on channel 57
      Warning: No frequencies found for delta (1.0-4.0 Hz) on channel 58
      Warning: No frequencies found for delta (1.0-4.0 Hz) on channel 59
      Warning: No frequencies found for delta (1.0-4.0 Hz) on channel 60
      Warning: No frequencies found for delta (1.0-4.0 Hz) on channel 61
      Warning: No frequencies found for delta (1.0-4.0 Hz) on channel 62
      Warning: No frequencies found for delta (1.0-4.0 Hz) on channel 63
      Warning: No frequencies found for delta (1.0-4.0 Hz) on channel 64
      Warning: No frequencies found for delta (1.0-4.0 Hz) on channel 65
      Warning: No frequencies found for delta (1.0-4.0 Hz) on channel 66
      Warning: No frequencies found for delta (1.0-4.0 Hz) on channel 67
      Warning: No frequencies found for delta (1.0-4.0 Hz) on channel 68
      Warning: No frequencies found for delta (1.0-4.0 Hz) on channel 69
      Warning: No frequencies found for delta (1.0-4.0 Hz) on channel 70
      Warning: No frequencies found for delta (1.0-4.0 Hz) on channel 71
      Warning: No frequencies found for delta (1.0-4.0 Hz) on channel 72
      Warning: No frequencies found for delta (1.0-4.0 Hz) on channel 73
      Warning: No frequencies found for delta (1.0-4.0 Hz) on channel 74
      Warning: No frequencies found for delta (1.0-4.0 Hz) on channel 75
      Warning: No frequencies found for delta (1.0-4.0 Hz) on channel 76
      Warning: No frequencies found for delta (1.0-4.0 Hz) on channel 77
      Warning: No frequencies found for delta (1.0-4.0 Hz) on channel 78
      Warning: No frequencies found for delta (1.0-4.0 Hz) on channel 79
      Warning: No frequencies found for delta (1.0-4.0 Hz) on channel 80
      Warning: No frequencies found for delta (1.0-4.0 Hz) on channel 81
      Warning: No frequencies found for delta (1.0-4.0 Hz) on channel 82
      Warning: No frequencies found for delta (1.0-4.0 Hz) on channel 83
      Warning: No frequencies found for delta (1.0-4.0 Hz) on channel 84
      Warning: No frequencies found for delta (1.0-4.0 Hz) on channel 85
      Warning: No frequencies found for delta (1.0-4.0 Hz) on channel 86
      Warning: No frequencies found for delta (1.0-4.0 Hz) on channel 87
      Warning: No frequencies found for delta (1.0-4.0 Hz) on channel 88
      Warning: No frequencies found for delta (1.0-4.0 Hz) on channel 89
      Warning: No frequencies found for delta (1.0-4.0 Hz) on channel 90
      Warning: No frequencies found for delta (1.0-4.0 Hz) on channel 91
      Warning: No frequencies found for delta (1.0-4.0 Hz) on channel 92
      Warning: No frequencies found for delta (1.0-4.0 Hz) on channel 93
      Warning: No frequencies found for delta (1.0-4.0 Hz) on channel 94
      Warning: No frequencies found for delta (1.0-4.0 Hz) on channel 95
      Warning: No frequencies found for delta (1.0-4.0 Hz) on channel 96
      Warning: No frequencies found for delta (1.0-4.0 Hz) on channel 97
      Warning: No frequencies found for delta (1.0-4.0 Hz) on channel 98
      Warning: No frequencies found for delta (1.0-4.0 Hz) on channel 99
      Warning: No frequencies found for delta (1.0-4.0 Hz) on channel 100
      Warning: No frequencies found for delta (1.0-4.0 Hz) on channel 101
      Warning: No frequencies found for delta (1.0-4.0 Hz) on channel 102
      Warning: No frequencies found for delta (1.0-4.0 Hz) on channel 103
      Warning: No frequencies found for delta (1.0-4.0 Hz) on channel 104
      Warning: No frequencies found for delta (1.0-4.0 Hz) on channel 105
      Warning: No frequencies found for delta (1.0-4.0 Hz) on channel 106
      Warning: No frequencies found for delta (1.0-4.0 Hz) on channel 107
      Warning: No frequencies found for delta (1.0-4.0 Hz) on channel 108
      Warning: No frequencies found for delta (1.0-4.0 Hz) on channel 109
      Warning: No frequencies found for delta (1.0-4.0 Hz) on channel 110
      Warning: No frequencies found for delta (1.0-4.0 Hz) on channel 111
      Warning: No frequencies found for delta (1.0-4.0 Hz) on channel 112
      Warning: No frequencies found for delta (1.0-4.0 Hz) on channel 113
      Warning: No frequencies found for delta (1.0-4.0 Hz) on channel 114
      Warning: No frequencies found for delta (1.0-4.0 Hz) on channel 115
      Warning: No frequencies found for delta (1.0-4.0 Hz) on channel 116
      Warning: No frequencies found for delta (1.0-4.0 Hz) on channel 117
      Warning: No frequencies found for delta (1.0-4.0 Hz) on channel 118
      Warning: No frequencies found for delta (1.0-4.0 Hz) on channel 119
      Warning: No frequencies found for delta (1.0-4.0 Hz) on channel 120
      Warning: No frequencies found for delta (1.0-4.0 Hz) on channel 121
      Warning: No frequencies found for delta (1.0-4.0 Hz) on channel 122
      Warning: No frequencies found for delta (1.0-4.0 Hz) on channel 123
      Warning: No frequencies found for delta (1.0-4.0 Hz) on channel 124
      Warning: No frequencies found for delta (1.0-4.0 Hz) on channel 125
      Warning: No frequencies found for delta (1.0-4.0 Hz) on channel 126
      Warning: No frequencies found for delta (1.0-4.0 Hz) on channel 127
      Warning: No frequencies found for delta (1.0-4.0 Hz) on channel 128
      Warning: No frequencies found for delta (1.0-4.0 Hz) on channel 129
      Warning: No frequencies found for delta (1.0-4.0 Hz) on channel 130
      Warning: No frequencies found for delta (1.0-4.0 Hz) on channel 131
      Warning: No frequencies found for delta (1.0-4.0 Hz) on channel 132
      Warning: No frequencies found for delta (1.0-4.0 Hz) on channel 133
      Warning: No frequencies found for delta (1.0-4.0 Hz) on channel 134
      Warning: No frequencies found for delta (1.0-4.0 Hz) on channel 135
      Warning: No frequencies found for delta (1.0-4.0 Hz) on channel 136
      Warning: No frequencies found for delta (1.0-4.0 Hz) on channel 137
      Warning: No frequencies found for delta (1.0-4.0 Hz) on channel 138
      Warning: No frequencies found for delta (1.0-4.0 Hz) on channel 139
      Warning: No frequencies found for delta (1.0-4.0 Hz) on channel 140
      Warning: No frequencies found for delta (1.0-4.0 Hz) on channel 141
      Warning: No frequencies found for delta (1.0-4.0 Hz) on channel 142
      Warning: No frequencies found for delta (1.0-4.0 Hz) on channel 143
      Warning: No frequencies found for delta (1.0-4.0 Hz) on channel 144
      Warning: No frequencies found for delta (1.0-4.0 Hz) on channel 145
      Warning: No frequencies found for delta (1.0-4.0 Hz) on channel 146
      Warning: No frequencies found for delta (1.0-4.0 Hz) on channel 147
      Warning: No frequencies found for delta (1.0-4.0 Hz) on channel 148
      Warning: No frequencies found for delta (1.0-4.0 Hz) on channel 149
      Warning: No frequencies found for delta (1.0-4.0 Hz) on channel 150
      Warning: No frequencies found for delta (1.0-4.0 Hz) on channel 151
      Warning: No frequencies found for delta (1.0-4.0 Hz) on channel 152
      Warning: No frequencies found for delta (1.0-4.0 Hz) on channel 153
      Warning: No frequencies found for delta (1.0-4.0 Hz) on channel 154
      Warning: No frequencies found for delta (1.0-4.0 Hz) on channel 155
      Warning: No frequencies found for delta (1.0-4.0 Hz) on channel 156
      Warning: No frequencies found for delta (1.0-4.0 Hz) on channel 157
      Warning: No frequencies found for delta (1.0-4.0 Hz) on channel 158
      Warning: No frequencies found for delta (1.0-4.0 Hz) on channel 159
      Warning: No frequencies found for delta (1.0-4.0 Hz) on channel 160
      Warning: No frequencies found for delta (1.0-4.0 Hz) on channel 161
      Warning: No frequencies found for delta (1.0-4.0 Hz) on channel 162
      Warning: No frequencies found for delta (1.0-4.0 Hz) on channel 163
      Warning: No frequencies found for delta (1.0-4.0 Hz) on channel 164
    Chunk 50/63 (79.4%)      Warning: No frequencies found for delta (1.0-4.0 Hz) on channel 0
      Warning: No frequencies found for delta (1.0-4.0 Hz) on channel 1
      Warning: No frequencies found for delta (1.0-4.0 Hz) on channel 2
      Warning: No frequencies found for delta (1.0-4.0 Hz) on channel 3
      Warning: No frequencies found for delta (1.0-4.0 Hz) on channel 4
      Warning: No frequencies found for delta (1.0-4.0 Hz) on channel 5
      Warning: No frequencies found for delta (1.0-4.0 Hz) on channel 6
      Warning: No frequencies found for delta (1.0-4.0 Hz) on channel 7
      Warning: No frequencies found for delta (1.0-4.0 Hz) on channel 8
      Warning: No frequencies found for delta (1.0-4.0 Hz) on channel 9
      Warning: No frequencies found for delta (1.0-4.0 Hz) on channel 10
      Warning: No frequencies found for delta (1.0-4.0 Hz) on channel 11
      Warning: No frequencies found for delta (1.0-4.0 Hz) on channel 12
      Warning: No frequencies found for delta (1.0-4.0 Hz) on channel 13
      Warning: No frequencies found for delta (1.0-4.0 Hz) on channel 14
      Warning: No frequencies found for delta (1.0-4.0 Hz) on channel 15
      Warning: No frequencies found for delta (1.0-4.0 Hz) on channel 16
      Warning: No frequencies found for delta (1.0-4.0 Hz) on channel 17
      Warning: No frequencies found for delta (1.0-4.0 Hz) on channel 18
      Warning: No frequencies found for delta (1.0-4.0 Hz) on channel 19
      Warning: No frequencies found for delta (1.0-4.0 Hz) on channel 20
      Warning: No frequencies found for delta (1.0-4.0 Hz) on channel 21
      Warning: No frequencies found for delta (1.0-4.0 Hz) on channel 22
      Warning: No frequencies found for delta (1.0-4.0 Hz) on channel 23
      Warning: No frequencies found for delta (1.0-4.0 Hz) on channel 24
      Warning: No frequencies found for delta (1.0-4.0 Hz) on channel 25
      Warning: No frequencies found for delta (1.0-4.0 Hz) on channel 26
      Warning: No frequencies found for delta (1.0-4.0 Hz) on channel 27
      Warning: No frequencies found for delta (1.0-4.0 Hz) on channel 28
      Warning: No frequencies found for delta (1.0-4.0 Hz) on channel 29
      Warning: No frequencies found for delta (1.0-4.0 Hz) on channel 30
      Warning: No frequencies found for delta (1.0-4.0 Hz) on channel 31
      Warning: No frequencies found for delta (1.0-4.0 Hz) on channel 32
      Warning: No frequencies found for delta (1.0-4.0 Hz) on channel 33
      Warning: No frequencies found for delta (1.0-4.0 Hz) on channel 34
      Warning: No frequencies found for delta (1.0-4.0 Hz) on channel 35
      Warning: No frequencies found for delta (1.0-4.0 Hz) on channel 36
      Warning: No frequencies found for delta (1.0-4.0 Hz) on channel 37
      Warning: No frequencies found for delta (1.0-4.0 Hz) on channel 38
      Warning: No frequencies found for delta (1.0-4.0 Hz) on channel 39
      Warning: No frequencies found for delta (1.0-4.0 Hz) on channel 40
      Warning: No frequencies found for delta (1.0-4.0 Hz) on channel 41
      Warning: No frequencies found for delta (1.0-4.0 Hz) on channel 42
      Warning: No frequencies found for delta (1.0-4.0 Hz) on channel 43
      Warning: No frequencies found for delta (1.0-4.0 Hz) on channel 44
      Warning: No frequencies found for delta (1.0-4.0 Hz) on channel 45
      Warning: No frequencies found for delta (1.0-4.0 Hz) on channel 46
      Warning: No frequencies found for delta (1.0-4.0 Hz) on channel 47
      Warning: No frequencies found for delta (1.0-4.0 Hz) on channel 48
      Warning: No frequencies found for delta (1.0-4.0 Hz) on channel 49
      Warning: No frequencies found for delta (1.0-4.0 Hz) on channel 50
      Warning: No frequencies found for delta (1.0-4.0 Hz) on channel 51
      Warning: No frequencies found for delta (1.0-4.0 Hz) on channel 52
      Warning: No frequencies found for delta (1.0-4.0 Hz) on channel 53
      Warning: No frequencies found for delta (1.0-4.0 Hz) on channel 54
      Warning: No frequencies found for delta (1.0-4.0 Hz) on channel 55
      Warning: No frequencies found for delta (1.0-4.0 Hz) on channel 56
      Warning: No frequencies found for delta (1.0-4.0 Hz) on channel 57
      Warning: No frequencies found for delta (1.0-4.0 Hz) on channel 58
      Warning: No frequencies found for delta (1.0-4.0 Hz) on channel 59
      Warning: No frequencies found for delta (1.0-4.0 Hz) on channel 60
      Warning: No frequencies found for delta (1.0-4.0 Hz) on channel 61
      Warning: No frequencies found for delta (1.0-4.0 Hz) on channel 62
      Warning: No frequencies found for delta (1.0-4.0 Hz) on channel 63
      Warning: No frequencies found for delta (1.0-4.0 Hz) on channel 64
      Warning: No frequencies found for delta (1.0-4.0 Hz) on channel 65
      Warning: No frequencies found for delta (1.0-4.0 Hz) on channel 66
      Warning: No frequencies found for delta (1.0-4.0 Hz) on channel 67
      Warning: No frequencies found for delta (1.0-4.0 Hz) on channel 68
      Warning: No frequencies found for delta (1.0-4.0 Hz) on channel 69
      Warning: No frequencies found for delta (1.0-4.0 Hz) on channel 70
      Warning: No frequencies found for delta (1.0-4.0 Hz) on channel 71
      Warning: No frequencies found for delta (1.0-4.0 Hz) on channel 72
      Warning: No frequencies found for delta (1.0-4.0 Hz) on channel 73
      Warning: No frequencies found for delta (1.0-4.0 Hz) on channel 74
      Warning: No frequencies found for delta (1.0-4.0 Hz) on channel 75
      Warning: No frequencies found for delta (1.0-4.0 Hz) on channel 76
      Warning: No frequencies found for delta (1.0-4.0 Hz) on channel 77
      Warning: No frequencies found for delta (1.0-4.0 Hz) on channel 78
      Warning: No frequencies found for delta (1.0-4.0 Hz) on channel 79
      Warning: No frequencies found for delta (1.0-4.0 Hz) on channel 80
      Warning: No frequencies found for delta (1.0-4.0 Hz) on channel 81
      Warning: No frequencies found for delta (1.0-4.0 Hz) on channel 82
      Warning: No frequencies found for delta (1.0-4.0 Hz) on channel 83
      Warning: No frequencies found for delta (1.0-4.0 Hz) on channel 84
      Warning: No frequencies found for delta (1.0-4.0 Hz) on channel 85
      Warning: No frequencies found for delta (1.0-4.0 Hz) on channel 86
      Warning: No frequencies found for delta (1.0-4.0 Hz) on channel 87
      Warning: No frequencies found for delta (1.0-4.0 Hz) on channel 88
      Warning: No frequencies found for delta (1.0-4.0 Hz) on channel 89
      Warning: No frequencies found for delta (1.0-4.0 Hz) on channel 90
      Warning: No frequencies found for delta (1.0-4.0 Hz) on channel 91
      Warning: No frequencies found for delta (1.0-4.0 Hz) on channel 92
      Warning: No frequencies found for delta (1.0-4.0 Hz) on channel 93
      Warning: No frequencies found for delta (1.0-4.0 Hz) on channel 94
      Warning: No frequencies found for delta (1.0-4.0 Hz) on channel 95
      Warning: No frequencies found for delta (1.0-4.0 Hz) on channel 96
      Warning: No frequencies found for delta (1.0-4.0 Hz) on channel 97
      Warning: No frequencies found for delta (1.0-4.0 Hz) on channel 98
      Warning: No frequencies found for delta (1.0-4.0 Hz) on channel 99
      Warning: No frequencies found for delta (1.0-4.0 Hz) on channel 100
      Warning: No frequencies found for delta (1.0-4.0 Hz) on channel 101
      Warning: No frequencies found for delta (1.0-4.0 Hz) on channel 102
      Warning: No frequencies found for delta (1.0-4.0 Hz) on channel 103
      Warning: No frequencies found for delta (1.0-4.0 Hz) on channel 104
      Warning: No frequencies found for delta (1.0-4.0 Hz) on channel 105
      Warning: No frequencies found for delta (1.0-4.0 Hz) on channel 106
      Warning: No frequencies found for delta (1.0-4.0 Hz) on channel 107
      Warning: No frequencies found for delta (1.0-4.0 Hz) on channel 108
      Warning: No frequencies found for delta (1.0-4.0 Hz) on channel 109
      Warning: No frequencies found for delta (1.0-4.0 Hz) on channel 110
      Warning: No frequencies found for delta (1.0-4.0 Hz) on channel 111
      Warning: No frequencies found for delta (1.0-4.0 Hz) on channel 112
      Warning: No frequencies found for delta (1.0-4.0 Hz) on channel 113
      Warning: No frequencies found for delta (1.0-4.0 Hz) on channel 114
      Warning: No frequencies found for delta (1.0-4.0 Hz) on channel 115
      Warning: No frequencies found for delta (1.0-4.0 Hz) on channel 116
      Warning: No frequencies found for delta (1.0-4.0 Hz) on channel 117
      Warning: No frequencies found for delta (1.0-4.0 Hz) on channel 118
      Warning: No frequencies found for delta (1.0-4.0 Hz) on channel 119
      Warning: No frequencies found for delta (1.0-4.0 Hz) on channel 120
      Warning: No frequencies found for delta (1.0-4.0 Hz) on channel 121
      Warning: No frequencies found for delta (1.0-4.0 Hz) on channel 122
      Warning: No frequencies found for delta (1.0-4.0 Hz) on channel 123
      Warning: No frequencies found for delta (1.0-4.0 Hz) on channel 124
      Warning: No frequencies found for delta (1.0-4.0 Hz) on channel 125
      Warning: No frequencies found for delta (1.0-4.0 Hz) on channel 126
      Warning: No frequencies found for delta (1.0-4.0 Hz) on channel 127
      Warning: No frequencies found for delta (1.0-4.0 Hz) on channel 128
      Warning: No frequencies found for delta (1.0-4.0 Hz) on channel 129
      Warning: No frequencies found for delta (1.0-4.0 Hz) on channel 130
      Warning: No frequencies found for delta (1.0-4.0 Hz) on channel 131
      Warning: No frequencies found for delta (1.0-4.0 Hz) on channel 132
      Warning: No frequencies found for delta (1.0-4.0 Hz) on channel 133
      Warning: No frequencies found for delta (1.0-4.0 Hz) on channel 134
      Warning: No frequencies found for delta (1.0-4.0 Hz) on channel 135
      Warning: No frequencies found for delta (1.0-4.0 Hz) on channel 136
      Warning: No frequencies found for delta (1.0-4.0 Hz) on channel 137
      Warning: No frequencies found for delta (1.0-4.0 Hz) on channel 138
      Warning: No frequencies found for delta (1.0-4.0 Hz) on channel 139
      Warning: No frequencies found for delta (1.0-4.0 Hz) on channel 140
      Warning: No frequencies found for delta (1.0-4.0 Hz) on channel 141
      Warning: No frequencies found for delta (1.0-4.0 Hz) on channel 142
      Warning: No frequencies found for delta (1.0-4.0 Hz) on channel 143
      Warning: No frequencies found for delta (1.0-4.0 Hz) on channel 144
      Warning: No frequencies found for delta (1.0-4.0 Hz) on channel 145
      Warning: No frequencies found for delta (1.0-4.0 Hz) on channel 146
      Warning: No frequencies found for delta (1.0-4.0 Hz) on channel 147
      Warning: No frequencies found for delta (1.0-4.0 Hz) on channel 148
      Warning: No frequencies found for delta (1.0-4.0 Hz) on channel 149
      Warning: No frequencies found for delta (1.0-4.0 Hz) on channel 150
      Warning: No frequencies found for delta (1.0-4.0 Hz) on channel 151
      Warning: No frequencies found for delta (1.0-4.0 Hz) on channel 152
      Warning: No frequencies found for delta (1.0-4.0 Hz) on channel 153
      Warning: No frequencies found for delta (1.0-4.0 Hz) on channel 154
      Warning: No frequencies found for delta (1.0-4.0 Hz) on channel 155
      Warning: No frequencies found for delta (1.0-4.0 Hz) on channel 156
      Warning: No frequencies found for delta (1.0-4.0 Hz) on channel 157
      Warning: No frequencies found for delta (1.0-4.0 Hz) on channel 158
      Warning: No frequencies found for delta (1.0-4.0 Hz) on channel 159
      Warning: No frequencies found for delta (1.0-4.0 Hz) on channel 160
      Warning: No frequencies found for delta (1.0-4.0 Hz) on channel 161
      Warning: No frequencies found for delta (1.0-4.0 Hz) on channel 162
      Warning: No frequencies found for delta (1.0-4.0 Hz) on channel 163
      Warning: No frequencies found for delta (1.0-4.0 Hz) on channel 164
    Chunk 51/63 (81.0%)      Warning: No frequencies found for delta (1.0-4.0 Hz) on channel 0
      Warning: No frequencies found for delta (1.0-4.0 Hz) on channel 1
      Warning: No frequencies found for delta (1.0-4.0 Hz) on channel 2
      Warning: No frequencies found for delta (1.0-4.0 Hz) on channel 3
      Warning: No frequencies found for delta (1.0-4.0 Hz) on channel 4
      Warning: No frequencies found for delta (1.0-4.0 Hz) on channel 5
      Warning: No frequencies found for delta (1.0-4.0 Hz) on channel 6
      Warning: No frequencies found for delta (1.0-4.0 Hz) on channel 7
      Warning: No frequencies found for delta (1.0-4.0 Hz) on channel 8
      Warning: No frequencies found for delta (1.0-4.0 Hz) on channel 9
      Warning: No frequencies found for delta (1.0-4.0 Hz) on channel 10
      Warning: No frequencies found for delta (1.0-4.0 Hz) on channel 11
      Warning: No frequencies found for delta (1.0-4.0 Hz) on channel 12
      Warning: No frequencies found for delta (1.0-4.0 Hz) on channel 13
      Warning: No frequencies found for delta (1.0-4.0 Hz) on channel 14
      Warning: No frequencies found for delta (1.0-4.0 Hz) on channel 15
      Warning: No frequencies found for delta (1.0-4.0 Hz) on channel 16
      Warning: No frequencies found for delta (1.0-4.0 Hz) on channel 17
      Warning: No frequencies found for delta (1.0-4.0 Hz) on channel 18
      Warning: No frequencies found for delta (1.0-4.0 Hz) on channel 19
      Warning: No frequencies found for delta (1.0-4.0 Hz) on channel 20
      Warning: No frequencies found for delta (1.0-4.0 Hz) on channel 21
      Warning: No frequencies found for delta (1.0-4.0 Hz) on channel 22
      Warning: No frequencies found for delta (1.0-4.0 Hz) on channel 23
      Warning: No frequencies found for delta (1.0-4.0 Hz) on channel 24
      Warning: No frequencies found for delta (1.0-4.0 Hz) on channel 25
      Warning: No frequencies found for delta (1.0-4.0 Hz) on channel 26
      Warning: No frequencies found for delta (1.0-4.0 Hz) on channel 27
      Warning: No frequencies found for delta (1.0-4.0 Hz) on channel 28
      Warning: No frequencies found for delta (1.0-4.0 Hz) on channel 29
      Warning: No frequencies found for delta (1.0-4.0 Hz) on channel 30
      Warning: No frequencies found for delta (1.0-4.0 Hz) on channel 31
      Warning: No frequencies found for delta (1.0-4.0 Hz) on channel 32
      Warning: No frequencies found for delta (1.0-4.0 Hz) on channel 33
      Warning: No frequencies found for delta (1.0-4.0 Hz) on channel 34
      Warning: No frequencies found for delta (1.0-4.0 Hz) on channel 35
      Warning: No frequencies found for delta (1.0-4.0 Hz) on channel 36
      Warning: No frequencies found for delta (1.0-4.0 Hz) on channel 37
      Warning: No frequencies found for delta (1.0-4.0 Hz) on channel 38
      Warning: No frequencies found for delta (1.0-4.0 Hz) on channel 39
      Warning: No frequencies found for delta (1.0-4.0 Hz) on channel 40
      Warning: No frequencies found for delta (1.0-4.0 Hz) on channel 41
      Warning: No frequencies found for delta (1.0-4.0 Hz) on channel 42
      Warning: No frequencies found for delta (1.0-4.0 Hz) on channel 43
      Warning: No frequencies found for delta (1.0-4.0 Hz) on channel 44
      Warning: No frequencies found for delta (1.0-4.0 Hz) on channel 45
      Warning: No frequencies found for delta (1.0-4.0 Hz) on channel 46
      Warning: No frequencies found for delta (1.0-4.0 Hz) on channel 47
      Warning: No frequencies found for delta (1.0-4.0 Hz) on channel 48
      Warning: No frequencies found for delta (1.0-4.0 Hz) on channel 49
      Warning: No frequencies found for delta (1.0-4.0 Hz) on channel 50
      Warning: No frequencies found for delta (1.0-4.0 Hz) on channel 51
      Warning: No frequencies found for delta (1.0-4.0 Hz) on channel 52
      Warning: No frequencies found for delta (1.0-4.0 Hz) on channel 53
      Warning: No frequencies found for delta (1.0-4.0 Hz) on channel 54
      Warning: No frequencies found for delta (1.0-4.0 Hz) on channel 55
      Warning: No frequencies found for delta (1.0-4.0 Hz) on channel 56
      Warning: No frequencies found for delta (1.0-4.0 Hz) on channel 57
      Warning: No frequencies found for delta (1.0-4.0 Hz) on channel 58
      Warning: No frequencies found for delta (1.0-4.0 Hz) on channel 59
      Warning: No frequencies found for delta (1.0-4.0 Hz) on channel 60
      Warning: No frequencies found for delta (1.0-4.0 Hz) on channel 61
      Warning: No frequencies found for delta (1.0-4.0 Hz) on channel 62
      Warning: No frequencies found for delta (1.0-4.0 Hz) on channel 63
      Warning: No frequencies found for delta (1.0-4.0 Hz) on channel 64
      Warning: No frequencies found for delta (1.0-4.0 Hz) on channel 65
      Warning: No frequencies found for delta (1.0-4.0 Hz) on channel 66
      Warning: No frequencies found for delta (1.0-4.0 Hz) on channel 67
      Warning: No frequencies found for delta (1.0-4.0 Hz) on channel 68
      Warning: No frequencies found for delta (1.0-4.0 Hz) on channel 69
      Warning: No frequencies found for delta (1.0-4.0 Hz) on channel 70
      Warning: No frequencies found for delta (1.0-4.0 Hz) on channel 71
      Warning: No frequencies found for delta (1.0-4.0 Hz) on channel 72
      Warning: No frequencies found for delta (1.0-4.0 Hz) on channel 73
      Warning: No frequencies found for delta (1.0-4.0 Hz) on channel 74
      Warning: No frequencies found for delta (1.0-4.0 Hz) on channel 75
      Warning: No frequencies found for delta (1.0-4.0 Hz) on channel 76
      Warning: No frequencies found for delta (1.0-4.0 Hz) on channel 77
      Warning: No frequencies found for delta (1.0-4.0 Hz) on channel 78
      Warning: No frequencies found for delta (1.0-4.0 Hz) on channel 79
      Warning: No frequencies found for delta (1.0-4.0 Hz) on channel 80
      Warning: No frequencies found for delta (1.0-4.0 Hz) on channel 81
      Warning: No frequencies found for delta (1.0-4.0 Hz) on channel 82
      Warning: No frequencies found for delta (1.0-4.0 Hz) on channel 83
      Warning: No frequencies found for delta (1.0-4.0 Hz) on channel 84
      Warning: No frequencies found for delta (1.0-4.0 Hz) on channel 85
      Warning: No frequencies found for delta (1.0-4.0 Hz) on channel 86
      Warning: No frequencies found for delta (1.0-4.0 Hz) on channel 87
      Warning: No frequencies found for delta (1.0-4.0 Hz) on channel 88
      Warning: No frequencies found for delta (1.0-4.0 Hz) on channel 89
      Warning: No frequencies found for delta (1.0-4.0 Hz) on channel 90
      Warning: No frequencies found for delta (1.0-4.0 Hz) on channel 91
      Warning: No frequencies found for delta (1.0-4.0 Hz) on channel 92
      Warning: No frequencies found for delta (1.0-4.0 Hz) on channel 93
      Warning: No frequencies found for delta (1.0-4.0 Hz) on channel 94
      Warning: No frequencies found for delta (1.0-4.0 Hz) on channel 95
      Warning: No frequencies found for delta (1.0-4.0 Hz) on channel 96
      Warning: No frequencies found for delta (1.0-4.0 Hz) on channel 97
      Warning: No frequencies found for delta (1.0-4.0 Hz) on channel 98
      Warning: No frequencies found for delta (1.0-4.0 Hz) on channel 99
      Warning: No frequencies found for delta (1.0-4.0 Hz) on channel 100
      Warning: No frequencies found for delta (1.0-4.0 Hz) on channel 101
      Warning: No frequencies found for delta (1.0-4.0 Hz) on channel 102
      Warning: No frequencies found for delta (1.0-4.0 Hz) on channel 103
      Warning: No frequencies found for delta (1.0-4.0 Hz) on channel 104
      Warning: No frequencies found for delta (1.0-4.0 Hz) on channel 105
      Warning: No frequencies found for delta (1.0-4.0 Hz) on channel 106
      Warning: No frequencies found for delta (1.0-4.0 Hz) on channel 107
      Warning: No frequencies found for delta (1.0-4.0 Hz) on channel 108
      Warning: No frequencies found for delta (1.0-4.0 Hz) on channel 109
      Warning: No frequencies found for delta (1.0-4.0 Hz) on channel 110
      Warning: No frequencies found for delta (1.0-4.0 Hz) on channel 111
      Warning: No frequencies found for delta (1.0-4.0 Hz) on channel 112
      Warning: No frequencies found for delta (1.0-4.0 Hz) on channel 113
      Warning: No frequencies found for delta (1.0-4.0 Hz) on channel 114
      Warning: No frequencies found for delta (1.0-4.0 Hz) on channel 115
      Warning: No frequencies found for delta (1.0-4.0 Hz) on channel 116
      Warning: No frequencies found for delta (1.0-4.0 Hz) on channel 117
      Warning: No frequencies found for delta (1.0-4.0 Hz) on channel 118
      Warning: No frequencies found for delta (1.0-4.0 Hz) on channel 119
      Warning: No frequencies found for delta (1.0-4.0 Hz) on channel 120
      Warning: No frequencies found for delta (1.0-4.0 Hz) on channel 121
      Warning: No frequencies found for delta (1.0-4.0 Hz) on channel 122
      Warning: No frequencies found for delta (1.0-4.0 Hz) on channel 123
      Warning: No frequencies found for delta (1.0-4.0 Hz) on channel 124
      Warning: No frequencies found for delta (1.0-4.0 Hz) on channel 125
      Warning: No frequencies found for delta (1.0-4.0 Hz) on channel 126
      Warning: No frequencies found for delta (1.0-4.0 Hz) on channel 127
      Warning: No frequencies found for delta (1.0-4.0 Hz) on channel 128
      Warning: No frequencies found for delta (1.0-4.0 Hz) on channel 129
      Warning: No frequencies found for delta (1.0-4.0 Hz) on channel 130
      Warning: No frequencies found for delta (1.0-4.0 Hz) on channel 131
      Warning: No frequencies found for delta (1.0-4.0 Hz) on channel 132
      Warning: No frequencies found for delta (1.0-4.0 Hz) on channel 133
      Warning: No frequencies found for delta (1.0-4.0 Hz) on channel 134
      Warning: No frequencies found for delta (1.0-4.0 Hz) on channel 135
      Warning: No frequencies found for delta (1.0-4.0 Hz) on channel 136
      Warning: No frequencies found for delta (1.0-4.0 Hz) on channel 137
      Warning: No frequencies found for delta (1.0-4.0 Hz) on channel 138
      Warning: No frequencies found for delta (1.0-4.0 Hz) on channel 139
      Warning: No frequencies found for delta (1.0-4.0 Hz) on channel 140
      Warning: No frequencies found for delta (1.0-4.0 Hz) on channel 141
      Warning: No frequencies found for delta (1.0-4.0 Hz) on channel 142
      Warning: No frequencies found for delta (1.0-4.0 Hz) on channel 143
      Warning: No frequencies found for delta (1.0-4.0 Hz) on channel 144
      Warning: No frequencies found for delta (1.0-4.0 Hz) on channel 145
      Warning: No frequencies found for delta (1.0-4.0 Hz) on channel 146
      Warning: No frequencies found for delta (1.0-4.0 Hz) on channel 147
      Warning: No frequencies found for delta (1.0-4.0 Hz) on channel 148
      Warning: No frequencies found for delta (1.0-4.0 Hz) on channel 149
      Warning: No frequencies found for delta (1.0-4.0 Hz) on channel 150
      Warning: No frequencies found for delta (1.0-4.0 Hz) on channel 151
      Warning: No frequencies found for delta (1.0-4.0 Hz) on channel 152
      Warning: No frequencies found for delta (1.0-4.0 Hz) on channel 153
      Warning: No frequencies found for delta (1.0-4.0 Hz) on channel 154
      Warning: No frequencies found for delta (1.0-4.0 Hz) on channel 155
      Warning: No frequencies found for delta (1.0-4.0 Hz) on channel 156
      Warning: No frequencies found for delta (1.0-4.0 Hz) on channel 157
      Warning: No frequencies found for delta (1.0-4.0 Hz) on channel 158
      Warning: No frequencies found for delta (1.0-4.0 Hz) on channel 159
      Warning: No frequencies found for delta (1.0-4.0 Hz) on channel 160
      Warning: No frequencies found for delta (1.0-4.0 Hz) on channel 161
      Warning: No frequencies found for delta (1.0-4.0 Hz) on channel 162
      Warning: No frequencies found for delta (1.0-4.0 Hz) on channel 163
      Warning: No frequencies found for delta (1.0-4.0 Hz) on channel 164
    Chunk 52/63 (82.5%)      Warning: No frequencies found for delta (1.0-4.0 Hz) on channel 0
      Warning: No frequencies found for delta (1.0-4.0 Hz) on channel 1
      Warning: No frequencies found for delta (1.0-4.0 Hz) on channel 2
      Warning: No frequencies found for delta (1.0-4.0 Hz) on channel 3
      Warning: No frequencies found for delta (1.0-4.0 Hz) on channel 4
      Warning: No frequencies found for delta (1.0-4.0 Hz) on channel 5
      Warning: No frequencies found for delta (1.0-4.0 Hz) on channel 6
      Warning: No frequencies found for delta (1.0-4.0 Hz) on channel 7
      Warning: No frequencies found for delta (1.0-4.0 Hz) on channel 8
      Warning: No frequencies found for delta (1.0-4.0 Hz) on channel 9
      Warning: No frequencies found for delta (1.0-4.0 Hz) on channel 10
      Warning: No frequencies found for delta (1.0-4.0 Hz) on channel 11
      Warning: No frequencies found for delta (1.0-4.0 Hz) on channel 12
      Warning: No frequencies found for delta (1.0-4.0 Hz) on channel 13
      Warning: No frequencies found for delta (1.0-4.0 Hz) on channel 14
      Warning: No frequencies found for delta (1.0-4.0 Hz) on channel 15
      Warning: No frequencies found for delta (1.0-4.0 Hz) on channel 16
      Warning: No frequencies found for delta (1.0-4.0 Hz) on channel 17
      Warning: No frequencies found for delta (1.0-4.0 Hz) on channel 18
      Warning: No frequencies found for delta (1.0-4.0 Hz) on channel 19
      Warning: No frequencies found for delta (1.0-4.0 Hz) on channel 20
      Warning: No frequencies found for delta (1.0-4.0 Hz) on channel 21
      Warning: No frequencies found for delta (1.0-4.0 Hz) on channel 22
      Warning: No frequencies found for delta (1.0-4.0 Hz) on channel 23
      Warning: No frequencies found for delta (1.0-4.0 Hz) on channel 24
      Warning: No frequencies found for delta (1.0-4.0 Hz) on channel 25
      Warning: No frequencies found for delta (1.0-4.0 Hz) on channel 26
      Warning: No frequencies found for delta (1.0-4.0 Hz) on channel 27
      Warning: No frequencies found for delta (1.0-4.0 Hz) on channel 28
      Warning: No frequencies found for delta (1.0-4.0 Hz) on channel 29
      Warning: No frequencies found for delta (1.0-4.0 Hz) on channel 30
      Warning: No frequencies found for delta (1.0-4.0 Hz) on channel 31
      Warning: No frequencies found for delta (1.0-4.0 Hz) on channel 32
      Warning: No frequencies found for delta (1.0-4.0 Hz) on channel 33
      Warning: No frequencies found for delta (1.0-4.0 Hz) on channel 34
      Warning: No frequencies found for delta (1.0-4.0 Hz) on channel 35
      Warning: No frequencies found for delta (1.0-4.0 Hz) on channel 36
      Warning: No frequencies found for delta (1.0-4.0 Hz) on channel 37
      Warning: No frequencies found for delta (1.0-4.0 Hz) on channel 38
      Warning: No frequencies found for delta (1.0-4.0 Hz) on channel 39
      Warning: No frequencies found for delta (1.0-4.0 Hz) on channel 40
      Warning: No frequencies found for delta (1.0-4.0 Hz) on channel 41
      Warning: No frequencies found for delta (1.0-4.0 Hz) on channel 42
      Warning: No frequencies found for delta (1.0-4.0 Hz) on channel 43
      Warning: No frequencies found for delta (1.0-4.0 Hz) on channel 44
      Warning: No frequencies found for delta (1.0-4.0 Hz) on channel 45
      Warning: No frequencies found for delta (1.0-4.0 Hz) on channel 46
      Warning: No frequencies found for delta (1.0-4.0 Hz) on channel 47
      Warning: No frequencies found for delta (1.0-4.0 Hz) on channel 48
      Warning: No frequencies found for delta (1.0-4.0 Hz) on channel 49
      Warning: No frequencies found for delta (1.0-4.0 Hz) on channel 50
      Warning: No frequencies found for delta (1.0-4.0 Hz) on channel 51
      Warning: No frequencies found for delta (1.0-4.0 Hz) on channel 52
      Warning: No frequencies found for delta (1.0-4.0 Hz) on channel 53
      Warning: No frequencies found for delta (1.0-4.0 Hz) on channel 54
      Warning: No frequencies found for delta (1.0-4.0 Hz) on channel 55
      Warning: No frequencies found for delta (1.0-4.0 Hz) on channel 56
      Warning: No frequencies found for delta (1.0-4.0 Hz) on channel 57
      Warning: No frequencies found for delta (1.0-4.0 Hz) on channel 58
      Warning: No frequencies found for delta (1.0-4.0 Hz) on channel 59
      Warning: No frequencies found for delta (1.0-4.0 Hz) on channel 60
      Warning: No frequencies found for delta (1.0-4.0 Hz) on channel 61
      Warning: No frequencies found for delta (1.0-4.0 Hz) on channel 62
      Warning: No frequencies found for delta (1.0-4.0 Hz) on channel 63
      Warning: No frequencies found for delta (1.0-4.0 Hz) on channel 64
      Warning: No frequencies found for delta (1.0-4.0 Hz) on channel 65
      Warning: No frequencies found for delta (1.0-4.0 Hz) on channel 66
      Warning: No frequencies found for delta (1.0-4.0 Hz) on channel 67
      Warning: No frequencies found for delta (1.0-4.0 Hz) on channel 68
      Warning: No frequencies found for delta (1.0-4.0 Hz) on channel 69
      Warning: No frequencies found for delta (1.0-4.0 Hz) on channel 70
      Warning: No frequencies found for delta (1.0-4.0 Hz) on channel 71
      Warning: No frequencies found for delta (1.0-4.0 Hz) on channel 72
      Warning: No frequencies found for delta (1.0-4.0 Hz) on channel 73
      Warning: No frequencies found for delta (1.0-4.0 Hz) on channel 74
      Warning: No frequencies found for delta (1.0-4.0 Hz) on channel 75
      Warning: No frequencies found for delta (1.0-4.0 Hz) on channel 76
      Warning: No frequencies found for delta (1.0-4.0 Hz) on channel 77
      Warning: No frequencies found for delta (1.0-4.0 Hz) on channel 78
      Warning: No frequencies found for delta (1.0-4.0 Hz) on channel 79
      Warning: No frequencies found for delta (1.0-4.0 Hz) on channel 80
      Warning: No frequencies found for delta (1.0-4.0 Hz) on channel 81
      Warning: No frequencies found for delta (1.0-4.0 Hz) on channel 82
      Warning: No frequencies found for delta (1.0-4.0 Hz) on channel 83
      Warning: No frequencies found for delta (1.0-4.0 Hz) on channel 84
      Warning: No frequencies found for delta (1.0-4.0 Hz) on channel 85
      Warning: No frequencies found for delta (1.0-4.0 Hz) on channel 86
      Warning: No frequencies found for delta (1.0-4.0 Hz) on channel 87
      Warning: No frequencies found for delta (1.0-4.0 Hz) on channel 88
      Warning: No frequencies found for delta (1.0-4.0 Hz) on channel 89
      Warning: No frequencies found for delta (1.0-4.0 Hz) on channel 90
      Warning: No frequencies found for delta (1.0-4.0 Hz) on channel 91
      Warning: No frequencies found for delta (1.0-4.0 Hz) on channel 92
      Warning: No frequencies found for delta (1.0-4.0 Hz) on channel 93
      Warning: No frequencies found for delta (1.0-4.0 Hz) on channel 94
      Warning: No frequencies found for delta (1.0-4.0 Hz) on channel 95
      Warning: No frequencies found for delta (1.0-4.0 Hz) on channel 96
      Warning: No frequencies found for delta (1.0-4.0 Hz) on channel 97
      Warning: No frequencies found for delta (1.0-4.0 Hz) on channel 98
      Warning: No frequencies found for delta (1.0-4.0 Hz) on channel 99
      Warning: No frequencies found for delta (1.0-4.0 Hz) on channel 100
      Warning: No frequencies found for delta (1.0-4.0 Hz) on channel 101
      Warning: No frequencies found for delta (1.0-4.0 Hz) on channel 102
      Warning: No frequencies found for delta (1.0-4.0 Hz) on channel 103
      Warning: No frequencies found for delta (1.0-4.0 Hz) on channel 104
      Warning: No frequencies found for delta (1.0-4.0 Hz) on channel 105
      Warning: No frequencies found for delta (1.0-4.0 Hz) on channel 106
      Warning: No frequencies found for delta (1.0-4.0 Hz) on channel 107
      Warning: No frequencies found for delta (1.0-4.0 Hz) on channel 108
      Warning: No frequencies found for delta (1.0-4.0 Hz) on channel 109
      Warning: No frequencies found for delta (1.0-4.0 Hz) on channel 110
      Warning: No frequencies found for delta (1.0-4.0 Hz) on channel 111
      Warning: No frequencies found for delta (1.0-4.0 Hz) on channel 112
      Warning: No frequencies found for delta (1.0-4.0 Hz) on channel 113
      Warning: No frequencies found for delta (1.0-4.0 Hz) on channel 114
      Warning: No frequencies found for delta (1.0-4.0 Hz) on channel 115
      Warning: No frequencies found for delta (1.0-4.0 Hz) on channel 116
      Warning: No frequencies found for delta (1.0-4.0 Hz) on channel 117
      Warning: No frequencies found for delta (1.0-4.0 Hz) on channel 118
      Warning: No frequencies found for delta (1.0-4.0 Hz) on channel 119
      Warning: No frequencies found for delta (1.0-4.0 Hz) on channel 120
      Warning: No frequencies found for delta (1.0-4.0 Hz) on channel 121
      Warning: No frequencies found for delta (1.0-4.0 Hz) on channel 122
      Warning: No frequencies found for delta (1.0-4.0 Hz) on channel 123
      Warning: No frequencies found for delta (1.0-4.0 Hz) on channel 124
      Warning: No frequencies found for delta (1.0-4.0 Hz) on channel 125
      Warning: No frequencies found for delta (1.0-4.0 Hz) on channel 126
      Warning: No frequencies found for delta (1.0-4.0 Hz) on channel 127
      Warning: No frequencies found for delta (1.0-4.0 Hz) on channel 128
      Warning: No frequencies found for delta (1.0-4.0 Hz) on channel 129
      Warning: No frequencies found for delta (1.0-4.0 Hz) on channel 130
      Warning: No frequencies found for delta (1.0-4.0 Hz) on channel 131
      Warning: No frequencies found for delta (1.0-4.0 Hz) on channel 132
      Warning: No frequencies found for delta (1.0-4.0 Hz) on channel 133
      Warning: No frequencies found for delta (1.0-4.0 Hz) on channel 134
      Warning: No frequencies found for delta (1.0-4.0 Hz) on channel 135
      Warning: No frequencies found for delta (1.0-4.0 Hz) on channel 136
      Warning: No frequencies found for delta (1.0-4.0 Hz) on channel 137
      Warning: No frequencies found for delta (1.0-4.0 Hz) on channel 138
      Warning: No frequencies found for delta (1.0-4.0 Hz) on channel 139
      Warning: No frequencies found for delta (1.0-4.0 Hz) on channel 140
      Warning: No frequencies found for delta (1.0-4.0 Hz) on channel 141
      Warning: No frequencies found for delta (1.0-4.0 Hz) on channel 142
      Warning: No frequencies found for delta (1.0-4.0 Hz) on channel 143
      Warning: No frequencies found for delta (1.0-4.0 Hz) on channel 144
      Warning: No frequencies found for delta (1.0-4.0 Hz) on channel 145
      Warning: No frequencies found for delta (1.0-4.0 Hz) on channel 146
      Warning: No frequencies found for delta (1.0-4.0 Hz) on channel 147
      Warning: No frequencies found for delta (1.0-4.0 Hz) on channel 148
      Warning: No frequencies found for delta (1.0-4.0 Hz) on channel 149
      Warning: No frequencies found for delta (1.0-4.0 Hz) on channel 150
      Warning: No frequencies found for delta (1.0-4.0 Hz) on channel 151
      Warning: No frequencies found for delta (1.0-4.0 Hz) on channel 152
      Warning: No frequencies found for delta (1.0-4.0 Hz) on channel 153
      Warning: No frequencies found for delta (1.0-4.0 Hz) on channel 154
      Warning: No frequencies found for delta (1.0-4.0 Hz) on channel 155
      Warning: No frequencies found for delta (1.0-4.0 Hz) on channel 156
      Warning: No frequencies found for delta (1.0-4.0 Hz) on channel 157
      Warning: No frequencies found for delta (1.0-4.0 Hz) on channel 158
      Warning: No frequencies found for delta (1.0-4.0 Hz) on channel 159
      Warning: No frequencies found for delta (1.0-4.0 Hz) on channel 160
      Warning: No frequencies found for delta (1.0-4.0 Hz) on channel 161
      Warning: No frequencies found for delta (1.0-4.0 Hz) on channel 162
      Warning: No frequencies found for delta (1.0-4.0 Hz) on channel 163
      Warning: No frequencies found for delta (1.0-4.0 Hz) on channel 164
    Chunk 53/63 (84.1%)      Warning: No frequencies found for delta (1.0-4.0 Hz) on channel 0
      Warning: No frequencies found for delta (1.0-4.0 Hz) on channel 1
      Warning: No frequencies found for delta (1.0-4.0 Hz) on channel 2
      Warning: No frequencies found for delta (1.0-4.0 Hz) on channel 3
      Warning: No frequencies found for delta (1.0-4.0 Hz) on channel 4
      Warning: No frequencies found for delta (1.0-4.0 Hz) on channel 5
      Warning: No frequencies found for delta (1.0-4.0 Hz) on channel 6
      Warning: No frequencies found for delta (1.0-4.0 Hz) on channel 7
      Warning: No frequencies found for delta (1.0-4.0 Hz) on channel 8
      Warning: No frequencies found for delta (1.0-4.0 Hz) on channel 9
      Warning: No frequencies found for delta (1.0-4.0 Hz) on channel 10
      Warning: No frequencies found for delta (1.0-4.0 Hz) on channel 11
      Warning: No frequencies found for delta (1.0-4.0 Hz) on channel 12
      Warning: No frequencies found for delta (1.0-4.0 Hz) on channel 13
      Warning: No frequencies found for delta (1.0-4.0 Hz) on channel 14
      Warning: No frequencies found for delta (1.0-4.0 Hz) on channel 15
      Warning: No frequencies found for delta (1.0-4.0 Hz) on channel 16
      Warning: No frequencies found for delta (1.0-4.0 Hz) on channel 17
      Warning: No frequencies found for delta (1.0-4.0 Hz) on channel 18
      Warning: No frequencies found for delta (1.0-4.0 Hz) on channel 19
      Warning: No frequencies found for delta (1.0-4.0 Hz) on channel 20
      Warning: No frequencies found for delta (1.0-4.0 Hz) on channel 21
      Warning: No frequencies found for delta (1.0-4.0 Hz) on channel 22
      Warning: No frequencies found for delta (1.0-4.0 Hz) on channel 23
      Warning: No frequencies found for delta (1.0-4.0 Hz) on channel 24
      Warning: No frequencies found for delta (1.0-4.0 Hz) on channel 25
      Warning: No frequencies found for delta (1.0-4.0 Hz) on channel 26
      Warning: No frequencies found for delta (1.0-4.0 Hz) on channel 27
      Warning: No frequencies found for delta (1.0-4.0 Hz) on channel 28
      Warning: No frequencies found for delta (1.0-4.0 Hz) on channel 29
      Warning: No frequencies found for delta (1.0-4.0 Hz) on channel 30
      Warning: No frequencies found for delta (1.0-4.0 Hz) on channel 31
      Warning: No frequencies found for delta (1.0-4.0 Hz) on channel 32
      Warning: No frequencies found for delta (1.0-4.0 Hz) on channel 33
      Warning: No frequencies found for delta (1.0-4.0 Hz) on channel 34
      Warning: No frequencies found for delta (1.0-4.0 Hz) on channel 35
      Warning: No frequencies found for delta (1.0-4.0 Hz) on channel 36
      Warning: No frequencies found for delta (1.0-4.0 Hz) on channel 37
      Warning: No frequencies found for delta (1.0-4.0 Hz) on channel 38
      Warning: No frequencies found for delta (1.0-4.0 Hz) on channel 39
      Warning: No frequencies found for delta (1.0-4.0 Hz) on channel 40
      Warning: No frequencies found for delta (1.0-4.0 Hz) on channel 41
      Warning: No frequencies found for delta (1.0-4.0 Hz) on channel 42
      Warning: No frequencies found for delta (1.0-4.0 Hz) on channel 43
      Warning: No frequencies found for delta (1.0-4.0 Hz) on channel 44
      Warning: No frequencies found for delta (1.0-4.0 Hz) on channel 45
      Warning: No frequencies found for delta (1.0-4.0 Hz) on channel 46
      Warning: No frequencies found for delta (1.0-4.0 Hz) on channel 47
      Warning: No frequencies found for delta (1.0-4.0 Hz) on channel 48
      Warning: No frequencies found for delta (1.0-4.0 Hz) on channel 49
      Warning: No frequencies found for delta (1.0-4.0 Hz) on channel 50
      Warning: No frequencies found for delta (1.0-4.0 Hz) on channel 51
      Warning: No frequencies found for delta (1.0-4.0 Hz) on channel 52
      Warning: No frequencies found for delta (1.0-4.0 Hz) on channel 53
      Warning: No frequencies found for delta (1.0-4.0 Hz) on channel 54
      Warning: No frequencies found for delta (1.0-4.0 Hz) on channel 55
      Warning: No frequencies found for delta (1.0-4.0 Hz) on channel 56
      Warning: No frequencies found for delta (1.0-4.0 Hz) on channel 57
      Warning: No frequencies found for delta (1.0-4.0 Hz) on channel 58
      Warning: No frequencies found for delta (1.0-4.0 Hz) on channel 59
      Warning: No frequencies found for delta (1.0-4.0 Hz) on channel 60
      Warning: No frequencies found for delta (1.0-4.0 Hz) on channel 61
      Warning: No frequencies found for delta (1.0-4.0 Hz) on channel 62
      Warning: No frequencies found for delta (1.0-4.0 Hz) on channel 63
      Warning: No frequencies found for delta (1.0-4.0 Hz) on channel 64
      Warning: No frequencies found for delta (1.0-4.0 Hz) on channel 65
      Warning: No frequencies found for delta (1.0-4.0 Hz) on channel 66
      Warning: No frequencies found for delta (1.0-4.0 Hz) on channel 67
      Warning: No frequencies found for delta (1.0-4.0 Hz) on channel 68
      Warning: No frequencies found for delta (1.0-4.0 Hz) on channel 69
      Warning: No frequencies found for delta (1.0-4.0 Hz) on channel 70
      Warning: No frequencies found for delta (1.0-4.0 Hz) on channel 71
      Warning: No frequencies found for delta (1.0-4.0 Hz) on channel 72
      Warning: No frequencies found for delta (1.0-4.0 Hz) on channel 73
      Warning: No frequencies found for delta (1.0-4.0 Hz) on channel 74
      Warning: No frequencies found for delta (1.0-4.0 Hz) on channel 75
      Warning: No frequencies found for delta (1.0-4.0 Hz) on channel 76
      Warning: No frequencies found for delta (1.0-4.0 Hz) on channel 77
      Warning: No frequencies found for delta (1.0-4.0 Hz) on channel 78
      Warning: No frequencies found for delta (1.0-4.0 Hz) on channel 79
      Warning: No frequencies found for delta (1.0-4.0 Hz) on channel 80
      Warning: No frequencies found for delta (1.0-4.0 Hz) on channel 81
      Warning: No frequencies found for delta (1.0-4.0 Hz) on channel 82
      Warning: No frequencies found for delta (1.0-4.0 Hz) on channel 83
      Warning: No frequencies found for delta (1.0-4.0 Hz) on channel 84
      Warning: No frequencies found for delta (1.0-4.0 Hz) on channel 85
      Warning: No frequencies found for delta (1.0-4.0 Hz) on channel 86
      Warning: No frequencies found for delta (1.0-4.0 Hz) on channel 87
      Warning: No frequencies found for delta (1.0-4.0 Hz) on channel 88
      Warning: No frequencies found for delta (1.0-4.0 Hz) on channel 89
      Warning: No frequencies found for delta (1.0-4.0 Hz) on channel 90
      Warning: No frequencies found for delta (1.0-4.0 Hz) on channel 91
      Warning: No frequencies found for delta (1.0-4.0 Hz) on channel 92
      Warning: No frequencies found for delta (1.0-4.0 Hz) on channel 93
      Warning: No frequencies found for delta (1.0-4.0 Hz) on channel 94
      Warning: No frequencies found for delta (1.0-4.0 Hz) on channel 95
      Warning: No frequencies found for delta (1.0-4.0 Hz) on channel 96
      Warning: No frequencies found for delta (1.0-4.0 Hz) on channel 97
      Warning: No frequencies found for delta (1.0-4.0 Hz) on channel 98
      Warning: No frequencies found for delta (1.0-4.0 Hz) on channel 99
      Warning: No frequencies found for delta (1.0-4.0 Hz) on channel 100
      Warning: No frequencies found for delta (1.0-4.0 Hz) on channel 101
      Warning: No frequencies found for delta (1.0-4.0 Hz) on channel 102
      Warning: No frequencies found for delta (1.0-4.0 Hz) on channel 103
      Warning: No frequencies found for delta (1.0-4.0 Hz) on channel 104
      Warning: No frequencies found for delta (1.0-4.0 Hz) on channel 105
      Warning: No frequencies found for delta (1.0-4.0 Hz) on channel 106
      Warning: No frequencies found for delta (1.0-4.0 Hz) on channel 107
      Warning: No frequencies found for delta (1.0-4.0 Hz) on channel 108
      Warning: No frequencies found for delta (1.0-4.0 Hz) on channel 109
      Warning: No frequencies found for delta (1.0-4.0 Hz) on channel 110
      Warning: No frequencies found for delta (1.0-4.0 Hz) on channel 111
      Warning: No frequencies found for delta (1.0-4.0 Hz) on channel 112
      Warning: No frequencies found for delta (1.0-4.0 Hz) on channel 113
      Warning: No frequencies found for delta (1.0-4.0 Hz) on channel 114
      Warning: No frequencies found for delta (1.0-4.0 Hz) on channel 115
      Warning: No frequencies found for delta (1.0-4.0 Hz) on channel 116
      Warning: No frequencies found for delta (1.0-4.0 Hz) on channel 117
      Warning: No frequencies found for delta (1.0-4.0 Hz) on channel 118
      Warning: No frequencies found for delta (1.0-4.0 Hz) on channel 119
      Warning: No frequencies found for delta (1.0-4.0 Hz) on channel 120
      Warning: No frequencies found for delta (1.0-4.0 Hz) on channel 121
      Warning: No frequencies found for delta (1.0-4.0 Hz) on channel 122
      Warning: No frequencies found for delta (1.0-4.0 Hz) on channel 123
      Warning: No frequencies found for delta (1.0-4.0 Hz) on channel 124
      Warning: No frequencies found for delta (1.0-4.0 Hz) on channel 125
      Warning: No frequencies found for delta (1.0-4.0 Hz) on channel 126
      Warning: No frequencies found for delta (1.0-4.0 Hz) on channel 127
      Warning: No frequencies found for delta (1.0-4.0 Hz) on channel 128
      Warning: No frequencies found for delta (1.0-4.0 Hz) on channel 129
      Warning: No frequencies found for delta (1.0-4.0 Hz) on channel 130
      Warning: No frequencies found for delta (1.0-4.0 Hz) on channel 131
      Warning: No frequencies found for delta (1.0-4.0 Hz) on channel 132
      Warning: No frequencies found for delta (1.0-4.0 Hz) on channel 133
      Warning: No frequencies found for delta (1.0-4.0 Hz) on channel 134
      Warning: No frequencies found for delta (1.0-4.0 Hz) on channel 135
      Warning: No frequencies found for delta (1.0-4.0 Hz) on channel 136
      Warning: No frequencies found for delta (1.0-4.0 Hz) on channel 137
      Warning: No frequencies found for delta (1.0-4.0 Hz) on channel 138
      Warning: No frequencies found for delta (1.0-4.0 Hz) on channel 139
      Warning: No frequencies found for delta (1.0-4.0 Hz) on channel 140
      Warning: No frequencies found for delta (1.0-4.0 Hz) on channel 141
      Warning: No frequencies found for delta (1.0-4.0 Hz) on channel 142
      Warning: No frequencies found for delta (1.0-4.0 Hz) on channel 143
      Warning: No frequencies found for delta (1.0-4.0 Hz) on channel 144
      Warning: No frequencies found for delta (1.0-4.0 Hz) on channel 145
      Warning: No frequencies found for delta (1.0-4.0 Hz) on channel 146
      Warning: No frequencies found for delta (1.0-4.0 Hz) on channel 147
      Warning: No frequencies found for delta (1.0-4.0 Hz) on channel 148
      Warning: No frequencies found for delta (1.0-4.0 Hz) on channel 149
      Warning: No frequencies found for delta (1.0-4.0 Hz) on channel 150
      Warning: No frequencies found for delta (1.0-4.0 Hz) on channel 151
      Warning: No frequencies found for delta (1.0-4.0 Hz) on channel 152
      Warning: No frequencies found for delta (1.0-4.0 Hz) on channel 153
      Warning: No frequencies found for delta (1.0-4.0 Hz) on channel 154
      Warning: No frequencies found for delta (1.0-4.0 Hz) on channel 155
      Warning: No frequencies found for delta (1.0-4.0 Hz) on channel 156
      Warning: No frequencies found for delta (1.0-4.0 Hz) on channel 157
      Warning: No frequencies found for delta (1.0-4.0 Hz) on channel 158
      Warning: No frequencies found for delta (1.0-4.0 Hz) on channel 159
      Warning: No frequencies found for delta (1.0-4.0 Hz) on channel 160
      Warning: No frequencies found for delta (1.0-4.0 Hz) on channel 161
      Warning: No frequencies found for delta (1.0-4.0 Hz) on channel 162
      Warning: No frequencies found for delta (1.0-4.0 Hz) on channel 163
      Warning: No frequencies found for delta (1.0-4.0 Hz) on channel 164
    Chunk 54/63 (85.7%)      Warning: No frequencies found for delta (1.0-4.0 Hz) on channel 0
      Warning: No frequencies found for delta (1.0-4.0 Hz) on channel 1
      Warning: No frequencies found for delta (1.0-4.0 Hz) on channel 2
      Warning: No frequencies found for delta (1.0-4.0 Hz) on channel 3
      Warning: No frequencies found for delta (1.0-4.0 Hz) on channel 4
      Warning: No frequencies found for delta (1.0-4.0 Hz) on channel 5
      Warning: No frequencies found for delta (1.0-4.0 Hz) on channel 6
      Warning: No frequencies found for delta (1.0-4.0 Hz) on channel 7
      Warning: No frequencies found for delta (1.0-4.0 Hz) on channel 8
      Warning: No frequencies found for delta (1.0-4.0 Hz) on channel 9
      Warning: No frequencies found for delta (1.0-4.0 Hz) on channel 10
      Warning: No frequencies found for delta (1.0-4.0 Hz) on channel 11
      Warning: No frequencies found for delta (1.0-4.0 Hz) on channel 12
      Warning: No frequencies found for delta (1.0-4.0 Hz) on channel 13
      Warning: No frequencies found for delta (1.0-4.0 Hz) on channel 14
      Warning: No frequencies found for delta (1.0-4.0 Hz) on channel 15
      Warning: No frequencies found for delta (1.0-4.0 Hz) on channel 16
      Warning: No frequencies found for delta (1.0-4.0 Hz) on channel 17
      Warning: No frequencies found for delta (1.0-4.0 Hz) on channel 18
      Warning: No frequencies found for delta (1.0-4.0 Hz) on channel 19
      Warning: No frequencies found for delta (1.0-4.0 Hz) on channel 20
      Warning: No frequencies found for delta (1.0-4.0 Hz) on channel 21
      Warning: No frequencies found for delta (1.0-4.0 Hz) on channel 22
      Warning: No frequencies found for delta (1.0-4.0 Hz) on channel 23
      Warning: No frequencies found for delta (1.0-4.0 Hz) on channel 24
      Warning: No frequencies found for delta (1.0-4.0 Hz) on channel 25
      Warning: No frequencies found for delta (1.0-4.0 Hz) on channel 26
      Warning: No frequencies found for delta (1.0-4.0 Hz) on channel 27
      Warning: No frequencies found for delta (1.0-4.0 Hz) on channel 28
      Warning: No frequencies found for delta (1.0-4.0 Hz) on channel 29
      Warning: No frequencies found for delta (1.0-4.0 Hz) on channel 30
      Warning: No frequencies found for delta (1.0-4.0 Hz) on channel 31
      Warning: No frequencies found for delta (1.0-4.0 Hz) on channel 32
      Warning: No frequencies found for delta (1.0-4.0 Hz) on channel 33
      Warning: No frequencies found for delta (1.0-4.0 Hz) on channel 34
      Warning: No frequencies found for delta (1.0-4.0 Hz) on channel 35
      Warning: No frequencies found for delta (1.0-4.0 Hz) on channel 36
      Warning: No frequencies found for delta (1.0-4.0 Hz) on channel 37
      Warning: No frequencies found for delta (1.0-4.0 Hz) on channel 38
      Warning: No frequencies found for delta (1.0-4.0 Hz) on channel 39
      Warning: No frequencies found for delta (1.0-4.0 Hz) on channel 40
      Warning: No frequencies found for delta (1.0-4.0 Hz) on channel 41
      Warning: No frequencies found for delta (1.0-4.0 Hz) on channel 42
      Warning: No frequencies found for delta (1.0-4.0 Hz) on channel 43
      Warning: No frequencies found for delta (1.0-4.0 Hz) on channel 44
      Warning: No frequencies found for delta (1.0-4.0 Hz) on channel 45
      Warning: No frequencies found for delta (1.0-4.0 Hz) on channel 46
      Warning: No frequencies found for delta (1.0-4.0 Hz) on channel 47
      Warning: No frequencies found for delta (1.0-4.0 Hz) on channel 48
      Warning: No frequencies found for delta (1.0-4.0 Hz) on channel 49
      Warning: No frequencies found for delta (1.0-4.0 Hz) on channel 50
      Warning: No frequencies found for delta (1.0-4.0 Hz) on channel 51
      Warning: No frequencies found for delta (1.0-4.0 Hz) on channel 52
      Warning: No frequencies found for delta (1.0-4.0 Hz) on channel 53
      Warning: No frequencies found for delta (1.0-4.0 Hz) on channel 54
      Warning: No frequencies found for delta (1.0-4.0 Hz) on channel 55
      Warning: No frequencies found for delta (1.0-4.0 Hz) on channel 56
      Warning: No frequencies found for delta (1.0-4.0 Hz) on channel 57
      Warning: No frequencies found for delta (1.0-4.0 Hz) on channel 58
      Warning: No frequencies found for delta (1.0-4.0 Hz) on channel 59
      Warning: No frequencies found for delta (1.0-4.0 Hz) on channel 60
      Warning: No frequencies found for delta (1.0-4.0 Hz) on channel 61
      Warning: No frequencies found for delta (1.0-4.0 Hz) on channel 62
      Warning: No frequencies found for delta (1.0-4.0 Hz) on channel 63
      Warning: No frequencies found for delta (1.0-4.0 Hz) on channel 64
      Warning: No frequencies found for delta (1.0-4.0 Hz) on channel 65
      Warning: No frequencies found for delta (1.0-4.0 Hz) on channel 66
      Warning: No frequencies found for delta (1.0-4.0 Hz) on channel 67
      Warning: No frequencies found for delta (1.0-4.0 Hz) on channel 68
      Warning: No frequencies found for delta (1.0-4.0 Hz) on channel 69
      Warning: No frequencies found for delta (1.0-4.0 Hz) on channel 70
      Warning: No frequencies found for delta (1.0-4.0 Hz) on channel 71
      Warning: No frequencies found for delta (1.0-4.0 Hz) on channel 72
      Warning: No frequencies found for delta (1.0-4.0 Hz) on channel 73
      Warning: No frequencies found for delta (1.0-4.0 Hz) on channel 74
      Warning: No frequencies found for delta (1.0-4.0 Hz) on channel 75
      Warning: No frequencies found for delta (1.0-4.0 Hz) on channel 76
      Warning: No frequencies found for delta (1.0-4.0 Hz) on channel 77
      Warning: No frequencies found for delta (1.0-4.0 Hz) on channel 78
      Warning: No frequencies found for delta (1.0-4.0 Hz) on channel 79
      Warning: No frequencies found for delta (1.0-4.0 Hz) on channel 80
      Warning: No frequencies found for delta (1.0-4.0 Hz) on channel 81
      Warning: No frequencies found for delta (1.0-4.0 Hz) on channel 82
      Warning: No frequencies found for delta (1.0-4.0 Hz) on channel 83
      Warning: No frequencies found for delta (1.0-4.0 Hz) on channel 84
      Warning: No frequencies found for delta (1.0-4.0 Hz) on channel 85
      Warning: No frequencies found for delta (1.0-4.0 Hz) on channel 86
      Warning: No frequencies found for delta (1.0-4.0 Hz) on channel 87
      Warning: No frequencies found for delta (1.0-4.0 Hz) on channel 88
      Warning: No frequencies found for delta (1.0-4.0 Hz) on channel 89
      Warning: No frequencies found for delta (1.0-4.0 Hz) on channel 90
      Warning: No frequencies found for delta (1.0-4.0 Hz) on channel 91
      Warning: No frequencies found for delta (1.0-4.0 Hz) on channel 92
      Warning: No frequencies found for delta (1.0-4.0 Hz) on channel 93
      Warning: No frequencies found for delta (1.0-4.0 Hz) on channel 94
      Warning: No frequencies found for delta (1.0-4.0 Hz) on channel 95
      Warning: No frequencies found for delta (1.0-4.0 Hz) on channel 96
      Warning: No frequencies found for delta (1.0-4.0 Hz) on channel 97
      Warning: No frequencies found for delta (1.0-4.0 Hz) on channel 98
      Warning: No frequencies found for delta (1.0-4.0 Hz) on channel 99
      Warning: No frequencies found for delta (1.0-4.0 Hz) on channel 100
      Warning: No frequencies found for delta (1.0-4.0 Hz) on channel 101
      Warning: No frequencies found for delta (1.0-4.0 Hz) on channel 102
      Warning: No frequencies found for delta (1.0-4.0 Hz) on channel 103
      Warning: No frequencies found for delta (1.0-4.0 Hz) on channel 104
      Warning: No frequencies found for delta (1.0-4.0 Hz) on channel 105
      Warning: No frequencies found for delta (1.0-4.0 Hz) on channel 106
      Warning: No frequencies found for delta (1.0-4.0 Hz) on channel 107
      Warning: No frequencies found for delta (1.0-4.0 Hz) on channel 108
      Warning: No frequencies found for delta (1.0-4.0 Hz) on channel 109
      Warning: No frequencies found for delta (1.0-4.0 Hz) on channel 110
      Warning: No frequencies found for delta (1.0-4.0 Hz) on channel 111
      Warning: No frequencies found for delta (1.0-4.0 Hz) on channel 112
      Warning: No frequencies found for delta (1.0-4.0 Hz) on channel 113
      Warning: No frequencies found for delta (1.0-4.0 Hz) on channel 114
      Warning: No frequencies found for delta (1.0-4.0 Hz) on channel 115
      Warning: No frequencies found for delta (1.0-4.0 Hz) on channel 116
      Warning: No frequencies found for delta (1.0-4.0 Hz) on channel 117
      Warning: No frequencies found for delta (1.0-4.0 Hz) on channel 118
      Warning: No frequencies found for delta (1.0-4.0 Hz) on channel 119
      Warning: No frequencies found for delta (1.0-4.0 Hz) on channel 120
      Warning: No frequencies found for delta (1.0-4.0 Hz) on channel 121
      Warning: No frequencies found for delta (1.0-4.0 Hz) on channel 122
      Warning: No frequencies found for delta (1.0-4.0 Hz) on channel 123
      Warning: No frequencies found for delta (1.0-4.0 Hz) on channel 124
      Warning: No frequencies found for delta (1.0-4.0 Hz) on channel 125
      Warning: No frequencies found for delta (1.0-4.0 Hz) on channel 126
      Warning: No frequencies found for delta (1.0-4.0 Hz) on channel 127
      Warning: No frequencies found for delta (1.0-4.0 Hz) on channel 128
      Warning: No frequencies found for delta (1.0-4.0 Hz) on channel 129
      Warning: No frequencies found for delta (1.0-4.0 Hz) on channel 130
      Warning: No frequencies found for delta (1.0-4.0 Hz) on channel 131
      Warning: No frequencies found for delta (1.0-4.0 Hz) on channel 132
      Warning: No frequencies found for delta (1.0-4.0 Hz) on channel 133
      Warning: No frequencies found for delta (1.0-4.0 Hz) on channel 134
      Warning: No frequencies found for delta (1.0-4.0 Hz) on channel 135
      Warning: No frequencies found for delta (1.0-4.0 Hz) on channel 136
      Warning: No frequencies found for delta (1.0-4.0 Hz) on channel 137
      Warning: No frequencies found for delta (1.0-4.0 Hz) on channel 138
      Warning: No frequencies found for delta (1.0-4.0 Hz) on channel 139
      Warning: No frequencies found for delta (1.0-4.0 Hz) on channel 140
      Warning: No frequencies found for delta (1.0-4.0 Hz) on channel 141
      Warning: No frequencies found for delta (1.0-4.0 Hz) on channel 142
      Warning: No frequencies found for delta (1.0-4.0 Hz) on channel 143
      Warning: No frequencies found for delta (1.0-4.0 Hz) on channel 144
      Warning: No frequencies found for delta (1.0-4.0 Hz) on channel 145
      Warning: No frequencies found for delta (1.0-4.0 Hz) on channel 146
      Warning: No frequencies found for delta (1.0-4.0 Hz) on channel 147
      Warning: No frequencies found for delta (1.0-4.0 Hz) on channel 148
      Warning: No frequencies found for delta (1.0-4.0 Hz) on channel 149
      Warning: No frequencies found for delta (1.0-4.0 Hz) on channel 150
      Warning: No frequencies found for delta (1.0-4.0 Hz) on channel 151
      Warning: No frequencies found for delta (1.0-4.0 Hz) on channel 152
      Warning: No frequencies found for delta (1.0-4.0 Hz) on channel 153
      Warning: No frequencies found for delta (1.0-4.0 Hz) on channel 154
      Warning: No frequencies found for delta (1.0-4.0 Hz) on channel 155
      Warning: No frequencies found for delta (1.0-4.0 Hz) on channel 156
      Warning: No frequencies found for delta (1.0-4.0 Hz) on channel 157
      Warning: No frequencies found for delta (1.0-4.0 Hz) on channel 158
      Warning: No frequencies found for delta (1.0-4.0 Hz) on channel 159
      Warning: No frequencies found for delta (1.0-4.0 Hz) on channel 160
      Warning: No frequencies found for delta (1.0-4.0 Hz) on channel 161
      Warning: No frequencies found for delta (1.0-4.0 Hz) on channel 162
      Warning: No frequencies found for delta (1.0-4.0 Hz) on channel 163
      Warning: No frequencies found for delta (1.0-4.0 Hz) on channel 164
    Chunk 55/63 (87.3%)      Warning: No frequencies found for delta (1.0-4.0 Hz) on channel 0
      Warning: No frequencies found for delta (1.0-4.0 Hz) on channel 1
      Warning: No frequencies found for delta (1.0-4.0 Hz) on channel 2
      Warning: No frequencies found for delta (1.0-4.0 Hz) on channel 3
      Warning: No frequencies found for delta (1.0-4.0 Hz) on channel 4
      Warning: No frequencies found for delta (1.0-4.0 Hz) on channel 5
      Warning: No frequencies found for delta (1.0-4.0 Hz) on channel 6
      Warning: No frequencies found for delta (1.0-4.0 Hz) on channel 7
      Warning: No frequencies found for delta (1.0-4.0 Hz) on channel 8
      Warning: No frequencies found for delta (1.0-4.0 Hz) on channel 9
      Warning: No frequencies found for delta (1.0-4.0 Hz) on channel 10
      Warning: No frequencies found for delta (1.0-4.0 Hz) on channel 11
      Warning: No frequencies found for delta (1.0-4.0 Hz) on channel 12
      Warning: No frequencies found for delta (1.0-4.0 Hz) on channel 13
      Warning: No frequencies found for delta (1.0-4.0 Hz) on channel 14
      Warning: No frequencies found for delta (1.0-4.0 Hz) on channel 15
      Warning: No frequencies found for delta (1.0-4.0 Hz) on channel 16
      Warning: No frequencies found for delta (1.0-4.0 Hz) on channel 17
      Warning: No frequencies found for delta (1.0-4.0 Hz) on channel 18
      Warning: No frequencies found for delta (1.0-4.0 Hz) on channel 19
      Warning: No frequencies found for delta (1.0-4.0 Hz) on channel 20
      Warning: No frequencies found for delta (1.0-4.0 Hz) on channel 21
      Warning: No frequencies found for delta (1.0-4.0 Hz) on channel 22
      Warning: No frequencies found for delta (1.0-4.0 Hz) on channel 23
      Warning: No frequencies found for delta (1.0-4.0 Hz) on channel 24
      Warning: No frequencies found for delta (1.0-4.0 Hz) on channel 25
      Warning: No frequencies found for delta (1.0-4.0 Hz) on channel 26
      Warning: No frequencies found for delta (1.0-4.0 Hz) on channel 27
      Warning: No frequencies found for delta (1.0-4.0 Hz) on channel 28
      Warning: No frequencies found for delta (1.0-4.0 Hz) on channel 29
      Warning: No frequencies found for delta (1.0-4.0 Hz) on channel 30
      Warning: No frequencies found for delta (1.0-4.0 Hz) on channel 31
      Warning: No frequencies found for delta (1.0-4.0 Hz) on channel 32
      Warning: No frequencies found for delta (1.0-4.0 Hz) on channel 33
      Warning: No frequencies found for delta (1.0-4.0 Hz) on channel 34
      Warning: No frequencies found for delta (1.0-4.0 Hz) on channel 35
      Warning: No frequencies found for delta (1.0-4.0 Hz) on channel 36
      Warning: No frequencies found for delta (1.0-4.0 Hz) on channel 37
      Warning: No frequencies found for delta (1.0-4.0 Hz) on channel 38
      Warning: No frequencies found for delta (1.0-4.0 Hz) on channel 39
      Warning: No frequencies found for delta (1.0-4.0 Hz) on channel 40
      Warning: No frequencies found for delta (1.0-4.0 Hz) on channel 41
      Warning: No frequencies found for delta (1.0-4.0 Hz) on channel 42
      Warning: No frequencies found for delta (1.0-4.0 Hz) on channel 43
      Warning: No frequencies found for delta (1.0-4.0 Hz) on channel 44
      Warning: No frequencies found for delta (1.0-4.0 Hz) on channel 45
      Warning: No frequencies found for delta (1.0-4.0 Hz) on channel 46
      Warning: No frequencies found for delta (1.0-4.0 Hz) on channel 47
      Warning: No frequencies found for delta (1.0-4.0 Hz) on channel 48
      Warning: No frequencies found for delta (1.0-4.0 Hz) on channel 49
      Warning: No frequencies found for delta (1.0-4.0 Hz) on channel 50
      Warning: No frequencies found for delta (1.0-4.0 Hz) on channel 51
      Warning: No frequencies found for delta (1.0-4.0 Hz) on channel 52
      Warning: No frequencies found for delta (1.0-4.0 Hz) on channel 53
      Warning: No frequencies found for delta (1.0-4.0 Hz) on channel 54
      Warning: No frequencies found for delta (1.0-4.0 Hz) on channel 55
      Warning: No frequencies found for delta (1.0-4.0 Hz) on channel 56
      Warning: No frequencies found for delta (1.0-4.0 Hz) on channel 57
      Warning: No frequencies found for delta (1.0-4.0 Hz) on channel 58
      Warning: No frequencies found for delta (1.0-4.0 Hz) on channel 59
      Warning: No frequencies found for delta (1.0-4.0 Hz) on channel 60
      Warning: No frequencies found for delta (1.0-4.0 Hz) on channel 61
      Warning: No frequencies found for delta (1.0-4.0 Hz) on channel 62
      Warning: No frequencies found for delta (1.0-4.0 Hz) on channel 63
      Warning: No frequencies found for delta (1.0-4.0 Hz) on channel 64
      Warning: No frequencies found for delta (1.0-4.0 Hz) on channel 65
      Warning: No frequencies found for delta (1.0-4.0 Hz) on channel 66
      Warning: No frequencies found for delta (1.0-4.0 Hz) on channel 67
      Warning: No frequencies found for delta (1.0-4.0 Hz) on channel 68
      Warning: No frequencies found for delta (1.0-4.0 Hz) on channel 69
      Warning: No frequencies found for delta (1.0-4.0 Hz) on channel 70
      Warning: No frequencies found for delta (1.0-4.0 Hz) on channel 71
      Warning: No frequencies found for delta (1.0-4.0 Hz) on channel 72
      Warning: No frequencies found for delta (1.0-4.0 Hz) on channel 73
      Warning: No frequencies found for delta (1.0-4.0 Hz) on channel 74
      Warning: No frequencies found for delta (1.0-4.0 Hz) on channel 75
      Warning: No frequencies found for delta (1.0-4.0 Hz) on channel 76
      Warning: No frequencies found for delta (1.0-4.0 Hz) on channel 77
      Warning: No frequencies found for delta (1.0-4.0 Hz) on channel 78
      Warning: No frequencies found for delta (1.0-4.0 Hz) on channel 79
      Warning: No frequencies found for delta (1.0-4.0 Hz) on channel 80
      Warning: No frequencies found for delta (1.0-4.0 Hz) on channel 81
      Warning: No frequencies found for delta (1.0-4.0 Hz) on channel 82
      Warning: No frequencies found for delta (1.0-4.0 Hz) on channel 83
      Warning: No frequencies found for delta (1.0-4.0 Hz) on channel 84
      Warning: No frequencies found for delta (1.0-4.0 Hz) on channel 85
      Warning: No frequencies found for delta (1.0-4.0 Hz) on channel 86
      Warning: No frequencies found for delta (1.0-4.0 Hz) on channel 87
      Warning: No frequencies found for delta (1.0-4.0 Hz) on channel 88
      Warning: No frequencies found for delta (1.0-4.0 Hz) on channel 89
      Warning: No frequencies found for delta (1.0-4.0 Hz) on channel 90
      Warning: No frequencies found for delta (1.0-4.0 Hz) on channel 91
      Warning: No frequencies found for delta (1.0-4.0 Hz) on channel 92
      Warning: No frequencies found for delta (1.0-4.0 Hz) on channel 93
      Warning: No frequencies found for delta (1.0-4.0 Hz) on channel 94
      Warning: No frequencies found for delta (1.0-4.0 Hz) on channel 95
      Warning: No frequencies found for delta (1.0-4.0 Hz) on channel 96
      Warning: No frequencies found for delta (1.0-4.0 Hz) on channel 97
      Warning: No frequencies found for delta (1.0-4.0 Hz) on channel 98
      Warning: No frequencies found for delta (1.0-4.0 Hz) on channel 99
      Warning: No frequencies found for delta (1.0-4.0 Hz) on channel 100
      Warning: No frequencies found for delta (1.0-4.0 Hz) on channel 101
      Warning: No frequencies found for delta (1.0-4.0 Hz) on channel 102
      Warning: No frequencies found for delta (1.0-4.0 Hz) on channel 103
      Warning: No frequencies found for delta (1.0-4.0 Hz) on channel 104
      Warning: No frequencies found for delta (1.0-4.0 Hz) on channel 105
      Warning: No frequencies found for delta (1.0-4.0 Hz) on channel 106
      Warning: No frequencies found for delta (1.0-4.0 Hz) on channel 107
      Warning: No frequencies found for delta (1.0-4.0 Hz) on channel 108
      Warning: No frequencies found for delta (1.0-4.0 Hz) on channel 109
      Warning: No frequencies found for delta (1.0-4.0 Hz) on channel 110
      Warning: No frequencies found for delta (1.0-4.0 Hz) on channel 111
      Warning: No frequencies found for delta (1.0-4.0 Hz) on channel 112
      Warning: No frequencies found for delta (1.0-4.0 Hz) on channel 113
      Warning: No frequencies found for delta (1.0-4.0 Hz) on channel 114
      Warning: No frequencies found for delta (1.0-4.0 Hz) on channel 115
      Warning: No frequencies found for delta (1.0-4.0 Hz) on channel 116
      Warning: No frequencies found for delta (1.0-4.0 Hz) on channel 117
      Warning: No frequencies found for delta (1.0-4.0 Hz) on channel 118
      Warning: No frequencies found for delta (1.0-4.0 Hz) on channel 119
      Warning: No frequencies found for delta (1.0-4.0 Hz) on channel 120
      Warning: No frequencies found for delta (1.0-4.0 Hz) on channel 121
      Warning: No frequencies found for delta (1.0-4.0 Hz) on channel 122
      Warning: No frequencies found for delta (1.0-4.0 Hz) on channel 123
      Warning: No frequencies found for delta (1.0-4.0 Hz) on channel 124
      Warning: No frequencies found for delta (1.0-4.0 Hz) on channel 125
      Warning: No frequencies found for delta (1.0-4.0 Hz) on channel 126
      Warning: No frequencies found for delta (1.0-4.0 Hz) on channel 127
      Warning: No frequencies found for delta (1.0-4.0 Hz) on channel 128
      Warning: No frequencies found for delta (1.0-4.0 Hz) on channel 129
      Warning: No frequencies found for delta (1.0-4.0 Hz) on channel 130
      Warning: No frequencies found for delta (1.0-4.0 Hz) on channel 131
      Warning: No frequencies found for delta (1.0-4.0 Hz) on channel 132
      Warning: No frequencies found for delta (1.0-4.0 Hz) on channel 133
      Warning: No frequencies found for delta (1.0-4.0 Hz) on channel 134
      Warning: No frequencies found for delta (1.0-4.0 Hz) on channel 135
      Warning: No frequencies found for delta (1.0-4.0 Hz) on channel 136
      Warning: No frequencies found for delta (1.0-4.0 Hz) on channel 137
      Warning: No frequencies found for delta (1.0-4.0 Hz) on channel 138
      Warning: No frequencies found for delta (1.0-4.0 Hz) on channel 139
      Warning: No frequencies found for delta (1.0-4.0 Hz) on channel 140
      Warning: No frequencies found for delta (1.0-4.0 Hz) on channel 141
      Warning: No frequencies found for delta (1.0-4.0 Hz) on channel 142
      Warning: No frequencies found for delta (1.0-4.0 Hz) on channel 143
      Warning: No frequencies found for delta (1.0-4.0 Hz) on channel 144
      Warning: No frequencies found for delta (1.0-4.0 Hz) on channel 145
      Warning: No frequencies found for delta (1.0-4.0 Hz) on channel 146
      Warning: No frequencies found for delta (1.0-4.0 Hz) on channel 147
      Warning: No frequencies found for delta (1.0-4.0 Hz) on channel 148
      Warning: No frequencies found for delta (1.0-4.0 Hz) on channel 149
      Warning: No frequencies found for delta (1.0-4.0 Hz) on channel 150
      Warning: No frequencies found for delta (1.0-4.0 Hz) on channel 151
      Warning: No frequencies found for delta (1.0-4.0 Hz) on channel 152
      Warning: No frequencies found for delta (1.0-4.0 Hz) on channel 153
      Warning: No frequencies found for delta (1.0-4.0 Hz) on channel 154
      Warning: No frequencies found for delta (1.0-4.0 Hz) on channel 155
      Warning: No frequencies found for delta (1.0-4.0 Hz) on channel 156
      Warning: No frequencies found for delta (1.0-4.0 Hz) on channel 157
      Warning: No frequencies found for delta (1.0-4.0 Hz) on channel 158
      Warning: No frequencies found for delta (1.0-4.0 Hz) on channel 159
      Warning: No frequencies found for delta (1.0-4.0 Hz) on channel 160
      Warning: No frequencies found for delta (1.0-4.0 Hz) on channel 161
      Warning: No frequencies found for delta (1.0-4.0 Hz) on channel 162
      Warning: No frequencies found for delta (1.0-4.0 Hz) on channel 163
      Warning: No frequencies found for delta (1.0-4.0 Hz) on channel 164
    Chunk 56/63 (88.9%)      Warning: No frequencies found for delta (1.0-4.0 Hz) on channel 0
      Warning: No frequencies found for delta (1.0-4.0 Hz) on channel 1
      Warning: No frequencies found for delta (1.0-4.0 Hz) on channel 2
      Warning: No frequencies found for delta (1.0-4.0 Hz) on channel 3
      Warning: No frequencies found for delta (1.0-4.0 Hz) on channel 4
      Warning: No frequencies found for delta (1.0-4.0 Hz) on channel 5
      Warning: No frequencies found for delta (1.0-4.0 Hz) on channel 6
      Warning: No frequencies found for delta (1.0-4.0 Hz) on channel 7
      Warning: No frequencies found for delta (1.0-4.0 Hz) on channel 8
      Warning: No frequencies found for delta (1.0-4.0 Hz) on channel 9
      Warning: No frequencies found for delta (1.0-4.0 Hz) on channel 10
      Warning: No frequencies found for delta (1.0-4.0 Hz) on channel 11
      Warning: No frequencies found for delta (1.0-4.0 Hz) on channel 12
      Warning: No frequencies found for delta (1.0-4.0 Hz) on channel 13
      Warning: No frequencies found for delta (1.0-4.0 Hz) on channel 14
      Warning: No frequencies found for delta (1.0-4.0 Hz) on channel 15
      Warning: No frequencies found for delta (1.0-4.0 Hz) on channel 16
      Warning: No frequencies found for delta (1.0-4.0 Hz) on channel 17
      Warning: No frequencies found for delta (1.0-4.0 Hz) on channel 18
      Warning: No frequencies found for delta (1.0-4.0 Hz) on channel 19
      Warning: No frequencies found for delta (1.0-4.0 Hz) on channel 20
      Warning: No frequencies found for delta (1.0-4.0 Hz) on channel 21
      Warning: No frequencies found for delta (1.0-4.0 Hz) on channel 22
      Warning: No frequencies found for delta (1.0-4.0 Hz) on channel 23
      Warning: No frequencies found for delta (1.0-4.0 Hz) on channel 24
      Warning: No frequencies found for delta (1.0-4.0 Hz) on channel 25
      Warning: No frequencies found for delta (1.0-4.0 Hz) on channel 26
      Warning: No frequencies found for delta (1.0-4.0 Hz) on channel 27
      Warning: No frequencies found for delta (1.0-4.0 Hz) on channel 28
      Warning: No frequencies found for delta (1.0-4.0 Hz) on channel 29
      Warning: No frequencies found for delta (1.0-4.0 Hz) on channel 30
      Warning: No frequencies found for delta (1.0-4.0 Hz) on channel 31
      Warning: No frequencies found for delta (1.0-4.0 Hz) on channel 32
      Warning: No frequencies found for delta (1.0-4.0 Hz) on channel 33
      Warning: No frequencies found for delta (1.0-4.0 Hz) on channel 34
      Warning: No frequencies found for delta (1.0-4.0 Hz) on channel 35
      Warning: No frequencies found for delta (1.0-4.0 Hz) on channel 36
      Warning: No frequencies found for delta (1.0-4.0 Hz) on channel 37
      Warning: No frequencies found for delta (1.0-4.0 Hz) on channel 38
      Warning: No frequencies found for delta (1.0-4.0 Hz) on channel 39
      Warning: No frequencies found for delta (1.0-4.0 Hz) on channel 40
      Warning: No frequencies found for delta (1.0-4.0 Hz) on channel 41
      Warning: No frequencies found for delta (1.0-4.0 Hz) on channel 42
      Warning: No frequencies found for delta (1.0-4.0 Hz) on channel 43
      Warning: No frequencies found for delta (1.0-4.0 Hz) on channel 44
      Warning: No frequencies found for delta (1.0-4.0 Hz) on channel 45
      Warning: No frequencies found for delta (1.0-4.0 Hz) on channel 46
      Warning: No frequencies found for delta (1.0-4.0 Hz) on channel 47
      Warning: No frequencies found for delta (1.0-4.0 Hz) on channel 48
      Warning: No frequencies found for delta (1.0-4.0 Hz) on channel 49
      Warning: No frequencies found for delta (1.0-4.0 Hz) on channel 50
      Warning: No frequencies found for delta (1.0-4.0 Hz) on channel 51
      Warning: No frequencies found for delta (1.0-4.0 Hz) on channel 52
      Warning: No frequencies found for delta (1.0-4.0 Hz) on channel 53
      Warning: No frequencies found for delta (1.0-4.0 Hz) on channel 54
      Warning: No frequencies found for delta (1.0-4.0 Hz) on channel 55
      Warning: No frequencies found for delta (1.0-4.0 Hz) on channel 56
      Warning: No frequencies found for delta (1.0-4.0 Hz) on channel 57
      Warning: No frequencies found for delta (1.0-4.0 Hz) on channel 58
      Warning: No frequencies found for delta (1.0-4.0 Hz) on channel 59
      Warning: No frequencies found for delta (1.0-4.0 Hz) on channel 60
      Warning: No frequencies found for delta (1.0-4.0 Hz) on channel 61
      Warning: No frequencies found for delta (1.0-4.0 Hz) on channel 62
      Warning: No frequencies found for delta (1.0-4.0 Hz) on channel 63
      Warning: No frequencies found for delta (1.0-4.0 Hz) on channel 64
      Warning: No frequencies found for delta (1.0-4.0 Hz) on channel 65
      Warning: No frequencies found for delta (1.0-4.0 Hz) on channel 66
      Warning: No frequencies found for delta (1.0-4.0 Hz) on channel 67
      Warning: No frequencies found for delta (1.0-4.0 Hz) on channel 68
      Warning: No frequencies found for delta (1.0-4.0 Hz) on channel 69
      Warning: No frequencies found for delta (1.0-4.0 Hz) on channel 70
      Warning: No frequencies found for delta (1.0-4.0 Hz) on channel 71
      Warning: No frequencies found for delta (1.0-4.0 Hz) on channel 72
      Warning: No frequencies found for delta (1.0-4.0 Hz) on channel 73
      Warning: No frequencies found for delta (1.0-4.0 Hz) on channel 74
      Warning: No frequencies found for delta (1.0-4.0 Hz) on channel 75
      Warning: No frequencies found for delta (1.0-4.0 Hz) on channel 76
      Warning: No frequencies found for delta (1.0-4.0 Hz) on channel 77
      Warning: No frequencies found for delta (1.0-4.0 Hz) on channel 78
      Warning: No frequencies found for delta (1.0-4.0 Hz) on channel 79
      Warning: No frequencies found for delta (1.0-4.0 Hz) on channel 80
      Warning: No frequencies found for delta (1.0-4.0 Hz) on channel 81
      Warning: No frequencies found for delta (1.0-4.0 Hz) on channel 82
      Warning: No frequencies found for delta (1.0-4.0 Hz) on channel 83
      Warning: No frequencies found for delta (1.0-4.0 Hz) on channel 84
      Warning: No frequencies found for delta (1.0-4.0 Hz) on channel 85
      Warning: No frequencies found for delta (1.0-4.0 Hz) on channel 86
      Warning: No frequencies found for delta (1.0-4.0 Hz) on channel 87
      Warning: No frequencies found for delta (1.0-4.0 Hz) on channel 88
      Warning: No frequencies found for delta (1.0-4.0 Hz) on channel 89
      Warning: No frequencies found for delta (1.0-4.0 Hz) on channel 90
      Warning: No frequencies found for delta (1.0-4.0 Hz) on channel 91
      Warning: No frequencies found for delta (1.0-4.0 Hz) on channel 92
      Warning: No frequencies found for delta (1.0-4.0 Hz) on channel 93
      Warning: No frequencies found for delta (1.0-4.0 Hz) on channel 94
      Warning: No frequencies found for delta (1.0-4.0 Hz) on channel 95
      Warning: No frequencies found for delta (1.0-4.0 Hz) on channel 96
      Warning: No frequencies found for delta (1.0-4.0 Hz) on channel 97
      Warning: No frequencies found for delta (1.0-4.0 Hz) on channel 98
      Warning: No frequencies found for delta (1.0-4.0 Hz) on channel 99
      Warning: No frequencies found for delta (1.0-4.0 Hz) on channel 100
      Warning: No frequencies found for delta (1.0-4.0 Hz) on channel 101
      Warning: No frequencies found for delta (1.0-4.0 Hz) on channel 102
      Warning: No frequencies found for delta (1.0-4.0 Hz) on channel 103
      Warning: No frequencies found for delta (1.0-4.0 Hz) on channel 104
      Warning: No frequencies found for delta (1.0-4.0 Hz) on channel 105
      Warning: No frequencies found for delta (1.0-4.0 Hz) on channel 106
      Warning: No frequencies found for delta (1.0-4.0 Hz) on channel 107
      Warning: No frequencies found for delta (1.0-4.0 Hz) on channel 108
      Warning: No frequencies found for delta (1.0-4.0 Hz) on channel 109
      Warning: No frequencies found for delta (1.0-4.0 Hz) on channel 110
      Warning: No frequencies found for delta (1.0-4.0 Hz) on channel 111
      Warning: No frequencies found for delta (1.0-4.0 Hz) on channel 112
      Warning: No frequencies found for delta (1.0-4.0 Hz) on channel 113
      Warning: No frequencies found for delta (1.0-4.0 Hz) on channel 114
      Warning: No frequencies found for delta (1.0-4.0 Hz) on channel 115
      Warning: No frequencies found for delta (1.0-4.0 Hz) on channel 116
      Warning: No frequencies found for delta (1.0-4.0 Hz) on channel 117
      Warning: No frequencies found for delta (1.0-4.0 Hz) on channel 118
      Warning: No frequencies found for delta (1.0-4.0 Hz) on channel 119
      Warning: No frequencies found for delta (1.0-4.0 Hz) on channel 120
      Warning: No frequencies found for delta (1.0-4.0 Hz) on channel 121
      Warning: No frequencies found for delta (1.0-4.0 Hz) on channel 122
      Warning: No frequencies found for delta (1.0-4.0 Hz) on channel 123
      Warning: No frequencies found for delta (1.0-4.0 Hz) on channel 124
      Warning: No frequencies found for delta (1.0-4.0 Hz) on channel 125
      Warning: No frequencies found for delta (1.0-4.0 Hz) on channel 126
      Warning: No frequencies found for delta (1.0-4.0 Hz) on channel 127
      Warning: No frequencies found for delta (1.0-4.0 Hz) on channel 128
      Warning: No frequencies found for delta (1.0-4.0 Hz) on channel 129
      Warning: No frequencies found for delta (1.0-4.0 Hz) on channel 130
      Warning: No frequencies found for delta (1.0-4.0 Hz) on channel 131
      Warning: No frequencies found for delta (1.0-4.0 Hz) on channel 132
      Warning: No frequencies found for delta (1.0-4.0 Hz) on channel 133
      Warning: No frequencies found for delta (1.0-4.0 Hz) on channel 134
      Warning: No frequencies found for delta (1.0-4.0 Hz) on channel 135
      Warning: No frequencies found for delta (1.0-4.0 Hz) on channel 136
      Warning: No frequencies found for delta (1.0-4.0 Hz) on channel 137
      Warning: No frequencies found for delta (1.0-4.0 Hz) on channel 138
      Warning: No frequencies found for delta (1.0-4.0 Hz) on channel 139
      Warning: No frequencies found for delta (1.0-4.0 Hz) on channel 140
      Warning: No frequencies found for delta (1.0-4.0 Hz) on channel 141
      Warning: No frequencies found for delta (1.0-4.0 Hz) on channel 142
      Warning: No frequencies found for delta (1.0-4.0 Hz) on channel 143
      Warning: No frequencies found for delta (1.0-4.0 Hz) on channel 144
      Warning: No frequencies found for delta (1.0-4.0 Hz) on channel 145
      Warning: No frequencies found for delta (1.0-4.0 Hz) on channel 146
      Warning: No frequencies found for delta (1.0-4.0 Hz) on channel 147
      Warning: No frequencies found for delta (1.0-4.0 Hz) on channel 148
      Warning: No frequencies found for delta (1.0-4.0 Hz) on channel 149
      Warning: No frequencies found for delta (1.0-4.0 Hz) on channel 150
      Warning: No frequencies found for delta (1.0-4.0 Hz) on channel 151
      Warning: No frequencies found for delta (1.0-4.0 Hz) on channel 152
      Warning: No frequencies found for delta (1.0-4.0 Hz) on channel 153
      Warning: No frequencies found for delta (1.0-4.0 Hz) on channel 154
      Warning: No frequencies found for delta (1.0-4.0 Hz) on channel 155
      Warning: No frequencies found for delta (1.0-4.0 Hz) on channel 156
      Warning: No frequencies found for delta (1.0-4.0 Hz) on channel 157
      Warning: No frequencies found for delta (1.0-4.0 Hz) on channel 158
      Warning: No frequencies found for delta (1.0-4.0 Hz) on channel 159
      Warning: No frequencies found for delta (1.0-4.0 Hz) on channel 160
      Warning: No frequencies found for delta (1.0-4.0 Hz) on channel 161
      Warning: No frequencies found for delta (1.0-4.0 Hz) on channel 162
      Warning: No frequencies found for delta (1.0-4.0 Hz) on channel 163
      Warning: No frequencies found for delta (1.0-4.0 Hz) on channel 164
    Chunk 57/63 (90.5%)      Warning: No frequencies found for delta (1.0-4.0 Hz) on channel 0
      Warning: No frequencies found for delta (1.0-4.0 Hz) on channel 1
      Warning: No frequencies found for delta (1.0-4.0 Hz) on channel 2
      Warning: No frequencies found for delta (1.0-4.0 Hz) on channel 3
      Warning: No frequencies found for delta (1.0-4.0 Hz) on channel 4
      Warning: No frequencies found for delta (1.0-4.0 Hz) on channel 5
      Warning: No frequencies found for delta (1.0-4.0 Hz) on channel 6
      Warning: No frequencies found for delta (1.0-4.0 Hz) on channel 7
      Warning: No frequencies found for delta (1.0-4.0 Hz) on channel 8
      Warning: No frequencies found for delta (1.0-4.0 Hz) on channel 9
      Warning: No frequencies found for delta (1.0-4.0 Hz) on channel 10
      Warning: No frequencies found for delta (1.0-4.0 Hz) on channel 11
      Warning: No frequencies found for delta (1.0-4.0 Hz) on channel 12
      Warning: No frequencies found for delta (1.0-4.0 Hz) on channel 13
      Warning: No frequencies found for delta (1.0-4.0 Hz) on channel 14
      Warning: No frequencies found for delta (1.0-4.0 Hz) on channel 15
      Warning: No frequencies found for delta (1.0-4.0 Hz) on channel 16
      Warning: No frequencies found for delta (1.0-4.0 Hz) on channel 17
      Warning: No frequencies found for delta (1.0-4.0 Hz) on channel 18
      Warning: No frequencies found for delta (1.0-4.0 Hz) on channel 19
      Warning: No frequencies found for delta (1.0-4.0 Hz) on channel 20
      Warning: No frequencies found for delta (1.0-4.0 Hz) on channel 21
      Warning: No frequencies found for delta (1.0-4.0 Hz) on channel 22
      Warning: No frequencies found for delta (1.0-4.0 Hz) on channel 23
      Warning: No frequencies found for delta (1.0-4.0 Hz) on channel 24
      Warning: No frequencies found for delta (1.0-4.0 Hz) on channel 25
      Warning: No frequencies found for delta (1.0-4.0 Hz) on channel 26
      Warning: No frequencies found for delta (1.0-4.0 Hz) on channel 27
      Warning: No frequencies found for delta (1.0-4.0 Hz) on channel 28
      Warning: No frequencies found for delta (1.0-4.0 Hz) on channel 29
      Warning: No frequencies found for delta (1.0-4.0 Hz) on channel 30
      Warning: No frequencies found for delta (1.0-4.0 Hz) on channel 31
      Warning: No frequencies found for delta (1.0-4.0 Hz) on channel 32
      Warning: No frequencies found for delta (1.0-4.0 Hz) on channel 33
      Warning: No frequencies found for delta (1.0-4.0 Hz) on channel 34
      Warning: No frequencies found for delta (1.0-4.0 Hz) on channel 35
      Warning: No frequencies found for delta (1.0-4.0 Hz) on channel 36
      Warning: No frequencies found for delta (1.0-4.0 Hz) on channel 37
      Warning: No frequencies found for delta (1.0-4.0 Hz) on channel 38
      Warning: No frequencies found for delta (1.0-4.0 Hz) on channel 39
      Warning: No frequencies found for delta (1.0-4.0 Hz) on channel 40
      Warning: No frequencies found for delta (1.0-4.0 Hz) on channel 41
      Warning: No frequencies found for delta (1.0-4.0 Hz) on channel 42
      Warning: No frequencies found for delta (1.0-4.0 Hz) on channel 43
      Warning: No frequencies found for delta (1.0-4.0 Hz) on channel 44
      Warning: No frequencies found for delta (1.0-4.0 Hz) on channel 45
      Warning: No frequencies found for delta (1.0-4.0 Hz) on channel 46
      Warning: No frequencies found for delta (1.0-4.0 Hz) on channel 47
      Warning: No frequencies found for delta (1.0-4.0 Hz) on channel 48
      Warning: No frequencies found for delta (1.0-4.0 Hz) on channel 49
      Warning: No frequencies found for delta (1.0-4.0 Hz) on channel 50
      Warning: No frequencies found for delta (1.0-4.0 Hz) on channel 51
      Warning: No frequencies found for delta (1.0-4.0 Hz) on channel 52
      Warning: No frequencies found for delta (1.0-4.0 Hz) on channel 53
      Warning: No frequencies found for delta (1.0-4.0 Hz) on channel 54
      Warning: No frequencies found for delta (1.0-4.0 Hz) on channel 55
      Warning: No frequencies found for delta (1.0-4.0 Hz) on channel 56
      Warning: No frequencies found for delta (1.0-4.0 Hz) on channel 57
      Warning: No frequencies found for delta (1.0-4.0 Hz) on channel 58
      Warning: No frequencies found for delta (1.0-4.0 Hz) on channel 59
      Warning: No frequencies found for delta (1.0-4.0 Hz) on channel 60
      Warning: No frequencies found for delta (1.0-4.0 Hz) on channel 61
      Warning: No frequencies found for delta (1.0-4.0 Hz) on channel 62
      Warning: No frequencies found for delta (1.0-4.0 Hz) on channel 63
      Warning: No frequencies found for delta (1.0-4.0 Hz) on channel 64
      Warning: No frequencies found for delta (1.0-4.0 Hz) on channel 65
      Warning: No frequencies found for delta (1.0-4.0 Hz) on channel 66
      Warning: No frequencies found for delta (1.0-4.0 Hz) on channel 67
      Warning: No frequencies found for delta (1.0-4.0 Hz) on channel 68
      Warning: No frequencies found for delta (1.0-4.0 Hz) on channel 69
      Warning: No frequencies found for delta (1.0-4.0 Hz) on channel 70
      Warning: No frequencies found for delta (1.0-4.0 Hz) on channel 71
      Warning: No frequencies found for delta (1.0-4.0 Hz) on channel 72
      Warning: No frequencies found for delta (1.0-4.0 Hz) on channel 73
      Warning: No frequencies found for delta (1.0-4.0 Hz) on channel 74
      Warning: No frequencies found for delta (1.0-4.0 Hz) on channel 75
      Warning: No frequencies found for delta (1.0-4.0 Hz) on channel 76
      Warning: No frequencies found for delta (1.0-4.0 Hz) on channel 77
      Warning: No frequencies found for delta (1.0-4.0 Hz) on channel 78
      Warning: No frequencies found for delta (1.0-4.0 Hz) on channel 79
      Warning: No frequencies found for delta (1.0-4.0 Hz) on channel 80
      Warning: No frequencies found for delta (1.0-4.0 Hz) on channel 81
      Warning: No frequencies found for delta (1.0-4.0 Hz) on channel 82
      Warning: No frequencies found for delta (1.0-4.0 Hz) on channel 83
      Warning: No frequencies found for delta (1.0-4.0 Hz) on channel 84
      Warning: No frequencies found for delta (1.0-4.0 Hz) on channel 85
      Warning: No frequencies found for delta (1.0-4.0 Hz) on channel 86
      Warning: No frequencies found for delta (1.0-4.0 Hz) on channel 87
      Warning: No frequencies found for delta (1.0-4.0 Hz) on channel 88
      Warning: No frequencies found for delta (1.0-4.0 Hz) on channel 89
      Warning: No frequencies found for delta (1.0-4.0 Hz) on channel 90
      Warning: No frequencies found for delta (1.0-4.0 Hz) on channel 91
      Warning: No frequencies found for delta (1.0-4.0 Hz) on channel 92
      Warning: No frequencies found for delta (1.0-4.0 Hz) on channel 93
      Warning: No frequencies found for delta (1.0-4.0 Hz) on channel 94
      Warning: No frequencies found for delta (1.0-4.0 Hz) on channel 95
      Warning: No frequencies found for delta (1.0-4.0 Hz) on channel 96
      Warning: No frequencies found for delta (1.0-4.0 Hz) on channel 97
      Warning: No frequencies found for delta (1.0-4.0 Hz) on channel 98
      Warning: No frequencies found for delta (1.0-4.0 Hz) on channel 99
      Warning: No frequencies found for delta (1.0-4.0 Hz) on channel 100
      Warning: No frequencies found for delta (1.0-4.0 Hz) on channel 101
      Warning: No frequencies found for delta (1.0-4.0 Hz) on channel 102
      Warning: No frequencies found for delta (1.0-4.0 Hz) on channel 103
      Warning: No frequencies found for delta (1.0-4.0 Hz) on channel 104
      Warning: No frequencies found for delta (1.0-4.0 Hz) on channel 105
      Warning: No frequencies found for delta (1.0-4.0 Hz) on channel 106
      Warning: No frequencies found for delta (1.0-4.0 Hz) on channel 107
      Warning: No frequencies found for delta (1.0-4.0 Hz) on channel 108
      Warning: No frequencies found for delta (1.0-4.0 Hz) on channel 109
      Warning: No frequencies found for delta (1.0-4.0 Hz) on channel 110
      Warning: No frequencies found for delta (1.0-4.0 Hz) on channel 111
      Warning: No frequencies found for delta (1.0-4.0 Hz) on channel 112
      Warning: No frequencies found for delta (1.0-4.0 Hz) on channel 113
      Warning: No frequencies found for delta (1.0-4.0 Hz) on channel 114
      Warning: No frequencies found for delta (1.0-4.0 Hz) on channel 115
      Warning: No frequencies found for delta (1.0-4.0 Hz) on channel 116
      Warning: No frequencies found for delta (1.0-4.0 Hz) on channel 117
      Warning: No frequencies found for delta (1.0-4.0 Hz) on channel 118
      Warning: No frequencies found for delta (1.0-4.0 Hz) on channel 119
      Warning: No frequencies found for delta (1.0-4.0 Hz) on channel 120
      Warning: No frequencies found for delta (1.0-4.0 Hz) on channel 121
      Warning: No frequencies found for delta (1.0-4.0 Hz) on channel 122
      Warning: No frequencies found for delta (1.0-4.0 Hz) on channel 123
      Warning: No frequencies found for delta (1.0-4.0 Hz) on channel 124
      Warning: No frequencies found for delta (1.0-4.0 Hz) on channel 125
      Warning: No frequencies found for delta (1.0-4.0 Hz) on channel 126
      Warning: No frequencies found for delta (1.0-4.0 Hz) on channel 127
      Warning: No frequencies found for delta (1.0-4.0 Hz) on channel 128
      Warning: No frequencies found for delta (1.0-4.0 Hz) on channel 129
      Warning: No frequencies found for delta (1.0-4.0 Hz) on channel 130
      Warning: No frequencies found for delta (1.0-4.0 Hz) on channel 131
      Warning: No frequencies found for delta (1.0-4.0 Hz) on channel 132
      Warning: No frequencies found for delta (1.0-4.0 Hz) on channel 133
      Warning: No frequencies found for delta (1.0-4.0 Hz) on channel 134
      Warning: No frequencies found for delta (1.0-4.0 Hz) on channel 135
      Warning: No frequencies found for delta (1.0-4.0 Hz) on channel 136
      Warning: No frequencies found for delta (1.0-4.0 Hz) on channel 137
      Warning: No frequencies found for delta (1.0-4.0 Hz) on channel 138
      Warning: No frequencies found for delta (1.0-4.0 Hz) on channel 139
      Warning: No frequencies found for delta (1.0-4.0 Hz) on channel 140
      Warning: No frequencies found for delta (1.0-4.0 Hz) on channel 141
      Warning: No frequencies found for delta (1.0-4.0 Hz) on channel 142
      Warning: No frequencies found for delta (1.0-4.0 Hz) on channel 143
      Warning: No frequencies found for delta (1.0-4.0 Hz) on channel 144
      Warning: No frequencies found for delta (1.0-4.0 Hz) on channel 145
      Warning: No frequencies found for delta (1.0-4.0 Hz) on channel 146
      Warning: No frequencies found for delta (1.0-4.0 Hz) on channel 147
      Warning: No frequencies found for delta (1.0-4.0 Hz) on channel 148
      Warning: No frequencies found for delta (1.0-4.0 Hz) on channel 149
      Warning: No frequencies found for delta (1.0-4.0 Hz) on channel 150
      Warning: No frequencies found for delta (1.0-4.0 Hz) on channel 151
      Warning: No frequencies found for delta (1.0-4.0 Hz) on channel 152
      Warning: No frequencies found for delta (1.0-4.0 Hz) on channel 153
      Warning: No frequencies found for delta (1.0-4.0 Hz) on channel 154
      Warning: No frequencies found for delta (1.0-4.0 Hz) on channel 155
      Warning: No frequencies found for delta (1.0-4.0 Hz) on channel 156
      Warning: No frequencies found for delta (1.0-4.0 Hz) on channel 157
      Warning: No frequencies found for delta (1.0-4.0 Hz) on channel 158
      Warning: No frequencies found for delta (1.0-4.0 Hz) on channel 159
      Warning: No frequencies found for delta (1.0-4.0 Hz) on channel 160
      Warning: No frequencies found for delta (1.0-4.0 Hz) on channel 161
      Warning: No frequencies found for delta (1.0-4.0 Hz) on channel 162
      Warning: No frequencies found for delta (1.0-4.0 Hz) on channel 163
      Warning: No frequencies found for delta (1.0-4.0 Hz) on channel 164
    Chunk 58/63 (92.1%)      Warning: No frequencies found for delta (1.0-4.0 Hz) on channel 0
      Warning: No frequencies found for delta (1.0-4.0 Hz) on channel 1
      Warning: No frequencies found for delta (1.0-4.0 Hz) on channel 2
      Warning: No frequencies found for delta (1.0-4.0 Hz) on channel 3
      Warning: No frequencies found for delta (1.0-4.0 Hz) on channel 4
      Warning: No frequencies found for delta (1.0-4.0 Hz) on channel 5
      Warning: No frequencies found for delta (1.0-4.0 Hz) on channel 6
      Warning: No frequencies found for delta (1.0-4.0 Hz) on channel 7
      Warning: No frequencies found for delta (1.0-4.0 Hz) on channel 8
      Warning: No frequencies found for delta (1.0-4.0 Hz) on channel 9
      Warning: No frequencies found for delta (1.0-4.0 Hz) on channel 10
      Warning: No frequencies found for delta (1.0-4.0 Hz) on channel 11
      Warning: No frequencies found for delta (1.0-4.0 Hz) on channel 12
      Warning: No frequencies found for delta (1.0-4.0 Hz) on channel 13
      Warning: No frequencies found for delta (1.0-4.0 Hz) on channel 14
      Warning: No frequencies found for delta (1.0-4.0 Hz) on channel 15
      Warning: No frequencies found for delta (1.0-4.0 Hz) on channel 16
      Warning: No frequencies found for delta (1.0-4.0 Hz) on channel 17
      Warning: No frequencies found for delta (1.0-4.0 Hz) on channel 18
      Warning: No frequencies found for delta (1.0-4.0 Hz) on channel 19
      Warning: No frequencies found for delta (1.0-4.0 Hz) on channel 20
      Warning: No frequencies found for delta (1.0-4.0 Hz) on channel 21
      Warning: No frequencies found for delta (1.0-4.0 Hz) on channel 22
      Warning: No frequencies found for delta (1.0-4.0 Hz) on channel 23
      Warning: No frequencies found for delta (1.0-4.0 Hz) on channel 24
      Warning: No frequencies found for delta (1.0-4.0 Hz) on channel 25
      Warning: No frequencies found for delta (1.0-4.0 Hz) on channel 26
      Warning: No frequencies found for delta (1.0-4.0 Hz) on channel 27
      Warning: No frequencies found for delta (1.0-4.0 Hz) on channel 28
      Warning: No frequencies found for delta (1.0-4.0 Hz) on channel 29
      Warning: No frequencies found for delta (1.0-4.0 Hz) on channel 30
      Warning: No frequencies found for delta (1.0-4.0 Hz) on channel 31
      Warning: No frequencies found for delta (1.0-4.0 Hz) on channel 32
      Warning: No frequencies found for delta (1.0-4.0 Hz) on channel 33
      Warning: No frequencies found for delta (1.0-4.0 Hz) on channel 34
      Warning: No frequencies found for delta (1.0-4.0 Hz) on channel 35
      Warning: No frequencies found for delta (1.0-4.0 Hz) on channel 36
      Warning: No frequencies found for delta (1.0-4.0 Hz) on channel 37
      Warning: No frequencies found for delta (1.0-4.0 Hz) on channel 38
      Warning: No frequencies found for delta (1.0-4.0 Hz) on channel 39
      Warning: No frequencies found for delta (1.0-4.0 Hz) on channel 40
      Warning: No frequencies found for delta (1.0-4.0 Hz) on channel 41
      Warning: No frequencies found for delta (1.0-4.0 Hz) on channel 42
      Warning: No frequencies found for delta (1.0-4.0 Hz) on channel 43
      Warning: No frequencies found for delta (1.0-4.0 Hz) on channel 44
      Warning: No frequencies found for delta (1.0-4.0 Hz) on channel 45
      Warning: No frequencies found for delta (1.0-4.0 Hz) on channel 46
      Warning: No frequencies found for delta (1.0-4.0 Hz) on channel 47
      Warning: No frequencies found for delta (1.0-4.0 Hz) on channel 48
      Warning: No frequencies found for delta (1.0-4.0 Hz) on channel 49
      Warning: No frequencies found for delta (1.0-4.0 Hz) on channel 50
      Warning: No frequencies found for delta (1.0-4.0 Hz) on channel 51
      Warning: No frequencies found for delta (1.0-4.0 Hz) on channel 52
      Warning: No frequencies found for delta (1.0-4.0 Hz) on channel 53
      Warning: No frequencies found for delta (1.0-4.0 Hz) on channel 54
      Warning: No frequencies found for delta (1.0-4.0 Hz) on channel 55
      Warning: No frequencies found for delta (1.0-4.0 Hz) on channel 56
      Warning: No frequencies found for delta (1.0-4.0 Hz) on channel 57
      Warning: No frequencies found for delta (1.0-4.0 Hz) on channel 58
      Warning: No frequencies found for delta (1.0-4.0 Hz) on channel 59
      Warning: No frequencies found for delta (1.0-4.0 Hz) on channel 60
      Warning: No frequencies found for delta (1.0-4.0 Hz) on channel 61
      Warning: No frequencies found for delta (1.0-4.0 Hz) on channel 62
      Warning: No frequencies found for delta (1.0-4.0 Hz) on channel 63
      Warning: No frequencies found for delta (1.0-4.0 Hz) on channel 64
      Warning: No frequencies found for delta (1.0-4.0 Hz) on channel 65
      Warning: No frequencies found for delta (1.0-4.0 Hz) on channel 66
      Warning: No frequencies found for delta (1.0-4.0 Hz) on channel 67
      Warning: No frequencies found for delta (1.0-4.0 Hz) on channel 68
      Warning: No frequencies found for delta (1.0-4.0 Hz) on channel 69
      Warning: No frequencies found for delta (1.0-4.0 Hz) on channel 70
      Warning: No frequencies found for delta (1.0-4.0 Hz) on channel 71
      Warning: No frequencies found for delta (1.0-4.0 Hz) on channel 72
      Warning: No frequencies found for delta (1.0-4.0 Hz) on channel 73
      Warning: No frequencies found for delta (1.0-4.0 Hz) on channel 74
      Warning: No frequencies found for delta (1.0-4.0 Hz) on channel 75
      Warning: No frequencies found for delta (1.0-4.0 Hz) on channel 76
      Warning: No frequencies found for delta (1.0-4.0 Hz) on channel 77
      Warning: No frequencies found for delta (1.0-4.0 Hz) on channel 78
      Warning: No frequencies found for delta (1.0-4.0 Hz) on channel 79
      Warning: No frequencies found for delta (1.0-4.0 Hz) on channel 80
      Warning: No frequencies found for delta (1.0-4.0 Hz) on channel 81
      Warning: No frequencies found for delta (1.0-4.0 Hz) on channel 82
      Warning: No frequencies found for delta (1.0-4.0 Hz) on channel 83
      Warning: No frequencies found for delta (1.0-4.0 Hz) on channel 84
      Warning: No frequencies found for delta (1.0-4.0 Hz) on channel 85
      Warning: No frequencies found for delta (1.0-4.0 Hz) on channel 86
      Warning: No frequencies found for delta (1.0-4.0 Hz) on channel 87
      Warning: No frequencies found for delta (1.0-4.0 Hz) on channel 88
      Warning: No frequencies found for delta (1.0-4.0 Hz) on channel 89
      Warning: No frequencies found for delta (1.0-4.0 Hz) on channel 90
      Warning: No frequencies found for delta (1.0-4.0 Hz) on channel 91
      Warning: No frequencies found for delta (1.0-4.0 Hz) on channel 92
      Warning: No frequencies found for delta (1.0-4.0 Hz) on channel 93
      Warning: No frequencies found for delta (1.0-4.0 Hz) on channel 94
      Warning: No frequencies found for delta (1.0-4.0 Hz) on channel 95
      Warning: No frequencies found for delta (1.0-4.0 Hz) on channel 96
      Warning: No frequencies found for delta (1.0-4.0 Hz) on channel 97
      Warning: No frequencies found for delta (1.0-4.0 Hz) on channel 98
      Warning: No frequencies found for delta (1.0-4.0 Hz) on channel 99
      Warning: No frequencies found for delta (1.0-4.0 Hz) on channel 100
      Warning: No frequencies found for delta (1.0-4.0 Hz) on channel 101
      Warning: No frequencies found for delta (1.0-4.0 Hz) on channel 102
      Warning: No frequencies found for delta (1.0-4.0 Hz) on channel 103
      Warning: No frequencies found for delta (1.0-4.0 Hz) on channel 104
      Warning: No frequencies found for delta (1.0-4.0 Hz) on channel 105
      Warning: No frequencies found for delta (1.0-4.0 Hz) on channel 106
      Warning: No frequencies found for delta (1.0-4.0 Hz) on channel 107
      Warning: No frequencies found for delta (1.0-4.0 Hz) on channel 108
      Warning: No frequencies found for delta (1.0-4.0 Hz) on channel 109
      Warning: No frequencies found for delta (1.0-4.0 Hz) on channel 110
      Warning: No frequencies found for delta (1.0-4.0 Hz) on channel 111
      Warning: No frequencies found for delta (1.0-4.0 Hz) on channel 112
      Warning: No frequencies found for delta (1.0-4.0 Hz) on channel 113
      Warning: No frequencies found for delta (1.0-4.0 Hz) on channel 114
      Warning: No frequencies found for delta (1.0-4.0 Hz) on channel 115
      Warning: No frequencies found for delta (1.0-4.0 Hz) on channel 116
      Warning: No frequencies found for delta (1.0-4.0 Hz) on channel 117
      Warning: No frequencies found for delta (1.0-4.0 Hz) on channel 118
      Warning: No frequencies found for delta (1.0-4.0 Hz) on channel 119
      Warning: No frequencies found for delta (1.0-4.0 Hz) on channel 120
      Warning: No frequencies found for delta (1.0-4.0 Hz) on channel 121
      Warning: No frequencies found for delta (1.0-4.0 Hz) on channel 122
      Warning: No frequencies found for delta (1.0-4.0 Hz) on channel 123
      Warning: No frequencies found for delta (1.0-4.0 Hz) on channel 124
      Warning: No frequencies found for delta (1.0-4.0 Hz) on channel 125
      Warning: No frequencies found for delta (1.0-4.0 Hz) on channel 126
      Warning: No frequencies found for delta (1.0-4.0 Hz) on channel 127
      Warning: No frequencies found for delta (1.0-4.0 Hz) on channel 128
      Warning: No frequencies found for delta (1.0-4.0 Hz) on channel 129
      Warning: No frequencies found for delta (1.0-4.0 Hz) on channel 130
      Warning: No frequencies found for delta (1.0-4.0 Hz) on channel 131
      Warning: No frequencies found for delta (1.0-4.0 Hz) on channel 132
      Warning: No frequencies found for delta (1.0-4.0 Hz) on channel 133
      Warning: No frequencies found for delta (1.0-4.0 Hz) on channel 134
      Warning: No frequencies found for delta (1.0-4.0 Hz) on channel 135
      Warning: No frequencies found for delta (1.0-4.0 Hz) on channel 136
      Warning: No frequencies found for delta (1.0-4.0 Hz) on channel 137
      Warning: No frequencies found for delta (1.0-4.0 Hz) on channel 138
      Warning: No frequencies found for delta (1.0-4.0 Hz) on channel 139
      Warning: No frequencies found for delta (1.0-4.0 Hz) on channel 140
      Warning: No frequencies found for delta (1.0-4.0 Hz) on channel 141
      Warning: No frequencies found for delta (1.0-4.0 Hz) on channel 142
      Warning: No frequencies found for delta (1.0-4.0 Hz) on channel 143
      Warning: No frequencies found for delta (1.0-4.0 Hz) on channel 144
      Warning: No frequencies found for delta (1.0-4.0 Hz) on channel 145
      Warning: No frequencies found for delta (1.0-4.0 Hz) on channel 146
      Warning: No frequencies found for delta (1.0-4.0 Hz) on channel 147
      Warning: No frequencies found for delta (1.0-4.0 Hz) on channel 148
      Warning: No frequencies found for delta (1.0-4.0 Hz) on channel 149
      Warning: No frequencies found for delta (1.0-4.0 Hz) on channel 150
      Warning: No frequencies found for delta (1.0-4.0 Hz) on channel 151
      Warning: No frequencies found for delta (1.0-4.0 Hz) on channel 152
      Warning: No frequencies found for delta (1.0-4.0 Hz) on channel 153
      Warning: No frequencies found for delta (1.0-4.0 Hz) on channel 154
      Warning: No frequencies found for delta (1.0-4.0 Hz) on channel 155
      Warning: No frequencies found for delta (1.0-4.0 Hz) on channel 156
      Warning: No frequencies found for delta (1.0-4.0 Hz) on channel 157
      Warning: No frequencies found for delta (1.0-4.0 Hz) on channel 158
      Warning: No frequencies found for delta (1.0-4.0 Hz) on channel 159
      Warning: No frequencies found for delta (1.0-4.0 Hz) on channel 160
      Warning: No frequencies found for delta (1.0-4.0 Hz) on channel 161
      Warning: No frequencies found for delta (1.0-4.0 Hz) on channel 162
      Warning: No frequencies found for delta (1.0-4.0 Hz) on channel 163
      Warning: No frequencies found for delta (1.0-4.0 Hz) on channel 164
    Chunk 59/63 (93.7%)      Warning: No frequencies found for delta (1.0-4.0 Hz) on channel 0
      Warning: No frequencies found for delta (1.0-4.0 Hz) on channel 1
      Warning: No frequencies found for delta (1.0-4.0 Hz) on channel 2
      Warning: No frequencies found for delta (1.0-4.0 Hz) on channel 3
      Warning: No frequencies found for delta (1.0-4.0 Hz) on channel 4
      Warning: No frequencies found for delta (1.0-4.0 Hz) on channel 5
      Warning: No frequencies found for delta (1.0-4.0 Hz) on channel 6
      Warning: No frequencies found for delta (1.0-4.0 Hz) on channel 7
      Warning: No frequencies found for delta (1.0-4.0 Hz) on channel 8
      Warning: No frequencies found for delta (1.0-4.0 Hz) on channel 9
      Warning: No frequencies found for delta (1.0-4.0 Hz) on channel 10
      Warning: No frequencies found for delta (1.0-4.0 Hz) on channel 11
      Warning: No frequencies found for delta (1.0-4.0 Hz) on channel 12
      Warning: No frequencies found for delta (1.0-4.0 Hz) on channel 13
      Warning: No frequencies found for delta (1.0-4.0 Hz) on channel 14
      Warning: No frequencies found for delta (1.0-4.0 Hz) on channel 15
      Warning: No frequencies found for delta (1.0-4.0 Hz) on channel 16
      Warning: No frequencies found for delta (1.0-4.0 Hz) on channel 17
      Warning: No frequencies found for delta (1.0-4.0 Hz) on channel 18
      Warning: No frequencies found for delta (1.0-4.0 Hz) on channel 19
      Warning: No frequencies found for delta (1.0-4.0 Hz) on channel 20
      Warning: No frequencies found for delta (1.0-4.0 Hz) on channel 21
      Warning: No frequencies found for delta (1.0-4.0 Hz) on channel 22
      Warning: No frequencies found for delta (1.0-4.0 Hz) on channel 23
      Warning: No frequencies found for delta (1.0-4.0 Hz) on channel 24
      Warning: No frequencies found for delta (1.0-4.0 Hz) on channel 25
      Warning: No frequencies found for delta (1.0-4.0 Hz) on channel 26
      Warning: No frequencies found for delta (1.0-4.0 Hz) on channel 27
      Warning: No frequencies found for delta (1.0-4.0 Hz) on channel 28
      Warning: No frequencies found for delta (1.0-4.0 Hz) on channel 29
      Warning: No frequencies found for delta (1.0-4.0 Hz) on channel 30
      Warning: No frequencies found for delta (1.0-4.0 Hz) on channel 31
      Warning: No frequencies found for delta (1.0-4.0 Hz) on channel 32
      Warning: No frequencies found for delta (1.0-4.0 Hz) on channel 33
      Warning: No frequencies found for delta (1.0-4.0 Hz) on channel 34
      Warning: No frequencies found for delta (1.0-4.0 Hz) on channel 35
      Warning: No frequencies found for delta (1.0-4.0 Hz) on channel 36
      Warning: No frequencies found for delta (1.0-4.0 Hz) on channel 37
      Warning: No frequencies found for delta (1.0-4.0 Hz) on channel 38
      Warning: No frequencies found for delta (1.0-4.0 Hz) on channel 39
      Warning: No frequencies found for delta (1.0-4.0 Hz) on channel 40
      Warning: No frequencies found for delta (1.0-4.0 Hz) on channel 41
      Warning: No frequencies found for delta (1.0-4.0 Hz) on channel 42
      Warning: No frequencies found for delta (1.0-4.0 Hz) on channel 43
      Warning: No frequencies found for delta (1.0-4.0 Hz) on channel 44
      Warning: No frequencies found for delta (1.0-4.0 Hz) on channel 45
      Warning: No frequencies found for delta (1.0-4.0 Hz) on channel 46
      Warning: No frequencies found for delta (1.0-4.0 Hz) on channel 47
      Warning: No frequencies found for delta (1.0-4.0 Hz) on channel 48
      Warning: No frequencies found for delta (1.0-4.0 Hz) on channel 49
      Warning: No frequencies found for delta (1.0-4.0 Hz) on channel 50
      Warning: No frequencies found for delta (1.0-4.0 Hz) on channel 51
      Warning: No frequencies found for delta (1.0-4.0 Hz) on channel 52
      Warning: No frequencies found for delta (1.0-4.0 Hz) on channel 53
      Warning: No frequencies found for delta (1.0-4.0 Hz) on channel 54
      Warning: No frequencies found for delta (1.0-4.0 Hz) on channel 55
      Warning: No frequencies found for delta (1.0-4.0 Hz) on channel 56
      Warning: No frequencies found for delta (1.0-4.0 Hz) on channel 57
      Warning: No frequencies found for delta (1.0-4.0 Hz) on channel 58
      Warning: No frequencies found for delta (1.0-4.0 Hz) on channel 59
      Warning: No frequencies found for delta (1.0-4.0 Hz) on channel 60
      Warning: No frequencies found for delta (1.0-4.0 Hz) on channel 61
      Warning: No frequencies found for delta (1.0-4.0 Hz) on channel 62
      Warning: No frequencies found for delta (1.0-4.0 Hz) on channel 63
      Warning: No frequencies found for delta (1.0-4.0 Hz) on channel 64
      Warning: No frequencies found for delta (1.0-4.0 Hz) on channel 65
      Warning: No frequencies found for delta (1.0-4.0 Hz) on channel 66
      Warning: No frequencies found for delta (1.0-4.0 Hz) on channel 67
      Warning: No frequencies found for delta (1.0-4.0 Hz) on channel 68
      Warning: No frequencies found for delta (1.0-4.0 Hz) on channel 69
      Warning: No frequencies found for delta (1.0-4.0 Hz) on channel 70
      Warning: No frequencies found for delta (1.0-4.0 Hz) on channel 71
      Warning: No frequencies found for delta (1.0-4.0 Hz) on channel 72
      Warning: No frequencies found for delta (1.0-4.0 Hz) on channel 73
      Warning: No frequencies found for delta (1.0-4.0 Hz) on channel 74
      Warning: No frequencies found for delta (1.0-4.0 Hz) on channel 75
      Warning: No frequencies found for delta (1.0-4.0 Hz) on channel 76
      Warning: No frequencies found for delta (1.0-4.0 Hz) on channel 77
      Warning: No frequencies found for delta (1.0-4.0 Hz) on channel 78
      Warning: No frequencies found for delta (1.0-4.0 Hz) on channel 79
      Warning: No frequencies found for delta (1.0-4.0 Hz) on channel 80
      Warning: No frequencies found for delta (1.0-4.0 Hz) on channel 81
      Warning: No frequencies found for delta (1.0-4.0 Hz) on channel 82
      Warning: No frequencies found for delta (1.0-4.0 Hz) on channel 83
      Warning: No frequencies found for delta (1.0-4.0 Hz) on channel 84
      Warning: No frequencies found for delta (1.0-4.0 Hz) on channel 85
      Warning: No frequencies found for delta (1.0-4.0 Hz) on channel 86
      Warning: No frequencies found for delta (1.0-4.0 Hz) on channel 87
      Warning: No frequencies found for delta (1.0-4.0 Hz) on channel 88
      Warning: No frequencies found for delta (1.0-4.0 Hz) on channel 89
      Warning: No frequencies found for delta (1.0-4.0 Hz) on channel 90
      Warning: No frequencies found for delta (1.0-4.0 Hz) on channel 91
      Warning: No frequencies found for delta (1.0-4.0 Hz) on channel 92
      Warning: No frequencies found for delta (1.0-4.0 Hz) on channel 93
      Warning: No frequencies found for delta (1.0-4.0 Hz) on channel 94
      Warning: No frequencies found for delta (1.0-4.0 Hz) on channel 95
      Warning: No frequencies found for delta (1.0-4.0 Hz) on channel 96
      Warning: No frequencies found for delta (1.0-4.0 Hz) on channel 97
      Warning: No frequencies found for delta (1.0-4.0 Hz) on channel 98
      Warning: No frequencies found for delta (1.0-4.0 Hz) on channel 99
      Warning: No frequencies found for delta (1.0-4.0 Hz) on channel 100
      Warning: No frequencies found for delta (1.0-4.0 Hz) on channel 101
      Warning: No frequencies found for delta (1.0-4.0 Hz) on channel 102
      Warning: No frequencies found for delta (1.0-4.0 Hz) on channel 103
      Warning: No frequencies found for delta (1.0-4.0 Hz) on channel 104
      Warning: No frequencies found for delta (1.0-4.0 Hz) on channel 105
      Warning: No frequencies found for delta (1.0-4.0 Hz) on channel 106
      Warning: No frequencies found for delta (1.0-4.0 Hz) on channel 107
      Warning: No frequencies found for delta (1.0-4.0 Hz) on channel 108
      Warning: No frequencies found for delta (1.0-4.0 Hz) on channel 109
      Warning: No frequencies found for delta (1.0-4.0 Hz) on channel 110
      Warning: No frequencies found for delta (1.0-4.0 Hz) on channel 111
      Warning: No frequencies found for delta (1.0-4.0 Hz) on channel 112
      Warning: No frequencies found for delta (1.0-4.0 Hz) on channel 113
      Warning: No frequencies found for delta (1.0-4.0 Hz) on channel 114
      Warning: No frequencies found for delta (1.0-4.0 Hz) on channel 115
      Warning: No frequencies found for delta (1.0-4.0 Hz) on channel 116
      Warning: No frequencies found for delta (1.0-4.0 Hz) on channel 117
      Warning: No frequencies found for delta (1.0-4.0 Hz) on channel 118
      Warning: No frequencies found for delta (1.0-4.0 Hz) on channel 119
      Warning: No frequencies found for delta (1.0-4.0 Hz) on channel 120
      Warning: No frequencies found for delta (1.0-4.0 Hz) on channel 121
      Warning: No frequencies found for delta (1.0-4.0 Hz) on channel 122
      Warning: No frequencies found for delta (1.0-4.0 Hz) on channel 123
      Warning: No frequencies found for delta (1.0-4.0 Hz) on channel 124
      Warning: No frequencies found for delta (1.0-4.0 Hz) on channel 125
      Warning: No frequencies found for delta (1.0-4.0 Hz) on channel 126
      Warning: No frequencies found for delta (1.0-4.0 Hz) on channel 127
      Warning: No frequencies found for delta (1.0-4.0 Hz) on channel 128
      Warning: No frequencies found for delta (1.0-4.0 Hz) on channel 129
      Warning: No frequencies found for delta (1.0-4.0 Hz) on channel 130
      Warning: No frequencies found for delta (1.0-4.0 Hz) on channel 131
      Warning: No frequencies found for delta (1.0-4.0 Hz) on channel 132
      Warning: No frequencies found for delta (1.0-4.0 Hz) on channel 133
      Warning: No frequencies found for delta (1.0-4.0 Hz) on channel 134
      Warning: No frequencies found for delta (1.0-4.0 Hz) on channel 135
      Warning: No frequencies found for delta (1.0-4.0 Hz) on channel 136
      Warning: No frequencies found for delta (1.0-4.0 Hz) on channel 137
      Warning: No frequencies found for delta (1.0-4.0 Hz) on channel 138
      Warning: No frequencies found for delta (1.0-4.0 Hz) on channel 139
      Warning: No frequencies found for delta (1.0-4.0 Hz) on channel 140
      Warning: No frequencies found for delta (1.0-4.0 Hz) on channel 141
      Warning: No frequencies found for delta (1.0-4.0 Hz) on channel 142
      Warning: No frequencies found for delta (1.0-4.0 Hz) on channel 143
      Warning: No frequencies found for delta (1.0-4.0 Hz) on channel 144
      Warning: No frequencies found for delta (1.0-4.0 Hz) on channel 145
      Warning: No frequencies found for delta (1.0-4.0 Hz) on channel 146
      Warning: No frequencies found for delta (1.0-4.0 Hz) on channel 147
      Warning: No frequencies found for delta (1.0-4.0 Hz) on channel 148
      Warning: No frequencies found for delta (1.0-4.0 Hz) on channel 149
      Warning: No frequencies found for delta (1.0-4.0 Hz) on channel 150
      Warning: No frequencies found for delta (1.0-4.0 Hz) on channel 151
      Warning: No frequencies found for delta (1.0-4.0 Hz) on channel 152
      Warning: No frequencies found for delta (1.0-4.0 Hz) on channel 153
      Warning: No frequencies found for delta (1.0-4.0 Hz) on channel 154
      Warning: No frequencies found for delta (1.0-4.0 Hz) on channel 155
      Warning: No frequencies found for delta (1.0-4.0 Hz) on channel 156
      Warning: No frequencies found for delta (1.0-4.0 Hz) on channel 157
      Warning: No frequencies found for delta (1.0-4.0 Hz) on channel 158
      Warning: No frequencies found for delta (1.0-4.0 Hz) on channel 159
      Warning: No frequencies found for delta (1.0-4.0 Hz) on channel 160
      Warning: No frequencies found for delta (1.0-4.0 Hz) on channel 161
      Warning: No frequencies found for delta (1.0-4.0 Hz) on channel 162
      Warning: No frequencies found for delta (1.0-4.0 Hz) on channel 163
      Warning: No frequencies found for delta (1.0-4.0 Hz) on channel 164
    Chunk 60/63 (95.2%)      Warning: No frequencies found for delta (1.0-4.0 Hz) on channel 0
      Warning: No frequencies found for delta (1.0-4.0 Hz) on channel 1
      Warning: No frequencies found for delta (1.0-4.0 Hz) on channel 2
      Warning: No frequencies found for delta (1.0-4.0 Hz) on channel 3
      Warning: No frequencies found for delta (1.0-4.0 Hz) on channel 4
      Warning: No frequencies found for delta (1.0-4.0 Hz) on channel 5
      Warning: No frequencies found for delta (1.0-4.0 Hz) on channel 6
      Warning: No frequencies found for delta (1.0-4.0 Hz) on channel 7
      Warning: No frequencies found for delta (1.0-4.0 Hz) on channel 8
      Warning: No frequencies found for delta (1.0-4.0 Hz) on channel 9
      Warning: No frequencies found for delta (1.0-4.0 Hz) on channel 10
      Warning: No frequencies found for delta (1.0-4.0 Hz) on channel 11
      Warning: No frequencies found for delta (1.0-4.0 Hz) on channel 12
      Warning: No frequencies found for delta (1.0-4.0 Hz) on channel 13
      Warning: No frequencies found for delta (1.0-4.0 Hz) on channel 14
      Warning: No frequencies found for delta (1.0-4.0 Hz) on channel 15
      Warning: No frequencies found for delta (1.0-4.0 Hz) on channel 16
      Warning: No frequencies found for delta (1.0-4.0 Hz) on channel 17
      Warning: No frequencies found for delta (1.0-4.0 Hz) on channel 18
      Warning: No frequencies found for delta (1.0-4.0 Hz) on channel 19
      Warning: No frequencies found for delta (1.0-4.0 Hz) on channel 20
      Warning: No frequencies found for delta (1.0-4.0 Hz) on channel 21
      Warning: No frequencies found for delta (1.0-4.0 Hz) on channel 22
      Warning: No frequencies found for delta (1.0-4.0 Hz) on channel 23
      Warning: No frequencies found for delta (1.0-4.0 Hz) on channel 24
      Warning: No frequencies found for delta (1.0-4.0 Hz) on channel 25
      Warning: No frequencies found for delta (1.0-4.0 Hz) on channel 26
      Warning: No frequencies found for delta (1.0-4.0 Hz) on channel 27
      Warning: No frequencies found for delta (1.0-4.0 Hz) on channel 28
      Warning: No frequencies found for delta (1.0-4.0 Hz) on channel 29
      Warning: No frequencies found for delta (1.0-4.0 Hz) on channel 30
      Warning: No frequencies found for delta (1.0-4.0 Hz) on channel 31
      Warning: No frequencies found for delta (1.0-4.0 Hz) on channel 32
      Warning: No frequencies found for delta (1.0-4.0 Hz) on channel 33
      Warning: No frequencies found for delta (1.0-4.0 Hz) on channel 34
      Warning: No frequencies found for delta (1.0-4.0 Hz) on channel 35
      Warning: No frequencies found for delta (1.0-4.0 Hz) on channel 36
      Warning: No frequencies found for delta (1.0-4.0 Hz) on channel 37
      Warning: No frequencies found for delta (1.0-4.0 Hz) on channel 38
      Warning: No frequencies found for delta (1.0-4.0 Hz) on channel 39
      Warning: No frequencies found for delta (1.0-4.0 Hz) on channel 40
      Warning: No frequencies found for delta (1.0-4.0 Hz) on channel 41
      Warning: No frequencies found for delta (1.0-4.0 Hz) on channel 42
      Warning: No frequencies found for delta (1.0-4.0 Hz) on channel 43
      Warning: No frequencies found for delta (1.0-4.0 Hz) on channel 44
      Warning: No frequencies found for delta (1.0-4.0 Hz) on channel 45
      Warning: No frequencies found for delta (1.0-4.0 Hz) on channel 46
      Warning: No frequencies found for delta (1.0-4.0 Hz) on channel 47
      Warning: No frequencies found for delta (1.0-4.0 Hz) on channel 48
      Warning: No frequencies found for delta (1.0-4.0 Hz) on channel 49
      Warning: No frequencies found for delta (1.0-4.0 Hz) on channel 50
      Warning: No frequencies found for delta (1.0-4.0 Hz) on channel 51
      Warning: No frequencies found for delta (1.0-4.0 Hz) on channel 52
      Warning: No frequencies found for delta (1.0-4.0 Hz) on channel 53
      Warning: No frequencies found for delta (1.0-4.0 Hz) on channel 54
      Warning: No frequencies found for delta (1.0-4.0 Hz) on channel 55
      Warning: No frequencies found for delta (1.0-4.0 Hz) on channel 56
      Warning: No frequencies found for delta (1.0-4.0 Hz) on channel 57
      Warning: No frequencies found for delta (1.0-4.0 Hz) on channel 58
      Warning: No frequencies found for delta (1.0-4.0 Hz) on channel 59
      Warning: No frequencies found for delta (1.0-4.0 Hz) on channel 60
      Warning: No frequencies found for delta (1.0-4.0 Hz) on channel 61
      Warning: No frequencies found for delta (1.0-4.0 Hz) on channel 62
      Warning: No frequencies found for delta (1.0-4.0 Hz) on channel 63
      Warning: No frequencies found for delta (1.0-4.0 Hz) on channel 64
      Warning: No frequencies found for delta (1.0-4.0 Hz) on channel 65
      Warning: No frequencies found for delta (1.0-4.0 Hz) on channel 66
      Warning: No frequencies found for delta (1.0-4.0 Hz) on channel 67
      Warning: No frequencies found for delta (1.0-4.0 Hz) on channel 68
      Warning: No frequencies found for delta (1.0-4.0 Hz) on channel 69
      Warning: No frequencies found for delta (1.0-4.0 Hz) on channel 70
      Warning: No frequencies found for delta (1.0-4.0 Hz) on channel 71
      Warning: No frequencies found for delta (1.0-4.0 Hz) on channel 72
      Warning: No frequencies found for delta (1.0-4.0 Hz) on channel 73
      Warning: No frequencies found for delta (1.0-4.0 Hz) on channel 74
      Warning: No frequencies found for delta (1.0-4.0 Hz) on channel 75
      Warning: No frequencies found for delta (1.0-4.0 Hz) on channel 76
      Warning: No frequencies found for delta (1.0-4.0 Hz) on channel 77
      Warning: No frequencies found for delta (1.0-4.0 Hz) on channel 78
      Warning: No frequencies found for delta (1.0-4.0 Hz) on channel 79
      Warning: No frequencies found for delta (1.0-4.0 Hz) on channel 80
      Warning: No frequencies found for delta (1.0-4.0 Hz) on channel 81
      Warning: No frequencies found for delta (1.0-4.0 Hz) on channel 82
      Warning: No frequencies found for delta (1.0-4.0 Hz) on channel 83
      Warning: No frequencies found for delta (1.0-4.0 Hz) on channel 84
      Warning: No frequencies found for delta (1.0-4.0 Hz) on channel 85
      Warning: No frequencies found for delta (1.0-4.0 Hz) on channel 86
      Warning: No frequencies found for delta (1.0-4.0 Hz) on channel 87
      Warning: No frequencies found for delta (1.0-4.0 Hz) on channel 88
      Warning: No frequencies found for delta (1.0-4.0 Hz) on channel 89
      Warning: No frequencies found for delta (1.0-4.0 Hz) on channel 90
      Warning: No frequencies found for delta (1.0-4.0 Hz) on channel 91
      Warning: No frequencies found for delta (1.0-4.0 Hz) on channel 92
      Warning: No frequencies found for delta (1.0-4.0 Hz) on channel 93
      Warning: No frequencies found for delta (1.0-4.0 Hz) on channel 94
      Warning: No frequencies found for delta (1.0-4.0 Hz) on channel 95
      Warning: No frequencies found for delta (1.0-4.0 Hz) on channel 96
      Warning: No frequencies found for delta (1.0-4.0 Hz) on channel 97
      Warning: No frequencies found for delta (1.0-4.0 Hz) on channel 98
      Warning: No frequencies found for delta (1.0-4.0 Hz) on channel 99
      Warning: No frequencies found for delta (1.0-4.0 Hz) on channel 100
      Warning: No frequencies found for delta (1.0-4.0 Hz) on channel 101
      Warning: No frequencies found for delta (1.0-4.0 Hz) on channel 102
      Warning: No frequencies found for delta (1.0-4.0 Hz) on channel 103
      Warning: No frequencies found for delta (1.0-4.0 Hz) on channel 104
      Warning: No frequencies found for delta (1.0-4.0 Hz) on channel 105
      Warning: No frequencies found for delta (1.0-4.0 Hz) on channel 106
      Warning: No frequencies found for delta (1.0-4.0 Hz) on channel 107
      Warning: No frequencies found for delta (1.0-4.0 Hz) on channel 108
      Warning: No frequencies found for delta (1.0-4.0 Hz) on channel 109
      Warning: No frequencies found for delta (1.0-4.0 Hz) on channel 110
      Warning: No frequencies found for delta (1.0-4.0 Hz) on channel 111
      Warning: No frequencies found for delta (1.0-4.0 Hz) on channel 112
      Warning: No frequencies found for delta (1.0-4.0 Hz) on channel 113
      Warning: No frequencies found for delta (1.0-4.0 Hz) on channel 114
      Warning: No frequencies found for delta (1.0-4.0 Hz) on channel 115
      Warning: No frequencies found for delta (1.0-4.0 Hz) on channel 116
      Warning: No frequencies found for delta (1.0-4.0 Hz) on channel 117
      Warning: No frequencies found for delta (1.0-4.0 Hz) on channel 118
      Warning: No frequencies found for delta (1.0-4.0 Hz) on channel 119
      Warning: No frequencies found for delta (1.0-4.0 Hz) on channel 120
      Warning: No frequencies found for delta (1.0-4.0 Hz) on channel 121
      Warning: No frequencies found for delta (1.0-4.0 Hz) on channel 122
      Warning: No frequencies found for delta (1.0-4.0 Hz) on channel 123
      Warning: No frequencies found for delta (1.0-4.0 Hz) on channel 124
      Warning: No frequencies found for delta (1.0-4.0 Hz) on channel 125
      Warning: No frequencies found for delta (1.0-4.0 Hz) on channel 126
      Warning: No frequencies found for delta (1.0-4.0 Hz) on channel 127
      Warning: No frequencies found for delta (1.0-4.0 Hz) on channel 128
      Warning: No frequencies found for delta (1.0-4.0 Hz) on channel 129
      Warning: No frequencies found for delta (1.0-4.0 Hz) on channel 130
      Warning: No frequencies found for delta (1.0-4.0 Hz) on channel 131
      Warning: No frequencies found for delta (1.0-4.0 Hz) on channel 132
      Warning: No frequencies found for delta (1.0-4.0 Hz) on channel 133
      Warning: No frequencies found for delta (1.0-4.0 Hz) on channel 134
      Warning: No frequencies found for delta (1.0-4.0 Hz) on channel 135
      Warning: No frequencies found for delta (1.0-4.0 Hz) on channel 136
      Warning: No frequencies found for delta (1.0-4.0 Hz) on channel 137
      Warning: No frequencies found for delta (1.0-4.0 Hz) on channel 138
      Warning: No frequencies found for delta (1.0-4.0 Hz) on channel 139
      Warning: No frequencies found for delta (1.0-4.0 Hz) on channel 140
      Warning: No frequencies found for delta (1.0-4.0 Hz) on channel 141
      Warning: No frequencies found for delta (1.0-4.0 Hz) on channel 142
      Warning: No frequencies found for delta (1.0-4.0 Hz) on channel 143
      Warning: No frequencies found for delta (1.0-4.0 Hz) on channel 144
      Warning: No frequencies found for delta (1.0-4.0 Hz) on channel 145
      Warning: No frequencies found for delta (1.0-4.0 Hz) on channel 146
      Warning: No frequencies found for delta (1.0-4.0 Hz) on channel 147
      Warning: No frequencies found for delta (1.0-4.0 Hz) on channel 148
      Warning: No frequencies found for delta (1.0-4.0 Hz) on channel 149
      Warning: No frequencies found for delta (1.0-4.0 Hz) on channel 150
      Warning: No frequencies found for delta (1.0-4.0 Hz) on channel 151
      Warning: No frequencies found for delta (1.0-4.0 Hz) on channel 152
      Warning: No frequencies found for delta (1.0-4.0 Hz) on channel 153
      Warning: No frequencies found for delta (1.0-4.0 Hz) on channel 154
      Warning: No frequencies found for delta (1.0-4.0 Hz) on channel 155
      Warning: No frequencies found for delta (1.0-4.0 Hz) on channel 156
      Warning: No frequencies found for delta (1.0-4.0 Hz) on channel 157
      Warning: No frequencies found for delta (1.0-4.0 Hz) on channel 158
      Warning: No frequencies found for delta (1.0-4.0 Hz) on channel 159
      Warning: No frequencies found for delta (1.0-4.0 Hz) on channel 160
      Warning: No frequencies found for delta (1.0-4.0 Hz) on channel 161
      Warning: No frequencies found for delta (1.0-4.0 Hz) on channel 162
      Warning: No frequencies found for delta (1.0-4.0 Hz) on channel 163
      Warning: No frequencies found for delta (1.0-4.0 Hz) on channel 164
    Chunk 61/63 (96.8%)      Warning: No frequencies found for delta (1.0-4.0 Hz) on channel 0
      Warning: No frequencies found for delta (1.0-4.0 Hz) on channel 1
      Warning: No frequencies found for delta (1.0-4.0 Hz) on channel 2
      Warning: No frequencies found for delta (1.0-4.0 Hz) on channel 3
      Warning: No frequencies found for delta (1.0-4.0 Hz) on channel 4
      Warning: No frequencies found for delta (1.0-4.0 Hz) on channel 5
      Warning: No frequencies found for delta (1.0-4.0 Hz) on channel 6
      Warning: No frequencies found for delta (1.0-4.0 Hz) on channel 7
      Warning: No frequencies found for delta (1.0-4.0 Hz) on channel 8
      Warning: No frequencies found for delta (1.0-4.0 Hz) on channel 9
      Warning: No frequencies found for delta (1.0-4.0 Hz) on channel 10
      Warning: No frequencies found for delta (1.0-4.0 Hz) on channel 11
      Warning: No frequencies found for delta (1.0-4.0 Hz) on channel 12
      Warning: No frequencies found for delta (1.0-4.0 Hz) on channel 13
      Warning: No frequencies found for delta (1.0-4.0 Hz) on channel 14
      Warning: No frequencies found for delta (1.0-4.0 Hz) on channel 15
      Warning: No frequencies found for delta (1.0-4.0 Hz) on channel 16
      Warning: No frequencies found for delta (1.0-4.0 Hz) on channel 17
      Warning: No frequencies found for delta (1.0-4.0 Hz) on channel 18
      Warning: No frequencies found for delta (1.0-4.0 Hz) on channel 19
      Warning: No frequencies found for delta (1.0-4.0 Hz) on channel 20
      Warning: No frequencies found for delta (1.0-4.0 Hz) on channel 21
      Warning: No frequencies found for delta (1.0-4.0 Hz) on channel 22
      Warning: No frequencies found for delta (1.0-4.0 Hz) on channel 23
      Warning: No frequencies found for delta (1.0-4.0 Hz) on channel 24
      Warning: No frequencies found for delta (1.0-4.0 Hz) on channel 25
      Warning: No frequencies found for delta (1.0-4.0 Hz) on channel 26
      Warning: No frequencies found for delta (1.0-4.0 Hz) on channel 27
      Warning: No frequencies found for delta (1.0-4.0 Hz) on channel 28
      Warning: No frequencies found for delta (1.0-4.0 Hz) on channel 29
      Warning: No frequencies found for delta (1.0-4.0 Hz) on channel 30
      Warning: No frequencies found for delta (1.0-4.0 Hz) on channel 31
      Warning: No frequencies found for delta (1.0-4.0 Hz) on channel 32
      Warning: No frequencies found for delta (1.0-4.0 Hz) on channel 33
      Warning: No frequencies found for delta (1.0-4.0 Hz) on channel 34
      Warning: No frequencies found for delta (1.0-4.0 Hz) on channel 35
      Warning: No frequencies found for delta (1.0-4.0 Hz) on channel 36
      Warning: No frequencies found for delta (1.0-4.0 Hz) on channel 37
      Warning: No frequencies found for delta (1.0-4.0 Hz) on channel 38
      Warning: No frequencies found for delta (1.0-4.0 Hz) on channel 39
      Warning: No frequencies found for delta (1.0-4.0 Hz) on channel 40
      Warning: No frequencies found for delta (1.0-4.0 Hz) on channel 41
      Warning: No frequencies found for delta (1.0-4.0 Hz) on channel 42
      Warning: No frequencies found for delta (1.0-4.0 Hz) on channel 43
      Warning: No frequencies found for delta (1.0-4.0 Hz) on channel 44
      Warning: No frequencies found for delta (1.0-4.0 Hz) on channel 45
      Warning: No frequencies found for delta (1.0-4.0 Hz) on channel 46
      Warning: No frequencies found for delta (1.0-4.0 Hz) on channel 47
      Warning: No frequencies found for delta (1.0-4.0 Hz) on channel 48
      Warning: No frequencies found for delta (1.0-4.0 Hz) on channel 49
      Warning: No frequencies found for delta (1.0-4.0 Hz) on channel 50
      Warning: No frequencies found for delta (1.0-4.0 Hz) on channel 51
      Warning: No frequencies found for delta (1.0-4.0 Hz) on channel 52
      Warning: No frequencies found for delta (1.0-4.0 Hz) on channel 53
      Warning: No frequencies found for delta (1.0-4.0 Hz) on channel 54
      Warning: No frequencies found for delta (1.0-4.0 Hz) on channel 55
      Warning: No frequencies found for delta (1.0-4.0 Hz) on channel 56
      Warning: No frequencies found for delta (1.0-4.0 Hz) on channel 57
      Warning: No frequencies found for delta (1.0-4.0 Hz) on channel 58
      Warning: No frequencies found for delta (1.0-4.0 Hz) on channel 59
      Warning: No frequencies found for delta (1.0-4.0 Hz) on channel 60
      Warning: No frequencies found for delta (1.0-4.0 Hz) on channel 61
      Warning: No frequencies found for delta (1.0-4.0 Hz) on channel 62
      Warning: No frequencies found for delta (1.0-4.0 Hz) on channel 63
      Warning: No frequencies found for delta (1.0-4.0 Hz) on channel 64
      Warning: No frequencies found for delta (1.0-4.0 Hz) on channel 65
      Warning: No frequencies found for delta (1.0-4.0 Hz) on channel 66
      Warning: No frequencies found for delta (1.0-4.0 Hz) on channel 67
      Warning: No frequencies found for delta (1.0-4.0 Hz) on channel 68
      Warning: No frequencies found for delta (1.0-4.0 Hz) on channel 69
      Warning: No frequencies found for delta (1.0-4.0 Hz) on channel 70
      Warning: No frequencies found for delta (1.0-4.0 Hz) on channel 71
      Warning: No frequencies found for delta (1.0-4.0 Hz) on channel 72
      Warning: No frequencies found for delta (1.0-4.0 Hz) on channel 73
      Warning: No frequencies found for delta (1.0-4.0 Hz) on channel 74
      Warning: No frequencies found for delta (1.0-4.0 Hz) on channel 75
      Warning: No frequencies found for delta (1.0-4.0 Hz) on channel 76
      Warning: No frequencies found for delta (1.0-4.0 Hz) on channel 77
      Warning: No frequencies found for delta (1.0-4.0 Hz) on channel 78
      Warning: No frequencies found for delta (1.0-4.0 Hz) on channel 79
      Warning: No frequencies found for delta (1.0-4.0 Hz) on channel 80
      Warning: No frequencies found for delta (1.0-4.0 Hz) on channel 81
      Warning: No frequencies found for delta (1.0-4.0 Hz) on channel 82
      Warning: No frequencies found for delta (1.0-4.0 Hz) on channel 83
      Warning: No frequencies found for delta (1.0-4.0 Hz) on channel 84
      Warning: No frequencies found for delta (1.0-4.0 Hz) on channel 85
      Warning: No frequencies found for delta (1.0-4.0 Hz) on channel 86
      Warning: No frequencies found for delta (1.0-4.0 Hz) on channel 87
      Warning: No frequencies found for delta (1.0-4.0 Hz) on channel 88
      Warning: No frequencies found for delta (1.0-4.0 Hz) on channel 89
      Warning: No frequencies found for delta (1.0-4.0 Hz) on channel 90
      Warning: No frequencies found for delta (1.0-4.0 Hz) on channel 91
      Warning: No frequencies found for delta (1.0-4.0 Hz) on channel 92
      Warning: No frequencies found for delta (1.0-4.0 Hz) on channel 93
      Warning: No frequencies found for delta (1.0-4.0 Hz) on channel 94
      Warning: No frequencies found for delta (1.0-4.0 Hz) on channel 95
      Warning: No frequencies found for delta (1.0-4.0 Hz) on channel 96
      Warning: No frequencies found for delta (1.0-4.0 Hz) on channel 97
      Warning: No frequencies found for delta (1.0-4.0 Hz) on channel 98
      Warning: No frequencies found for delta (1.0-4.0 Hz) on channel 99
      Warning: No frequencies found for delta (1.0-4.0 Hz) on channel 100
      Warning: No frequencies found for delta (1.0-4.0 Hz) on channel 101
      Warning: No frequencies found for delta (1.0-4.0 Hz) on channel 102
      Warning: No frequencies found for delta (1.0-4.0 Hz) on channel 103
      Warning: No frequencies found for delta (1.0-4.0 Hz) on channel 104
      Warning: No frequencies found for delta (1.0-4.0 Hz) on channel 105
      Warning: No frequencies found for delta (1.0-4.0 Hz) on channel 106
      Warning: No frequencies found for delta (1.0-4.0 Hz) on channel 107
      Warning: No frequencies found for delta (1.0-4.0 Hz) on channel 108
      Warning: No frequencies found for delta (1.0-4.0 Hz) on channel 109
      Warning: No frequencies found for delta (1.0-4.0 Hz) on channel 110
      Warning: No frequencies found for delta (1.0-4.0 Hz) on channel 111
      Warning: No frequencies found for delta (1.0-4.0 Hz) on channel 112
      Warning: No frequencies found for delta (1.0-4.0 Hz) on channel 113
      Warning: No frequencies found for delta (1.0-4.0 Hz) on channel 114
      Warning: No frequencies found for delta (1.0-4.0 Hz) on channel 115
      Warning: No frequencies found for delta (1.0-4.0 Hz) on channel 116
      Warning: No frequencies found for delta (1.0-4.0 Hz) on channel 117
      Warning: No frequencies found for delta (1.0-4.0 Hz) on channel 118
      Warning: No frequencies found for delta (1.0-4.0 Hz) on channel 119
      Warning: No frequencies found for delta (1.0-4.0 Hz) on channel 120
      Warning: No frequencies found for delta (1.0-4.0 Hz) on channel 121
      Warning: No frequencies found for delta (1.0-4.0 Hz) on channel 122
      Warning: No frequencies found for delta (1.0-4.0 Hz) on channel 123
      Warning: No frequencies found for delta (1.0-4.0 Hz) on channel 124
      Warning: No frequencies found for delta (1.0-4.0 Hz) on channel 125
      Warning: No frequencies found for delta (1.0-4.0 Hz) on channel 126
      Warning: No frequencies found for delta (1.0-4.0 Hz) on channel 127
      Warning: No frequencies found for delta (1.0-4.0 Hz) on channel 128
      Warning: No frequencies found for delta (1.0-4.0 Hz) on channel 129
      Warning: No frequencies found for delta (1.0-4.0 Hz) on channel 130
      Warning: No frequencies found for delta (1.0-4.0 Hz) on channel 131
      Warning: No frequencies found for delta (1.0-4.0 Hz) on channel 132
      Warning: No frequencies found for delta (1.0-4.0 Hz) on channel 133
      Warning: No frequencies found for delta (1.0-4.0 Hz) on channel 134
      Warning: No frequencies found for delta (1.0-4.0 Hz) on channel 135
      Warning: No frequencies found for delta (1.0-4.0 Hz) on channel 136
      Warning: No frequencies found for delta (1.0-4.0 Hz) on channel 137
      Warning: No frequencies found for delta (1.0-4.0 Hz) on channel 138
      Warning: No frequencies found for delta (1.0-4.0 Hz) on channel 139
      Warning: No frequencies found for delta (1.0-4.0 Hz) on channel 140
      Warning: No frequencies found for delta (1.0-4.0 Hz) on channel 141
      Warning: No frequencies found for delta (1.0-4.0 Hz) on channel 142
      Warning: No frequencies found for delta (1.0-4.0 Hz) on channel 143
      Warning: No frequencies found for delta (1.0-4.0 Hz) on channel 144
      Warning: No frequencies found for delta (1.0-4.0 Hz) on channel 145
      Warning: No frequencies found for delta (1.0-4.0 Hz) on channel 146
      Warning: No frequencies found for delta (1.0-4.0 Hz) on channel 147
      Warning: No frequencies found for delta (1.0-4.0 Hz) on channel 148
      Warning: No frequencies found for delta (1.0-4.0 Hz) on channel 149
      Warning: No frequencies found for delta (1.0-4.0 Hz) on channel 150
      Warning: No frequencies found for delta (1.0-4.0 Hz) on channel 151
      Warning: No frequencies found for delta (1.0-4.0 Hz) on channel 152
      Warning: No frequencies found for delta (1.0-4.0 Hz) on channel 153
      Warning: No frequencies found for delta (1.0-4.0 Hz) on channel 154
      Warning: No frequencies found for delta (1.0-4.0 Hz) on channel 155
      Warning: No frequencies found for delta (1.0-4.0 Hz) on channel 156
      Warning: No frequencies found for delta (1.0-4.0 Hz) on channel 157
      Warning: No frequencies found for delta (1.0-4.0 Hz) on channel 158
      Warning: No frequencies found for delta (1.0-4.0 Hz) on channel 159
      Warning: No frequencies found for delta (1.0-4.0 Hz) on channel 160
      Warning: No frequencies found for delta (1.0-4.0 Hz) on channel 161
      Warning: No frequencies found for delta (1.0-4.0 Hz) on channel 162
      Warning: No frequencies found for delta (1.0-4.0 Hz) on channel 163
      Warning: No frequencies found for delta (1.0-4.0 Hz) on channel 164
    Chunk 62/63 (98.4%)      Warning: No frequencies found for delta (1.0-4.0 Hz) on channel 0
      Warning: No frequencies found for delta (1.0-4.0 Hz) on channel 1
      Warning: No frequencies found for delta (1.0-4.0 Hz) on channel 2
      Warning: No frequencies found for delta (1.0-4.0 Hz) on channel 3
      Warning: No frequencies found for delta (1.0-4.0 Hz) on channel 4
      Warning: No frequencies found for delta (1.0-4.0 Hz) on channel 5
      Warning: No frequencies found for delta (1.0-4.0 Hz) on channel 6
      Warning: No frequencies found for delta (1.0-4.0 Hz) on channel 7
      Warning: No frequencies found for delta (1.0-4.0 Hz) on channel 8
      Warning: No frequencies found for delta (1.0-4.0 Hz) on channel 9
      Warning: No frequencies found for delta (1.0-4.0 Hz) on channel 10
      Warning: No frequencies found for delta (1.0-4.0 Hz) on channel 11
      Warning: No frequencies found for delta (1.0-4.0 Hz) on channel 12
      Warning: No frequencies found for delta (1.0-4.0 Hz) on channel 13
      Warning: No frequencies found for delta (1.0-4.0 Hz) on channel 14
      Warning: No frequencies found for delta (1.0-4.0 Hz) on channel 15
      Warning: No frequencies found for delta (1.0-4.0 Hz) on channel 16
      Warning: No frequencies found for delta (1.0-4.0 Hz) on channel 17
      Warning: No frequencies found for delta (1.0-4.0 Hz) on channel 18
      Warning: No frequencies found for delta (1.0-4.0 Hz) on channel 19
      Warning: No frequencies found for delta (1.0-4.0 Hz) on channel 20
      Warning: No frequencies found for delta (1.0-4.0 Hz) on channel 21
      Warning: No frequencies found for delta (1.0-4.0 Hz) on channel 22
      Warning: No frequencies found for delta (1.0-4.0 Hz) on channel 23
      Warning: No frequencies found for delta (1.0-4.0 Hz) on channel 24
      Warning: No frequencies found for delta (1.0-4.0 Hz) on channel 25
      Warning: No frequencies found for delta (1.0-4.0 Hz) on channel 26
      Warning: No frequencies found for delta (1.0-4.0 Hz) on channel 27
      Warning: No frequencies found for delta (1.0-4.0 Hz) on channel 28
      Warning: No frequencies found for delta (1.0-4.0 Hz) on channel 29
      Warning: No frequencies found for delta (1.0-4.0 Hz) on channel 30
      Warning: No frequencies found for delta (1.0-4.0 Hz) on channel 31
      Warning: No frequencies found for delta (1.0-4.0 Hz) on channel 32
      Warning: No frequencies found for delta (1.0-4.0 Hz) on channel 33
      Warning: No frequencies found for delta (1.0-4.0 Hz) on channel 34
      Warning: No frequencies found for delta (1.0-4.0 Hz) on channel 35
      Warning: No frequencies found for delta (1.0-4.0 Hz) on channel 36
      Warning: No frequencies found for delta (1.0-4.0 Hz) on channel 37
      Warning: No frequencies found for delta (1.0-4.0 Hz) on channel 38
      Warning: No frequencies found for delta (1.0-4.0 Hz) on channel 39
      Warning: No frequencies found for delta (1.0-4.0 Hz) on channel 40
      Warning: No frequencies found for delta (1.0-4.0 Hz) on channel 41
      Warning: No frequencies found for delta (1.0-4.0 Hz) on channel 42
      Warning: No frequencies found for delta (1.0-4.0 Hz) on channel 43
      Warning: No frequencies found for delta (1.0-4.0 Hz) on channel 44
      Warning: No frequencies found for delta (1.0-4.0 Hz) on channel 45
      Warning: No frequencies found for delta (1.0-4.0 Hz) on channel 46
      Warning: No frequencies found for delta (1.0-4.0 Hz) on channel 47
      Warning: No frequencies found for delta (1.0-4.0 Hz) on channel 48
      Warning: No frequencies found for delta (1.0-4.0 Hz) on channel 49
      Warning: No frequencies found for delta (1.0-4.0 Hz) on channel 50
      Warning: No frequencies found for delta (1.0-4.0 Hz) on channel 51
      Warning: No frequencies found for delta (1.0-4.0 Hz) on channel 52
      Warning: No frequencies found for delta (1.0-4.0 Hz) on channel 53
      Warning: No frequencies found for delta (1.0-4.0 Hz) on channel 54
      Warning: No frequencies found for delta (1.0-4.0 Hz) on channel 55
      Warning: No frequencies found for delta (1.0-4.0 Hz) on channel 56
      Warning: No frequencies found for delta (1.0-4.0 Hz) on channel 57
      Warning: No frequencies found for delta (1.0-4.0 Hz) on channel 58
      Warning: No frequencies found for delta (1.0-4.0 Hz) on channel 59
      Warning: No frequencies found for delta (1.0-4.0 Hz) on channel 60
      Warning: No frequencies found for delta (1.0-4.0 Hz) on channel 61
      Warning: No frequencies found for delta (1.0-4.0 Hz) on channel 62
      Warning: No frequencies found for delta (1.0-4.0 Hz) on channel 63
      Warning: No frequencies found for delta (1.0-4.0 Hz) on channel 64
      Warning: No frequencies found for delta (1.0-4.0 Hz) on channel 65
      Warning: No frequencies found for delta (1.0-4.0 Hz) on channel 66
      Warning: No frequencies found for delta (1.0-4.0 Hz) on channel 67
      Warning: No frequencies found for delta (1.0-4.0 Hz) on channel 68
      Warning: No frequencies found for delta (1.0-4.0 Hz) on channel 69
      Warning: No frequencies found for delta (1.0-4.0 Hz) on channel 70
      Warning: No frequencies found for delta (1.0-4.0 Hz) on channel 71
      Warning: No frequencies found for delta (1.0-4.0 Hz) on channel 72
      Warning: No frequencies found for delta (1.0-4.0 Hz) on channel 73
      Warning: No frequencies found for delta (1.0-4.0 Hz) on channel 74
      Warning: No frequencies found for delta (1.0-4.0 Hz) on channel 75
      Warning: No frequencies found for delta (1.0-4.0 Hz) on channel 76
      Warning: No frequencies found for delta (1.0-4.0 Hz) on channel 77
      Warning: No frequencies found for delta (1.0-4.0 Hz) on channel 78
      Warning: No frequencies found for delta (1.0-4.0 Hz) on channel 79
      Warning: No frequencies found for delta (1.0-4.0 Hz) on channel 80
      Warning: No frequencies found for delta (1.0-4.0 Hz) on channel 81
      Warning: No frequencies found for delta (1.0-4.0 Hz) on channel 82
      Warning: No frequencies found for delta (1.0-4.0 Hz) on channel 83
      Warning: No frequencies found for delta (1.0-4.0 Hz) on channel 84
      Warning: No frequencies found for delta (1.0-4.0 Hz) on channel 85
      Warning: No frequencies found for delta (1.0-4.0 Hz) on channel 86
      Warning: No frequencies found for delta (1.0-4.0 Hz) on channel 87
      Warning: No frequencies found for delta (1.0-4.0 Hz) on channel 88
      Warning: No frequencies found for delta (1.0-4.0 Hz) on channel 89
      Warning: No frequencies found for delta (1.0-4.0 Hz) on channel 90
      Warning: No frequencies found for delta (1.0-4.0 Hz) on channel 91
      Warning: No frequencies found for delta (1.0-4.0 Hz) on channel 92
      Warning: No frequencies found for delta (1.0-4.0 Hz) on channel 93
      Warning: No frequencies found for delta (1.0-4.0 Hz) on channel 94
      Warning: No frequencies found for delta (1.0-4.0 Hz) on channel 95
      Warning: No frequencies found for delta (1.0-4.0 Hz) on channel 96
      Warning: No frequencies found for delta (1.0-4.0 Hz) on channel 97
      Warning: No frequencies found for delta (1.0-4.0 Hz) on channel 98
      Warning: No frequencies found for delta (1.0-4.0 Hz) on channel 99
      Warning: No frequencies found for delta (1.0-4.0 Hz) on channel 100
      Warning: No frequencies found for delta (1.0-4.0 Hz) on channel 101
      Warning: No frequencies found for delta (1.0-4.0 Hz) on channel 102
      Warning: No frequencies found for delta (1.0-4.0 Hz) on channel 103
      Warning: No frequencies found for delta (1.0-4.0 Hz) on channel 104
      Warning: No frequencies found for delta (1.0-4.0 Hz) on channel 105
      Warning: No frequencies found for delta (1.0-4.0 Hz) on channel 106
      Warning: No frequencies found for delta (1.0-4.0 Hz) on channel 107
      Warning: No frequencies found for delta (1.0-4.0 Hz) on channel 108
      Warning: No frequencies found for delta (1.0-4.0 Hz) on channel 109
      Warning: No frequencies found for delta (1.0-4.0 Hz) on channel 110
      Warning: No frequencies found for delta (1.0-4.0 Hz) on channel 111
      Warning: No frequencies found for delta (1.0-4.0 Hz) on channel 112
      Warning: No frequencies found for delta (1.0-4.0 Hz) on channel 113
      Warning: No frequencies found for delta (1.0-4.0 Hz) on channel 114
      Warning: No frequencies found for delta (1.0-4.0 Hz) on channel 115
      Warning: No frequencies found for delta (1.0-4.0 Hz) on channel 116
      Warning: No frequencies found for delta (1.0-4.0 Hz) on channel 117
      Warning: No frequencies found for delta (1.0-4.0 Hz) on channel 118
      Warning: No frequencies found for delta (1.0-4.0 Hz) on channel 119
      Warning: No frequencies found for delta (1.0-4.0 Hz) on channel 120
      Warning: No frequencies found for delta (1.0-4.0 Hz) on channel 121
      Warning: No frequencies found for delta (1.0-4.0 Hz) on channel 122
      Warning: No frequencies found for delta (1.0-4.0 Hz) on channel 123
      Warning: No frequencies found for delta (1.0-4.0 Hz) on channel 124
      Warning: No frequencies found for delta (1.0-4.0 Hz) on channel 125
      Warning: No frequencies found for delta (1.0-4.0 Hz) on channel 126
      Warning: No frequencies found for delta (1.0-4.0 Hz) on channel 127
      Warning: No frequencies found for delta (1.0-4.0 Hz) on channel 128
      Warning: No frequencies found for delta (1.0-4.0 Hz) on channel 129
      Warning: No frequencies found for delta (1.0-4.0 Hz) on channel 130
      Warning: No frequencies found for delta (1.0-4.0 Hz) on channel 131
      Warning: No frequencies found for delta (1.0-4.0 Hz) on channel 132
      Warning: No frequencies found for delta (1.0-4.0 Hz) on channel 133
      Warning: No frequencies found for delta (1.0-4.0 Hz) on channel 134
      Warning: No frequencies found for delta (1.0-4.0 Hz) on channel 135
      Warning: No frequencies found for delta (1.0-4.0 Hz) on channel 136
      Warning: No frequencies found for delta (1.0-4.0 Hz) on channel 137
      Warning: No frequencies found for delta (1.0-4.0 Hz) on channel 138
      Warning: No frequencies found for delta (1.0-4.0 Hz) on channel 139
      Warning: No frequencies found for delta (1.0-4.0 Hz) on channel 140
      Warning: No frequencies found for delta (1.0-4.0 Hz) on channel 141
      Warning: No frequencies found for delta (1.0-4.0 Hz) on channel 142
      Warning: No frequencies found for delta (1.0-4.0 Hz) on channel 143
      Warning: No frequencies found for delta (1.0-4.0 Hz) on channel 144
      Warning: No frequencies found for delta (1.0-4.0 Hz) on channel 145
      Warning: No frequencies found for delta (1.0-4.0 Hz) on channel 146
      Warning: No frequencies found for delta (1.0-4.0 Hz) on channel 147
      Warning: No frequencies found for delta (1.0-4.0 Hz) on channel 148
      Warning: No frequencies found for delta (1.0-4.0 Hz) on channel 149
      Warning: No frequencies found for delta (1.0-4.0 Hz) on channel 150
      Warning: No frequencies found for delta (1.0-4.0 Hz) on channel 151
      Warning: No frequencies found for delta (1.0-4.0 Hz) on channel 152
      Warning: No frequencies found for delta (1.0-4.0 Hz) on channel 153
      Warning: No frequencies found for delta (1.0-4.0 Hz) on channel 154
      Warning: No frequencies found for delta (1.0-4.0 Hz) on channel 155
      Warning: No frequencies found for delta (1.0-4.0 Hz) on channel 156
      Warning: No frequencies found for delta (1.0-4.0 Hz) on channel 157
      Warning: No frequencies found for delta (1.0-4.0 Hz) on channel 158
      Warning: No frequencies found for delta (1.0-4.0 Hz) on channel 159
      Warning: No frequencies found for delta (1.0-4.0 Hz) on channel 160
      Warning: No frequencies found for delta (1.0-4.0 Hz) on channel 161
      Warning: No frequencies found for delta (1.0-4.0 Hz) on channel 162
      Warning: No frequencies found for delta (1.0-4.0 Hz) on channel 163
      Warning: No frequencies found for delta (1.0-4.0 Hz) on channel 164
    Chunk 63/63 (100.0%)
  ✓ Final shape: (63, 165, 6)
    (63 time bins × 165 channels × 6 bands)

Creating output NWB...

Writing to: /oak/stanford/groups/ckeller1/data/iEEG_EHR/iEEG_NWB/sub-257/ses-01/preprocessed/sub-257_ses-01_run-FA6153CH_bipolar_psd.nwb

✓ COMPLETED in 138.7s (2.3 min)
  Output size: 0.8 MB
Exit code: 0
