======================================================================
PROCESSING: sub-257_ses-01_run-FA6153CG.nwb
======================================================================

File info:
  Samples: 14,400,000 (120.0 minutes)
  Channels: 180
  Sampling rate: 2000.0 Hz
  Data size: 9.66 GB (float32)

Creating bipolar pairs...
  Created 165 bipolar pairs from 180 electrodes

Computing band power (chunked processing)...

  Time-varying band power with Welch's method:
    Time bin size: 60s (120,000 samples)
    Welch segment size: 0.2s (500 samples)
    Welch overlap: 50% (250 samples)
    Total time bins: 120
      Warning: No frequencies found for delta (1.0-4.0 Hz) on channel 0
      Warning: No frequencies found for delta (1.0-4.0 Hz) on channel 1
      Warning: No frequencies found for delta (1.0-4.0 Hz) on channel 2
      Warning: No frequencies found for delta (1.0-4.0 Hz) on channel 3
      Warning: No frequencies found for delta (1.0-4.0 Hz) on channel 4
      Warning: No frequencies found for delta (1.0-4.0 Hz) on channel 5
      Warning: No frequencies found for delta (1.0-4.0 Hz) on channel 6
      Warning: No frequencies found for delta (1.0-4.0 Hz) on channel 7
      Warning: No frequencies found for delta (1.0-4.0 Hz) on channel 8
      Warning: No frequencies found for delta (1.0-4.0 Hz) on channel 9
      Warning: No frequencies found for delta (1.0-4.0 Hz) on channel 10
      Warning: No frequencies found for delta (1.0-4.0 Hz) on channel 11
      Warning: No frequencies found for delta (1.0-4.0 Hz) on channel 12
      Warning: No frequencies found for delta (1.0-4.0 Hz) on channel 13
      Warning: No frequencies found for delta (1.0-4.0 Hz) on channel 14
      Warning: No frequencies found for delta (1.0-4.0 Hz) on channel 15
      Warning: No frequencies found for delta (1.0-4.0 Hz) on channel 16
      Warning: No frequencies found for delta (1.0-4.0 Hz) on channel 17
      Warning: No frequencies found for delta (1.0-4.0 Hz) on channel 18
      Warning: No frequencies found for delta (1.0-4.0 Hz) on channel 19
      Warning: No frequencies found for delta (1.0-4.0 Hz) on channel 20
      Warning: No frequencies found for delta (1.0-4.0 Hz) on channel 21
      Warning: No frequencies found for delta (1.0-4.0 Hz) on channel 22
      Warning: No frequencies found for delta (1.0-4.0 Hz) on channel 23
      Warning: No frequencies found for delta (1.0-4.0 Hz) on channel 24
      Warning: No frequencies found for delta (1.0-4.0 Hz) on channel 25
      Warning: No frequencies found for delta (1.0-4.0 Hz) on channel 26
      Warning: No frequencies found for delta (1.0-4.0 Hz) on channel 27
      Warning: No frequencies found for delta (1.0-4.0 Hz) on channel 28
      Warning: No frequencies found for delta (1.0-4.0 Hz) on channel 29
      Warning: No frequencies found for delta (1.0-4.0 Hz) on channel 30
      Warning: No frequencies found for delta (1.0-4.0 Hz) on channel 31
      Warning: No frequencies found for delta (1.0-4.0 Hz) on channel 32
      Warning: No frequencies found for delta (1.0-4.0 Hz) on channel 33
      Warning: No frequencies found for delta (1.0-4.0 Hz) on channel 34
      Warning: No frequencies found for delta (1.0-4.0 Hz) on channel 35
      Warning: No frequencies found for delta (1.0-4.0 Hz) on channel 36
      Warning: No frequencies found for delta (1.0-4.0 Hz) on channel 37
      Warning: No frequencies found for delta (1.0-4.0 Hz) on channel 38
      Warning: No frequencies found for delta (1.0-4.0 Hz) on channel 39
      Warning: No frequencies found for delta (1.0-4.0 Hz) on channel 40
      Warning: No frequencies found for delta (1.0-4.0 Hz) on channel 41
      Warning: No frequencies found for delta (1.0-4.0 Hz) on channel 42
      Warning: No frequencies found for delta (1.0-4.0 Hz) on channel 43
      Warning: No frequencies found for delta (1.0-4.0 Hz) on channel 44
      Warning: No frequencies found for delta (1.0-4.0 Hz) on channel 45
      Warning: No frequencies found for delta (1.0-4.0 Hz) on channel 46
      Warning: No frequencies found for delta (1.0-4.0 Hz) on channel 47
      Warning: No frequencies found for delta (1.0-4.0 Hz) on channel 48
      Warning: No frequencies found for delta (1.0-4.0 Hz) on channel 49
      Warning: No frequencies found for delta (1.0-4.0 Hz) on channel 50
      Warning: No frequencies found for delta (1.0-4.0 Hz) on channel 51
      Warning: No frequencies found for delta (1.0-4.0 Hz) on channel 52
      Warning: No frequencies found for delta (1.0-4.0 Hz) on channel 53
      Warning: No frequencies found for delta (1.0-4.0 Hz) on channel 54
      Warning: No frequencies found for delta (1.0-4.0 Hz) on channel 55
      Warning: No frequencies found for delta (1.0-4.0 Hz) on channel 56
      Warning: No frequencies found for delta (1.0-4.0 Hz) on channel 57
      Warning: No frequencies found for delta (1.0-4.0 Hz) on channel 58
      Warning: No frequencies found for delta (1.0-4.0 Hz) on channel 59
      Warning: No frequencies found for delta (1.0-4.0 Hz) on channel 60
      Warning: No frequencies found for delta (1.0-4.0 Hz) on channel 61
      Warning: No frequencies found for delta (1.0-4.0 Hz) on channel 62
      Warning: No frequencies found for delta (1.0-4.0 Hz) on channel 63
      Warning: No frequencies found for delta (1.0-4.0 Hz) on channel 64
      Warning: No frequencies found for delta (1.0-4.0 Hz) on channel 65
      Warning: No frequencies found for delta (1.0-4.0 Hz) on channel 66
      Warning: No frequencies found for delta (1.0-4.0 Hz) on channel 67
      Warning: No frequencies found for delta (1.0-4.0 Hz) on channel 68
      Warning: No frequencies found for delta (1.0-4.0 Hz) on channel 69
      Warning: No frequencies found for delta (1.0-4.0 Hz) on channel 70
      Warning: No frequencies found for delta (1.0-4.0 Hz) on channel 71
      Warning: No frequencies found for delta (1.0-4.0 Hz) on channel 72
      Warning: No frequencies found for delta (1.0-4.0 Hz) on channel 73
      Warning: No frequencies found for delta (1.0-4.0 Hz) on channel 74
      Warning: No frequencies found for delta (1.0-4.0 Hz) on channel 75
      Warning: No frequencies found for delta (1.0-4.0 Hz) on channel 76
      Warning: No frequencies found for delta (1.0-4.0 Hz) on channel 77
      Warning: No frequencies found for delta (1.0-4.0 Hz) on channel 78
      Warning: No frequencies found for delta (1.0-4.0 Hz) on channel 79
      Warning: No frequencies found for delta (1.0-4.0 Hz) on channel 80
      Warning: No frequencies found for delta (1.0-4.0 Hz) on channel 81
      Warning: No frequencies found for delta (1.0-4.0 Hz) on channel 82
      Warning: No frequencies found for delta (1.0-4.0 Hz) on channel 83
      Warning: No frequencies found for delta (1.0-4.0 Hz) on channel 84
      Warning: No frequencies found for delta (1.0-4.0 Hz) on channel 85
      Warning: No frequencies found for delta (1.0-4.0 Hz) on channel 86
      Warning: No frequencies found for delta (1.0-4.0 Hz) on channel 87
      Warning: No frequencies found for delta (1.0-4.0 Hz) on channel 88
      Warning: No frequencies found for delta (1.0-4.0 Hz) on channel 89
      Warning: No frequencies found for delta (1.0-4.0 Hz) on channel 90
      Warning: No frequencies found for delta (1.0-4.0 Hz) on channel 91
      Warning: No frequencies found for delta (1.0-4.0 Hz) on channel 92
      Warning: No frequencies found for delta (1.0-4.0 Hz) on channel 93
      Warning: No frequencies found for delta (1.0-4.0 Hz) on channel 94
      Warning: No frequencies found for delta (1.0-4.0 Hz) on channel 95
      Warning: No frequencies found for delta (1.0-4.0 Hz) on channel 96
      Warning: No frequencies found for delta (1.0-4.0 Hz) on channel 97
      Warning: No frequencies found for delta (1.0-4.0 Hz) on channel 98
      Warning: No frequencies found for delta (1.0-4.0 Hz) on channel 99
      Warning: No frequencies found for delta (1.0-4.0 Hz) on channel 100
      Warning: No frequencies found for delta (1.0-4.0 Hz) on channel 101
      Warning: No frequencies found for delta (1.0-4.0 Hz) on channel 102
      Warning: No frequencies found for delta (1.0-4.0 Hz) on channel 103
      Warning: No frequencies found for delta (1.0-4.0 Hz) on channel 104
      Warning: No frequencies found for delta (1.0-4.0 Hz) on channel 105
      Warning: No frequencies found for delta (1.0-4.0 Hz) on channel 106
      Warning: No frequencies found for delta (1.0-4.0 Hz) on channel 107
      Warning: No frequencies found for delta (1.0-4.0 Hz) on channel 108
      Warning: No frequencies found for delta (1.0-4.0 Hz) on channel 109
      Warning: No frequencies found for delta (1.0-4.0 Hz) on channel 110
      Warning: No frequencies found for delta (1.0-4.0 Hz) on channel 111
      Warning: No frequencies found for delta (1.0-4.0 Hz) on channel 112
      Warning: No frequencies found for delta (1.0-4.0 Hz) on channel 113
      Warning: No frequencies found for delta (1.0-4.0 Hz) on channel 114
      Warning: No frequencies found for delta (1.0-4.0 Hz) on channel 115
      Warning: No frequencies found for delta (1.0-4.0 Hz) on channel 116
      Warning: No frequencies found for delta (1.0-4.0 Hz) on channel 117
      Warning: No frequencies found for delta (1.0-4.0 Hz) on channel 118
      Warning: No frequencies found for delta (1.0-4.0 Hz) on channel 119
      Warning: No frequencies found for delta (1.0-4.0 Hz) on channel 120
      Warning: No frequencies found for delta (1.0-4.0 Hz) on channel 121
      Warning: No frequencies found for delta (1.0-4.0 Hz) on channel 122
      Warning: No frequencies found for delta (1.0-4.0 Hz) on channel 123
      Warning: No frequencies found for delta (1.0-4.0 Hz) on channel 124
      Warning: No frequencies found for delta (1.0-4.0 Hz) on channel 125
      Warning: No frequencies found for delta (1.0-4.0 Hz) on channel 126
      Warning: No frequencies found for delta (1.0-4.0 Hz) on channel 127
      Warning: No frequencies found for delta (1.0-4.0 Hz) on channel 128
      Warning: No frequencies found for delta (1.0-4.0 Hz) on channel 129
      Warning: No frequencies found for delta (1.0-4.0 Hz) on channel 130
      Warning: No frequencies found for delta (1.0-4.0 Hz) on channel 131
      Warning: No frequencies found for delta (1.0-4.0 Hz) on channel 132
      Warning: No frequencies found for delta (1.0-4.0 Hz) on channel 133
      Warning: No frequencies found for delta (1.0-4.0 Hz) on channel 134
      Warning: No frequencies found for delta (1.0-4.0 Hz) on channel 135
      Warning: No frequencies found for delta (1.0-4.0 Hz) on channel 136
      Warning: No frequencies found for delta (1.0-4.0 Hz) on channel 137
      Warning: No frequencies found for delta (1.0-4.0 Hz) on channel 138
      Warning: No frequencies found for delta (1.0-4.0 Hz) on channel 139
      Warning: No frequencies found for delta (1.0-4.0 Hz) on channel 140
      Warning: No frequencies found for delta (1.0-4.0 Hz) on channel 141
      Warning: No frequencies found for delta (1.0-4.0 Hz) on channel 142
      Warning: No frequencies found for delta (1.0-4.0 Hz) on channel 143
      Warning: No frequencies found for delta (1.0-4.0 Hz) on channel 144
      Warning: No frequencies found for delta (1.0-4.0 Hz) on channel 145
      Warning: No frequencies found for delta (1.0-4.0 Hz) on channel 146
      Warning: No frequencies found for delta (1.0-4.0 Hz) on channel 147
      Warning: No frequencies found for delta (1.0-4.0 Hz) on channel 148
      Warning: No frequencies found for delta (1.0-4.0 Hz) on channel 149
      Warning: No frequencies found for delta (1.0-4.0 Hz) on channel 150
      Warning: No frequencies found for delta (1.0-4.0 Hz) on channel 151
      Warning: No frequencies found for delta (1.0-4.0 Hz) on channel 152
      Warning: No frequencies found for delta (1.0-4.0 Hz) on channel 153
      Warning: No frequencies found for delta (1.0-4.0 Hz) on channel 154
      Warning: No frequencies found for delta (1.0-4.0 Hz) on channel 155
      Warning: No frequencies found for delta (1.0-4.0 Hz) on channel 156
      Warning: No frequencies found for delta (1.0-4.0 Hz) on channel 157
      Warning: No frequencies found for delta (1.0-4.0 Hz) on channel 158
      Warning: No frequencies found for delta (1.0-4.0 Hz) on channel 159
      Warning: No frequencies found for delta (1.0-4.0 Hz) on channel 160
      Warning: No frequencies found for delta (1.0-4.0 Hz) on channel 161
      Warning: No frequencies found for delta (1.0-4.0 Hz) on channel 162
      Warning: No frequencies found for delta (1.0-4.0 Hz) on channel 163
      Warning: No frequencies found for delta (1.0-4.0 Hz) on channel 164
    Chunk 1/120 (0.8%)      Warning: No frequencies found for delta (1.0-4.0 Hz) on channel 0
      Warning: No frequencies found for delta (1.0-4.0 Hz) on channel 1
      Warning: No frequencies found for delta (1.0-4.0 Hz) on channel 2
      Warning: No frequencies found for delta (1.0-4.0 Hz) on channel 3
      Warning: No frequencies found for delta (1.0-4.0 Hz) on channel 4
      Warning: No frequencies found for delta (1.0-4.0 Hz) on channel 5
      Warning: No frequencies found for delta (1.0-4.0 Hz) on channel 6
      Warning: No frequencies found for delta (1.0-4.0 Hz) on channel 7
      Warning: No frequencies found for delta (1.0-4.0 Hz) on channel 8
      Warning: No frequencies found for delta (1.0-4.0 Hz) on channel 9
      Warning: No frequencies found for delta (1.0-4.0 Hz) on channel 10
      Warning: No frequencies found for delta (1.0-4.0 Hz) on channel 11
      Warning: No frequencies found for delta (1.0-4.0 Hz) on channel 12
      Warning: No frequencies found for delta (1.0-4.0 Hz) on channel 13
      Warning: No frequencies found for delta (1.0-4.0 Hz) on channel 14
      Warning: No frequencies found for delta (1.0-4.0 Hz) on channel 15
      Warning: No frequencies found for delta (1.0-4.0 Hz) on channel 16
      Warning: No frequencies found for delta (1.0-4.0 Hz) on channel 17
      Warning: No frequencies found for delta (1.0-4.0 Hz) on channel 18
      Warning: No frequencies found for delta (1.0-4.0 Hz) on channel 19
      Warning: No frequencies found for delta (1.0-4.0 Hz) on channel 20
      Warning: No frequencies found for delta (1.0-4.0 Hz) on channel 21
      Warning: No frequencies found for delta (1.0-4.0 Hz) on channel 22
      Warning: No frequencies found for delta (1.0-4.0 Hz) on channel 23
      Warning: No frequencies found for delta (1.0-4.0 Hz) on channel 24
      Warning: No frequencies found for delta (1.0-4.0 Hz) on channel 25
      Warning: No frequencies found for delta (1.0-4.0 Hz) on channel 26
      Warning: No frequencies found for delta (1.0-4.0 Hz) on channel 27
      Warning: No frequencies found for delta (1.0-4.0 Hz) on channel 28
      Warning: No frequencies found for delta (1.0-4.0 Hz) on channel 29
      Warning: No frequencies found for delta (1.0-4.0 Hz) on channel 30
      Warning: No frequencies found for delta (1.0-4.0 Hz) on channel 31
      Warning: No frequencies found for delta (1.0-4.0 Hz) on channel 32
      Warning: No frequencies found for delta (1.0-4.0 Hz) on channel 33
      Warning: No frequencies found for delta (1.0-4.0 Hz) on channel 34
      Warning: No frequencies found for delta (1.0-4.0 Hz) on channel 35
      Warning: No frequencies found for delta (1.0-4.0 Hz) on channel 36
      Warning: No frequencies found for delta (1.0-4.0 Hz) on channel 37
      Warning: No frequencies found for delta (1.0-4.0 Hz) on channel 38
      Warning: No frequencies found for delta (1.0-4.0 Hz) on channel 39
      Warning: No frequencies found for delta (1.0-4.0 Hz) on channel 40
      Warning: No frequencies found for delta (1.0-4.0 Hz) on channel 41
      Warning: No frequencies found for delta (1.0-4.0 Hz) on channel 42
      Warning: No frequencies found for delta (1.0-4.0 Hz) on channel 43
      Warning: No frequencies found for delta (1.0-4.0 Hz) on channel 44
      Warning: No frequencies found for delta (1.0-4.0 Hz) on channel 45
      Warning: No frequencies found for delta (1.0-4.0 Hz) on channel 46
      Warning: No frequencies found for delta (1.0-4.0 Hz) on channel 47
      Warning: No frequencies found for delta (1.0-4.0 Hz) on channel 48
      Warning: No frequencies found for delta (1.0-4.0 Hz) on channel 49
      Warning: No frequencies found for delta (1.0-4.0 Hz) on channel 50
      Warning: No frequencies found for delta (1.0-4.0 Hz) on channel 51
      Warning: No frequencies found for delta (1.0-4.0 Hz) on channel 52
      Warning: No frequencies found for delta (1.0-4.0 Hz) on channel 53
      Warning: No frequencies found for delta (1.0-4.0 Hz) on channel 54
      Warning: No frequencies found for delta (1.0-4.0 Hz) on channel 55
      Warning: No frequencies found for delta (1.0-4.0 Hz) on channel 56
      Warning: No frequencies found for delta (1.0-4.0 Hz) on channel 57
      Warning: No frequencies found for delta (1.0-4.0 Hz) on channel 58
      Warning: No frequencies found for delta (1.0-4.0 Hz) on channel 59
      Warning: No frequencies found for delta (1.0-4.0 Hz) on channel 60
      Warning: No frequencies found for delta (1.0-4.0 Hz) on channel 61
      Warning: No frequencies found for delta (1.0-4.0 Hz) on channel 62
      Warning: No frequencies found for delta (1.0-4.0 Hz) on channel 63
      Warning: No frequencies found for delta (1.0-4.0 Hz) on channel 64
      Warning: No frequencies found for delta (1.0-4.0 Hz) on channel 65
      Warning: No frequencies found for delta (1.0-4.0 Hz) on channel 66
      Warning: No frequencies found for delta (1.0-4.0 Hz) on channel 67
      Warning: No frequencies found for delta (1.0-4.0 Hz) on channel 68
      Warning: No frequencies found for delta (1.0-4.0 Hz) on channel 69
      Warning: No frequencies found for delta (1.0-4.0 Hz) on channel 70
      Warning: No frequencies found for delta (1.0-4.0 Hz) on channel 71
      Warning: No frequencies found for delta (1.0-4.0 Hz) on channel 72
      Warning: No frequencies found for delta (1.0-4.0 Hz) on channel 73
      Warning: No frequencies found for delta (1.0-4.0 Hz) on channel 74
      Warning: No frequencies found for delta (1.0-4.0 Hz) on channel 75
      Warning: No frequencies found for delta (1.0-4.0 Hz) on channel 76
      Warning: No frequencies found for delta (1.0-4.0 Hz) on channel 77
      Warning: No frequencies found for delta (1.0-4.0 Hz) on channel 78
      Warning: No frequencies found for delta (1.0-4.0 Hz) on channel 79
      Warning: No frequencies found for delta (1.0-4.0 Hz) on channel 80
      Warning: No frequencies found for delta (1.0-4.0 Hz) on channel 81
      Warning: No frequencies found for delta (1.0-4.0 Hz) on channel 82
      Warning: No frequencies found for delta (1.0-4.0 Hz) on channel 83
      Warning: No frequencies found for delta (1.0-4.0 Hz) on channel 84
      Warning: No frequencies found for delta (1.0-4.0 Hz) on channel 85
      Warning: No frequencies found for delta (1.0-4.0 Hz) on channel 86
      Warning: No frequencies found for delta (1.0-4.0 Hz) on channel 87
      Warning: No frequencies found for delta (1.0-4.0 Hz) on channel 88
      Warning: No frequencies found for delta (1.0-4.0 Hz) on channel 89
      Warning: No frequencies found for delta (1.0-4.0 Hz) on channel 90
      Warning: No frequencies found for delta (1.0-4.0 Hz) on channel 91
      Warning: No frequencies found for delta (1.0-4.0 Hz) on channel 92
      Warning: No frequencies found for delta (1.0-4.0 Hz) on channel 93
      Warning: No frequencies found for delta (1.0-4.0 Hz) on channel 94
      Warning: No frequencies found for delta (1.0-4.0 Hz) on channel 95
      Warning: No frequencies found for delta (1.0-4.0 Hz) on channel 96
      Warning: No frequencies found for delta (1.0-4.0 Hz) on channel 97
      Warning: No frequencies found for delta (1.0-4.0 Hz) on channel 98
      Warning: No frequencies found for delta (1.0-4.0 Hz) on channel 99
      Warning: No frequencies found for delta (1.0-4.0 Hz) on channel 100
      Warning: No frequencies found for delta (1.0-4.0 Hz) on channel 101
      Warning: No frequencies found for delta (1.0-4.0 Hz) on channel 102
      Warning: No frequencies found for delta (1.0-4.0 Hz) on channel 103
      Warning: No frequencies found for delta (1.0-4.0 Hz) on channel 104
      Warning: No frequencies found for delta (1.0-4.0 Hz) on channel 105
      Warning: No frequencies found for delta (1.0-4.0 Hz) on channel 106
      Warning: No frequencies found for delta (1.0-4.0 Hz) on channel 107
      Warning: No frequencies found for delta (1.0-4.0 Hz) on channel 108
      Warning: No frequencies found for delta (1.0-4.0 Hz) on channel 109
      Warning: No frequencies found for delta (1.0-4.0 Hz) on channel 110
      Warning: No frequencies found for delta (1.0-4.0 Hz) on channel 111
      Warning: No frequencies found for delta (1.0-4.0 Hz) on channel 112
      Warning: No frequencies found for delta (1.0-4.0 Hz) on channel 113
      Warning: No frequencies found for delta (1.0-4.0 Hz) on channel 114
      Warning: No frequencies found for delta (1.0-4.0 Hz) on channel 115
      Warning: No frequencies found for delta (1.0-4.0 Hz) on channel 116
      Warning: No frequencies found for delta (1.0-4.0 Hz) on channel 117
      Warning: No frequencies found for delta (1.0-4.0 Hz) on channel 118
      Warning: No frequencies found for delta (1.0-4.0 Hz) on channel 119
      Warning: No frequencies found for delta (1.0-4.0 Hz) on channel 120
      Warning: No frequencies found for delta (1.0-4.0 Hz) on channel 121
      Warning: No frequencies found for delta (1.0-4.0 Hz) on channel 122
      Warning: No frequencies found for delta (1.0-4.0 Hz) on channel 123
      Warning: No frequencies found for delta (1.0-4.0 Hz) on channel 124
      Warning: No frequencies found for delta (1.0-4.0 Hz) on channel 125
      Warning: No frequencies found for delta (1.0-4.0 Hz) on channel 126
      Warning: No frequencies found for delta (1.0-4.0 Hz) on channel 127
      Warning: No frequencies found for delta (1.0-4.0 Hz) on channel 128
      Warning: No frequencies found for delta (1.0-4.0 Hz) on channel 129
      Warning: No frequencies found for delta (1.0-4.0 Hz) on channel 130
      Warning: No frequencies found for delta (1.0-4.0 Hz) on channel 131
      Warning: No frequencies found for delta (1.0-4.0 Hz) on channel 132
      Warning: No frequencies found for delta (1.0-4.0 Hz) on channel 133
      Warning: No frequencies found for delta (1.0-4.0 Hz) on channel 134
      Warning: No frequencies found for delta (1.0-4.0 Hz) on channel 135
      Warning: No frequencies found for delta (1.0-4.0 Hz) on channel 136
      Warning: No frequencies found for delta (1.0-4.0 Hz) on channel 137
      Warning: No frequencies found for delta (1.0-4.0 Hz) on channel 138
      Warning: No frequencies found for delta (1.0-4.0 Hz) on channel 139
      Warning: No frequencies found for delta (1.0-4.0 Hz) on channel 140
      Warning: No frequencies found for delta (1.0-4.0 Hz) on channel 141
      Warning: No frequencies found for delta (1.0-4.0 Hz) on channel 142
      Warning: No frequencies found for delta (1.0-4.0 Hz) on channel 143
      Warning: No frequencies found for delta (1.0-4.0 Hz) on channel 144
      Warning: No frequencies found for delta (1.0-4.0 Hz) on channel 145
      Warning: No frequencies found for delta (1.0-4.0 Hz) on channel 146
      Warning: No frequencies found for delta (1.0-4.0 Hz) on channel 147
      Warning: No frequencies found for delta (1.0-4.0 Hz) on channel 148
      Warning: No frequencies found for delta (1.0-4.0 Hz) on channel 149
      Warning: No frequencies found for delta (1.0-4.0 Hz) on channel 150
      Warning: No frequencies found for delta (1.0-4.0 Hz) on channel 151
      Warning: No frequencies found for delta (1.0-4.0 Hz) on channel 152
      Warning: No frequencies found for delta (1.0-4.0 Hz) on channel 153
      Warning: No frequencies found for delta (1.0-4.0 Hz) on channel 154
      Warning: No frequencies found for delta (1.0-4.0 Hz) on channel 155
      Warning: No frequencies found for delta (1.0-4.0 Hz) on channel 156
      Warning: No frequencies found for delta (1.0-4.0 Hz) on channel 157
      Warning: No frequencies found for delta (1.0-4.0 Hz) on channel 158
      Warning: No frequencies found for delta (1.0-4.0 Hz) on channel 159
      Warning: No frequencies found for delta (1.0-4.0 Hz) on channel 160
      Warning: No frequencies found for delta (1.0-4.0 Hz) on channel 161
      Warning: No frequencies found for delta (1.0-4.0 Hz) on channel 162
      Warning: No frequencies found for delta (1.0-4.0 Hz) on channel 163
      Warning: No frequencies found for delta (1.0-4.0 Hz) on channel 164
    Chunk 2/120 (1.7%)      Warning: No frequencies found for delta (1.0-4.0 Hz) on channel 0
      Warning: No frequencies found for delta (1.0-4.0 Hz) on channel 1
      Warning: No frequencies found for delta (1.0-4.0 Hz) on channel 2
      Warning: No frequencies found for delta (1.0-4.0 Hz) on channel 3
      Warning: No frequencies found for delta (1.0-4.0 Hz) on channel 4
      Warning: No frequencies found for delta (1.0-4.0 Hz) on channel 5
      Warning: No frequencies found for delta (1.0-4.0 Hz) on channel 6
      Warning: No frequencies found for delta (1.0-4.0 Hz) on channel 7
      Warning: No frequencies found for delta (1.0-4.0 Hz) on channel 8
      Warning: No frequencies found for delta (1.0-4.0 Hz) on channel 9
      Warning: No frequencies found for delta (1.0-4.0 Hz) on channel 10
      Warning: No frequencies found for delta (1.0-4.0 Hz) on channel 11
      Warning: No frequencies found for delta (1.0-4.0 Hz) on channel 12
      Warning: No frequencies found for delta (1.0-4.0 Hz) on channel 13
      Warning: No frequencies found for delta (1.0-4.0 Hz) on channel 14
      Warning: No frequencies found for delta (1.0-4.0 Hz) on channel 15
      Warning: No frequencies found for delta (1.0-4.0 Hz) on channel 16
      Warning: No frequencies found for delta (1.0-4.0 Hz) on channel 17
      Warning: No frequencies found for delta (1.0-4.0 Hz) on channel 18
      Warning: No frequencies found for delta (1.0-4.0 Hz) on channel 19
      Warning: No frequencies found for delta (1.0-4.0 Hz) on channel 20
      Warning: No frequencies found for delta (1.0-4.0 Hz) on channel 21
      Warning: No frequencies found for delta (1.0-4.0 Hz) on channel 22
      Warning: No frequencies found for delta (1.0-4.0 Hz) on channel 23
      Warning: No frequencies found for delta (1.0-4.0 Hz) on channel 24
      Warning: No frequencies found for delta (1.0-4.0 Hz) on channel 25
      Warning: No frequencies found for delta (1.0-4.0 Hz) on channel 26
      Warning: No frequencies found for delta (1.0-4.0 Hz) on channel 27
      Warning: No frequencies found for delta (1.0-4.0 Hz) on channel 28
      Warning: No frequencies found for delta (1.0-4.0 Hz) on channel 29
      Warning: No frequencies found for delta (1.0-4.0 Hz) on channel 30
      Warning: No frequencies found for delta (1.0-4.0 Hz) on channel 31
      Warning: No frequencies found for delta (1.0-4.0 Hz) on channel 32
      Warning: No frequencies found for delta (1.0-4.0 Hz) on channel 33
      Warning: No frequencies found for delta (1.0-4.0 Hz) on channel 34
      Warning: No frequencies found for delta (1.0-4.0 Hz) on channel 35
      Warning: No frequencies found for delta (1.0-4.0 Hz) on channel 36
      Warning: No frequencies found for delta (1.0-4.0 Hz) on channel 37
      Warning: No frequencies found for delta (1.0-4.0 Hz) on channel 38
      Warning: No frequencies found for delta (1.0-4.0 Hz) on channel 39
      Warning: No frequencies found for delta (1.0-4.0 Hz) on channel 40
      Warning: No frequencies found for delta (1.0-4.0 Hz) on channel 41
      Warning: No frequencies found for delta (1.0-4.0 Hz) on channel 42
      Warning: No frequencies found for delta (1.0-4.0 Hz) on channel 43
      Warning: No frequencies found for delta (1.0-4.0 Hz) on channel 44
      Warning: No frequencies found for delta (1.0-4.0 Hz) on channel 45
      Warning: No frequencies found for delta (1.0-4.0 Hz) on channel 46
      Warning: No frequencies found for delta (1.0-4.0 Hz) on channel 47
      Warning: No frequencies found for delta (1.0-4.0 Hz) on channel 48
      Warning: No frequencies found for delta (1.0-4.0 Hz) on channel 49
      Warning: No frequencies found for delta (1.0-4.0 Hz) on channel 50
      Warning: No frequencies found for delta (1.0-4.0 Hz) on channel 51
      Warning: No frequencies found for delta (1.0-4.0 Hz) on channel 52
      Warning: No frequencies found for delta (1.0-4.0 Hz) on channel 53
      Warning: No frequencies found for delta (1.0-4.0 Hz) on channel 54
      Warning: No frequencies found for delta (1.0-4.0 Hz) on channel 55
      Warning: No frequencies found for delta (1.0-4.0 Hz) on channel 56
      Warning: No frequencies found for delta (1.0-4.0 Hz) on channel 57
      Warning: No frequencies found for delta (1.0-4.0 Hz) on channel 58
      Warning: No frequencies found for delta (1.0-4.0 Hz) on channel 59
      Warning: No frequencies found for delta (1.0-4.0 Hz) on channel 60
      Warning: No frequencies found for delta (1.0-4.0 Hz) on channel 61
      Warning: No frequencies found for delta (1.0-4.0 Hz) on channel 62
      Warning: No frequencies found for delta (1.0-4.0 Hz) on channel 63
      Warning: No frequencies found for delta (1.0-4.0 Hz) on channel 64
      Warning: No frequencies found for delta (1.0-4.0 Hz) on channel 65
      Warning: No frequencies found for delta (1.0-4.0 Hz) on channel 66
      Warning: No frequencies found for delta (1.0-4.0 Hz) on channel 67
      Warning: No frequencies found for delta (1.0-4.0 Hz) on channel 68
      Warning: No frequencies found for delta (1.0-4.0 Hz) on channel 69
      Warning: No frequencies found for delta (1.0-4.0 Hz) on channel 70
      Warning: No frequencies found for delta (1.0-4.0 Hz) on channel 71
      Warning: No frequencies found for delta (1.0-4.0 Hz) on channel 72
      Warning: No frequencies found for delta (1.0-4.0 Hz) on channel 73
      Warning: No frequencies found for delta (1.0-4.0 Hz) on channel 74
      Warning: No frequencies found for delta (1.0-4.0 Hz) on channel 75
      Warning: No frequencies found for delta (1.0-4.0 Hz) on channel 76
      Warning: No frequencies found for delta (1.0-4.0 Hz) on channel 77
      Warning: No frequencies found for delta (1.0-4.0 Hz) on channel 78
      Warning: No frequencies found for delta (1.0-4.0 Hz) on channel 79
      Warning: No frequencies found for delta (1.0-4.0 Hz) on channel 80
      Warning: No frequencies found for delta (1.0-4.0 Hz) on channel 81
      Warning: No frequencies found for delta (1.0-4.0 Hz) on channel 82
      Warning: No frequencies found for delta (1.0-4.0 Hz) on channel 83
      Warning: No frequencies found for delta (1.0-4.0 Hz) on channel 84
      Warning: No frequencies found for delta (1.0-4.0 Hz) on channel 85
      Warning: No frequencies found for delta (1.0-4.0 Hz) on channel 86
      Warning: No frequencies found for delta (1.0-4.0 Hz) on channel 87
      Warning: No frequencies found for delta (1.0-4.0 Hz) on channel 88
      Warning: No frequencies found for delta (1.0-4.0 Hz) on channel 89
      Warning: No frequencies found for delta (1.0-4.0 Hz) on channel 90
      Warning: No frequencies found for delta (1.0-4.0 Hz) on channel 91
      Warning: No frequencies found for delta (1.0-4.0 Hz) on channel 92
      Warning: No frequencies found for delta (1.0-4.0 Hz) on channel 93
      Warning: No frequencies found for delta (1.0-4.0 Hz) on channel 94
      Warning: No frequencies found for delta (1.0-4.0 Hz) on channel 95
      Warning: No frequencies found for delta (1.0-4.0 Hz) on channel 96
      Warning: No frequencies found for delta (1.0-4.0 Hz) on channel 97
      Warning: No frequencies found for delta (1.0-4.0 Hz) on channel 98
      Warning: No frequencies found for delta (1.0-4.0 Hz) on channel 99
      Warning: No frequencies found for delta (1.0-4.0 Hz) on channel 100
      Warning: No frequencies found for delta (1.0-4.0 Hz) on channel 101
      Warning: No frequencies found for delta (1.0-4.0 Hz) on channel 102
      Warning: No frequencies found for delta (1.0-4.0 Hz) on channel 103
      Warning: No frequencies found for delta (1.0-4.0 Hz) on channel 104
      Warning: No frequencies found for delta (1.0-4.0 Hz) on channel 105
      Warning: No frequencies found for delta (1.0-4.0 Hz) on channel 106
      Warning: No frequencies found for delta (1.0-4.0 Hz) on channel 107
      Warning: No frequencies found for delta (1.0-4.0 Hz) on channel 108
      Warning: No frequencies found for delta (1.0-4.0 Hz) on channel 109
      Warning: No frequencies found for delta (1.0-4.0 Hz) on channel 110
      Warning: No frequencies found for delta (1.0-4.0 Hz) on channel 111
      Warning: No frequencies found for delta (1.0-4.0 Hz) on channel 112
      Warning: No frequencies found for delta (1.0-4.0 Hz) on channel 113
      Warning: No frequencies found for delta (1.0-4.0 Hz) on channel 114
      Warning: No frequencies found for delta (1.0-4.0 Hz) on channel 115
      Warning: No frequencies found for delta (1.0-4.0 Hz) on channel 116
      Warning: No frequencies found for delta (1.0-4.0 Hz) on channel 117
      Warning: No frequencies found for delta (1.0-4.0 Hz) on channel 118
      Warning: No frequencies found for delta (1.0-4.0 Hz) on channel 119
      Warning: No frequencies found for delta (1.0-4.0 Hz) on channel 120
      Warning: No frequencies found for delta (1.0-4.0 Hz) on channel 121
      Warning: No frequencies found for delta (1.0-4.0 Hz) on channel 122
      Warning: No frequencies found for delta (1.0-4.0 Hz) on channel 123
      Warning: No frequencies found for delta (1.0-4.0 Hz) on channel 124
      Warning: No frequencies found for delta (1.0-4.0 Hz) on channel 125
      Warning: No frequencies found for delta (1.0-4.0 Hz) on channel 126
      Warning: No frequencies found for delta (1.0-4.0 Hz) on channel 127
      Warning: No frequencies found for delta (1.0-4.0 Hz) on channel 128
      Warning: No frequencies found for delta (1.0-4.0 Hz) on channel 129
      Warning: No frequencies found for delta (1.0-4.0 Hz) on channel 130
      Warning: No frequencies found for delta (1.0-4.0 Hz) on channel 131
      Warning: No frequencies found for delta (1.0-4.0 Hz) on channel 132
      Warning: No frequencies found for delta (1.0-4.0 Hz) on channel 133
      Warning: No frequencies found for delta (1.0-4.0 Hz) on channel 134
      Warning: No frequencies found for delta (1.0-4.0 Hz) on channel 135
      Warning: No frequencies found for delta (1.0-4.0 Hz) on channel 136
      Warning: No frequencies found for delta (1.0-4.0 Hz) on channel 137
      Warning: No frequencies found for delta (1.0-4.0 Hz) on channel 138
      Warning: No frequencies found for delta (1.0-4.0 Hz) on channel 139
      Warning: No frequencies found for delta (1.0-4.0 Hz) on channel 140
      Warning: No frequencies found for delta (1.0-4.0 Hz) on channel 141
      Warning: No frequencies found for delta (1.0-4.0 Hz) on channel 142
      Warning: No frequencies found for delta (1.0-4.0 Hz) on channel 143
      Warning: No frequencies found for delta (1.0-4.0 Hz) on channel 144
      Warning: No frequencies found for delta (1.0-4.0 Hz) on channel 145
      Warning: No frequencies found for delta (1.0-4.0 Hz) on channel 146
      Warning: No frequencies found for delta (1.0-4.0 Hz) on channel 147
      Warning: No frequencies found for delta (1.0-4.0 Hz) on channel 148
      Warning: No frequencies found for delta (1.0-4.0 Hz) on channel 149
      Warning: No frequencies found for delta (1.0-4.0 Hz) on channel 150
      Warning: No frequencies found for delta (1.0-4.0 Hz) on channel 151
      Warning: No frequencies found for delta (1.0-4.0 Hz) on channel 152
      Warning: No frequencies found for delta (1.0-4.0 Hz) on channel 153
      Warning: No frequencies found for delta (1.0-4.0 Hz) on channel 154
      Warning: No frequencies found for delta (1.0-4.0 Hz) on channel 155
      Warning: No frequencies found for delta (1.0-4.0 Hz) on channel 156
      Warning: No frequencies found for delta (1.0-4.0 Hz) on channel 157
      Warning: No frequencies found for delta (1.0-4.0 Hz) on channel 158
      Warning: No frequencies found for delta (1.0-4.0 Hz) on channel 159
      Warning: No frequencies found for delta (1.0-4.0 Hz) on channel 160
      Warning: No frequencies found for delta (1.0-4.0 Hz) on channel 161
      Warning: No frequencies found for delta (1.0-4.0 Hz) on channel 162
      Warning: No frequencies found for delta (1.0-4.0 Hz) on channel 163
      Warning: No frequencies found for delta (1.0-4.0 Hz) on channel 164
    Chunk 3/120 (2.5%)      Warning: No frequencies found for delta (1.0-4.0 Hz) on channel 0
      Warning: No frequencies found for delta (1.0-4.0 Hz) on channel 1
      Warning: No frequencies found for delta (1.0-4.0 Hz) on channel 2
      Warning: No frequencies found for delta (1.0-4.0 Hz) on channel 3
      Warning: No frequencies found for delta (1.0-4.0 Hz) on channel 4
      Warning: No frequencies found for delta (1.0-4.0 Hz) on channel 5
      Warning: No frequencies found for delta (1.0-4.0 Hz) on channel 6
      Warning: No frequencies found for delta (1.0-4.0 Hz) on channel 7
      Warning: No frequencies found for delta (1.0-4.0 Hz) on channel 8
      Warning: No frequencies found for delta (1.0-4.0 Hz) on channel 9
      Warning: No frequencies found for delta (1.0-4.0 Hz) on channel 10
      Warning: No frequencies found for delta (1.0-4.0 Hz) on channel 11
      Warning: No frequencies found for delta (1.0-4.0 Hz) on channel 12
      Warning: No frequencies found for delta (1.0-4.0 Hz) on channel 13
      Warning: No frequencies found for delta (1.0-4.0 Hz) on channel 14
      Warning: No frequencies found for delta (1.0-4.0 Hz) on channel 15
      Warning: No frequencies found for delta (1.0-4.0 Hz) on channel 16
      Warning: No frequencies found for delta (1.0-4.0 Hz) on channel 17
      Warning: No frequencies found for delta (1.0-4.0 Hz) on channel 18
      Warning: No frequencies found for delta (1.0-4.0 Hz) on channel 19
      Warning: No frequencies found for delta (1.0-4.0 Hz) on channel 20
      Warning: No frequencies found for delta (1.0-4.0 Hz) on channel 21
      Warning: No frequencies found for delta (1.0-4.0 Hz) on channel 22
      Warning: No frequencies found for delta (1.0-4.0 Hz) on channel 23
      Warning: No frequencies found for delta (1.0-4.0 Hz) on channel 24
      Warning: No frequencies found for delta (1.0-4.0 Hz) on channel 25
      Warning: No frequencies found for delta (1.0-4.0 Hz) on channel 26
      Warning: No frequencies found for delta (1.0-4.0 Hz) on channel 27
      Warning: No frequencies found for delta (1.0-4.0 Hz) on channel 28
      Warning: No frequencies found for delta (1.0-4.0 Hz) on channel 29
      Warning: No frequencies found for delta (1.0-4.0 Hz) on channel 30
      Warning: No frequencies found for delta (1.0-4.0 Hz) on channel 31
      Warning: No frequencies found for delta (1.0-4.0 Hz) on channel 32
      Warning: No frequencies found for delta (1.0-4.0 Hz) on channel 33
      Warning: No frequencies found for delta (1.0-4.0 Hz) on channel 34
      Warning: No frequencies found for delta (1.0-4.0 Hz) on channel 35
      Warning: No frequencies found for delta (1.0-4.0 Hz) on channel 36
      Warning: No frequencies found for delta (1.0-4.0 Hz) on channel 37
      Warning: No frequencies found for delta (1.0-4.0 Hz) on channel 38
      Warning: No frequencies found for delta (1.0-4.0 Hz) on channel 39
      Warning: No frequencies found for delta (1.0-4.0 Hz) on channel 40
      Warning: No frequencies found for delta (1.0-4.0 Hz) on channel 41
      Warning: No frequencies found for delta (1.0-4.0 Hz) on channel 42
      Warning: No frequencies found for delta (1.0-4.0 Hz) on channel 43
      Warning: No frequencies found for delta (1.0-4.0 Hz) on channel 44
      Warning: No frequencies found for delta (1.0-4.0 Hz) on channel 45
      Warning: No frequencies found for delta (1.0-4.0 Hz) on channel 46
      Warning: No frequencies found for delta (1.0-4.0 Hz) on channel 47
      Warning: No frequencies found for delta (1.0-4.0 Hz) on channel 48
      Warning: No frequencies found for delta (1.0-4.0 Hz) on channel 49
      Warning: No frequencies found for delta (1.0-4.0 Hz) on channel 50
      Warning: No frequencies found for delta (1.0-4.0 Hz) on channel 51
      Warning: No frequencies found for delta (1.0-4.0 Hz) on channel 52
      Warning: No frequencies found for delta (1.0-4.0 Hz) on channel 53
      Warning: No frequencies found for delta (1.0-4.0 Hz) on channel 54
      Warning: No frequencies found for delta (1.0-4.0 Hz) on channel 55
      Warning: No frequencies found for delta (1.0-4.0 Hz) on channel 56
      Warning: No frequencies found for delta (1.0-4.0 Hz) on channel 57
      Warning: No frequencies found for delta (1.0-4.0 Hz) on channel 58
      Warning: No frequencies found for delta (1.0-4.0 Hz) on channel 59
      Warning: No frequencies found for delta (1.0-4.0 Hz) on channel 60
      Warning: No frequencies found for delta (1.0-4.0 Hz) on channel 61
      Warning: No frequencies found for delta (1.0-4.0 Hz) on channel 62
      Warning: No frequencies found for delta (1.0-4.0 Hz) on channel 63
      Warning: No frequencies found for delta (1.0-4.0 Hz) on channel 64
      Warning: No frequencies found for delta (1.0-4.0 Hz) on channel 65
      Warning: No frequencies found for delta (1.0-4.0 Hz) on channel 66
      Warning: No frequencies found for delta (1.0-4.0 Hz) on channel 67
      Warning: No frequencies found for delta (1.0-4.0 Hz) on channel 68
      Warning: No frequencies found for delta (1.0-4.0 Hz) on channel 69
      Warning: No frequencies found for delta (1.0-4.0 Hz) on channel 70
      Warning: No frequencies found for delta (1.0-4.0 Hz) on channel 71
      Warning: No frequencies found for delta (1.0-4.0 Hz) on channel 72
      Warning: No frequencies found for delta (1.0-4.0 Hz) on channel 73
      Warning: No frequencies found for delta (1.0-4.0 Hz) on channel 74
      Warning: No frequencies found for delta (1.0-4.0 Hz) on channel 75
      Warning: No frequencies found for delta (1.0-4.0 Hz) on channel 76
      Warning: No frequencies found for delta (1.0-4.0 Hz) on channel 77
      Warning: No frequencies found for delta (1.0-4.0 Hz) on channel 78
      Warning: No frequencies found for delta (1.0-4.0 Hz) on channel 79
      Warning: No frequencies found for delta (1.0-4.0 Hz) on channel 80
      Warning: No frequencies found for delta (1.0-4.0 Hz) on channel 81
      Warning: No frequencies found for delta (1.0-4.0 Hz) on channel 82
      Warning: No frequencies found for delta (1.0-4.0 Hz) on channel 83
      Warning: No frequencies found for delta (1.0-4.0 Hz) on channel 84
      Warning: No frequencies found for delta (1.0-4.0 Hz) on channel 85
      Warning: No frequencies found for delta (1.0-4.0 Hz) on channel 86
      Warning: No frequencies found for delta (1.0-4.0 Hz) on channel 87
      Warning: No frequencies found for delta (1.0-4.0 Hz) on channel 88
      Warning: No frequencies found for delta (1.0-4.0 Hz) on channel 89
      Warning: No frequencies found for delta (1.0-4.0 Hz) on channel 90
      Warning: No frequencies found for delta (1.0-4.0 Hz) on channel 91
      Warning: No frequencies found for delta (1.0-4.0 Hz) on channel 92
      Warning: No frequencies found for delta (1.0-4.0 Hz) on channel 93
      Warning: No frequencies found for delta (1.0-4.0 Hz) on channel 94
      Warning: No frequencies found for delta (1.0-4.0 Hz) on channel 95
      Warning: No frequencies found for delta (1.0-4.0 Hz) on channel 96
      Warning: No frequencies found for delta (1.0-4.0 Hz) on channel 97
      Warning: No frequencies found for delta (1.0-4.0 Hz) on channel 98
      Warning: No frequencies found for delta (1.0-4.0 Hz) on channel 99
      Warning: No frequencies found for delta (1.0-4.0 Hz) on channel 100
      Warning: No frequencies found for delta (1.0-4.0 Hz) on channel 101
      Warning: No frequencies found for delta (1.0-4.0 Hz) on channel 102
      Warning: No frequencies found for delta (1.0-4.0 Hz) on channel 103
      Warning: No frequencies found for delta (1.0-4.0 Hz) on channel 104
      Warning: No frequencies found for delta (1.0-4.0 Hz) on channel 105
      Warning: No frequencies found for delta (1.0-4.0 Hz) on channel 106
      Warning: No frequencies found for delta (1.0-4.0 Hz) on channel 107
      Warning: No frequencies found for delta (1.0-4.0 Hz) on channel 108
      Warning: No frequencies found for delta (1.0-4.0 Hz) on channel 109
      Warning: No frequencies found for delta (1.0-4.0 Hz) on channel 110
      Warning: No frequencies found for delta (1.0-4.0 Hz) on channel 111
      Warning: No frequencies found for delta (1.0-4.0 Hz) on channel 112
      Warning: No frequencies found for delta (1.0-4.0 Hz) on channel 113
      Warning: No frequencies found for delta (1.0-4.0 Hz) on channel 114
      Warning: No frequencies found for delta (1.0-4.0 Hz) on channel 115
      Warning: No frequencies found for delta (1.0-4.0 Hz) on channel 116
      Warning: No frequencies found for delta (1.0-4.0 Hz) on channel 117
      Warning: No frequencies found for delta (1.0-4.0 Hz) on channel 118
      Warning: No frequencies found for delta (1.0-4.0 Hz) on channel 119
      Warning: No frequencies found for delta (1.0-4.0 Hz) on channel 120
      Warning: No frequencies found for delta (1.0-4.0 Hz) on channel 121
      Warning: No frequencies found for delta (1.0-4.0 Hz) on channel 122
      Warning: No frequencies found for delta (1.0-4.0 Hz) on channel 123
      Warning: No frequencies found for delta (1.0-4.0 Hz) on channel 124
      Warning: No frequencies found for delta (1.0-4.0 Hz) on channel 125
      Warning: No frequencies found for delta (1.0-4.0 Hz) on channel 126
      Warning: No frequencies found for delta (1.0-4.0 Hz) on channel 127
      Warning: No frequencies found for delta (1.0-4.0 Hz) on channel 128
      Warning: No frequencies found for delta (1.0-4.0 Hz) on channel 129
      Warning: No frequencies found for delta (1.0-4.0 Hz) on channel 130
      Warning: No frequencies found for delta (1.0-4.0 Hz) on channel 131
      Warning: No frequencies found for delta (1.0-4.0 Hz) on channel 132
      Warning: No frequencies found for delta (1.0-4.0 Hz) on channel 133
      Warning: No frequencies found for delta (1.0-4.0 Hz) on channel 134
      Warning: No frequencies found for delta (1.0-4.0 Hz) on channel 135
      Warning: No frequencies found for delta (1.0-4.0 Hz) on channel 136
      Warning: No frequencies found for delta (1.0-4.0 Hz) on channel 137
      Warning: No frequencies found for delta (1.0-4.0 Hz) on channel 138
      Warning: No frequencies found for delta (1.0-4.0 Hz) on channel 139
      Warning: No frequencies found for delta (1.0-4.0 Hz) on channel 140
      Warning: No frequencies found for delta (1.0-4.0 Hz) on channel 141
      Warning: No frequencies found for delta (1.0-4.0 Hz) on channel 142
      Warning: No frequencies found for delta (1.0-4.0 Hz) on channel 143
      Warning: No frequencies found for delta (1.0-4.0 Hz) on channel 144
      Warning: No frequencies found for delta (1.0-4.0 Hz) on channel 145
      Warning: No frequencies found for delta (1.0-4.0 Hz) on channel 146
      Warning: No frequencies found for delta (1.0-4.0 Hz) on channel 147
      Warning: No frequencies found for delta (1.0-4.0 Hz) on channel 148
      Warning: No frequencies found for delta (1.0-4.0 Hz) on channel 149
      Warning: No frequencies found for delta (1.0-4.0 Hz) on channel 150
      Warning: No frequencies found for delta (1.0-4.0 Hz) on channel 151
      Warning: No frequencies found for delta (1.0-4.0 Hz) on channel 152
      Warning: No frequencies found for delta (1.0-4.0 Hz) on channel 153
      Warning: No frequencies found for delta (1.0-4.0 Hz) on channel 154
      Warning: No frequencies found for delta (1.0-4.0 Hz) on channel 155
      Warning: No frequencies found for delta (1.0-4.0 Hz) on channel 156
      Warning: No frequencies found for delta (1.0-4.0 Hz) on channel 157
      Warning: No frequencies found for delta (1.0-4.0 Hz) on channel 158
      Warning: No frequencies found for delta (1.0-4.0 Hz) on channel 159
      Warning: No frequencies found for delta (1.0-4.0 Hz) on channel 160
      Warning: No frequencies found for delta (1.0-4.0 Hz) on channel 161
      Warning: No frequencies found for delta (1.0-4.0 Hz) on channel 162
      Warning: No frequencies found for delta (1.0-4.0 Hz) on channel 163
      Warning: No frequencies found for delta (1.0-4.0 Hz) on channel 164
    Chunk 4/120 (3.3%)      Warning: No frequencies found for delta (1.0-4.0 Hz) on channel 0
      Warning: No frequencies found for delta (1.0-4.0 Hz) on channel 1
      Warning: No frequencies found for delta (1.0-4.0 Hz) on channel 2
      Warning: No frequencies found for delta (1.0-4.0 Hz) on channel 3
      Warning: No frequencies found for delta (1.0-4.0 Hz) on channel 4
      Warning: No frequencies found for delta (1.0-4.0 Hz) on channel 5
      Warning: No frequencies found for delta (1.0-4.0 Hz) on channel 6
      Warning: No frequencies found for delta (1.0-4.0 Hz) on channel 7
      Warning: No frequencies found for delta (1.0-4.0 Hz) on channel 8
      Warning: No frequencies found for delta (1.0-4.0 Hz) on channel 9
      Warning: No frequencies found for delta (1.0-4.0 Hz) on channel 10
      Warning: No frequencies found for delta (1.0-4.0 Hz) on channel 11
      Warning: No frequencies found for delta (1.0-4.0 Hz) on channel 12
      Warning: No frequencies found for delta (1.0-4.0 Hz) on channel 13
      Warning: No frequencies found for delta (1.0-4.0 Hz) on channel 14
      Warning: No frequencies found for delta (1.0-4.0 Hz) on channel 15
      Warning: No frequencies found for delta (1.0-4.0 Hz) on channel 16
      Warning: No frequencies found for delta (1.0-4.0 Hz) on channel 17
      Warning: No frequencies found for delta (1.0-4.0 Hz) on channel 18
      Warning: No frequencies found for delta (1.0-4.0 Hz) on channel 19
      Warning: No frequencies found for delta (1.0-4.0 Hz) on channel 20
      Warning: No frequencies found for delta (1.0-4.0 Hz) on channel 21
      Warning: No frequencies found for delta (1.0-4.0 Hz) on channel 22
      Warning: No frequencies found for delta (1.0-4.0 Hz) on channel 23
      Warning: No frequencies found for delta (1.0-4.0 Hz) on channel 24
      Warning: No frequencies found for delta (1.0-4.0 Hz) on channel 25
      Warning: No frequencies found for delta (1.0-4.0 Hz) on channel 26
      Warning: No frequencies found for delta (1.0-4.0 Hz) on channel 27
      Warning: No frequencies found for delta (1.0-4.0 Hz) on channel 28
      Warning: No frequencies found for delta (1.0-4.0 Hz) on channel 29
      Warning: No frequencies found for delta (1.0-4.0 Hz) on channel 30
      Warning: No frequencies found for delta (1.0-4.0 Hz) on channel 31
      Warning: No frequencies found for delta (1.0-4.0 Hz) on channel 32
      Warning: No frequencies found for delta (1.0-4.0 Hz) on channel 33
      Warning: No frequencies found for delta (1.0-4.0 Hz) on channel 34
      Warning: No frequencies found for delta (1.0-4.0 Hz) on channel 35
      Warning: No frequencies found for delta (1.0-4.0 Hz) on channel 36
      Warning: No frequencies found for delta (1.0-4.0 Hz) on channel 37
      Warning: No frequencies found for delta (1.0-4.0 Hz) on channel 38
      Warning: No frequencies found for delta (1.0-4.0 Hz) on channel 39
      Warning: No frequencies found for delta (1.0-4.0 Hz) on channel 40
      Warning: No frequencies found for delta (1.0-4.0 Hz) on channel 41
      Warning: No frequencies found for delta (1.0-4.0 Hz) on channel 42
      Warning: No frequencies found for delta (1.0-4.0 Hz) on channel 43
      Warning: No frequencies found for delta (1.0-4.0 Hz) on channel 44
      Warning: No frequencies found for delta (1.0-4.0 Hz) on channel 45
      Warning: No frequencies found for delta (1.0-4.0 Hz) on channel 46
      Warning: No frequencies found for delta (1.0-4.0 Hz) on channel 47
      Warning: No frequencies found for delta (1.0-4.0 Hz) on channel 48
      Warning: No frequencies found for delta (1.0-4.0 Hz) on channel 49
      Warning: No frequencies found for delta (1.0-4.0 Hz) on channel 50
      Warning: No frequencies found for delta (1.0-4.0 Hz) on channel 51
      Warning: No frequencies found for delta (1.0-4.0 Hz) on channel 52
      Warning: No frequencies found for delta (1.0-4.0 Hz) on channel 53
      Warning: No frequencies found for delta (1.0-4.0 Hz) on channel 54
      Warning: No frequencies found for delta (1.0-4.0 Hz) on channel 55
      Warning: No frequencies found for delta (1.0-4.0 Hz) on channel 56
      Warning: No frequencies found for delta (1.0-4.0 Hz) on channel 57
      Warning: No frequencies found for delta (1.0-4.0 Hz) on channel 58
      Warning: No frequencies found for delta (1.0-4.0 Hz) on channel 59
      Warning: No frequencies found for delta (1.0-4.0 Hz) on channel 60
      Warning: No frequencies found for delta (1.0-4.0 Hz) on channel 61
      Warning: No frequencies found for delta (1.0-4.0 Hz) on channel 62
      Warning: No frequencies found for delta (1.0-4.0 Hz) on channel 63
      Warning: No frequencies found for delta (1.0-4.0 Hz) on channel 64
      Warning: No frequencies found for delta (1.0-4.0 Hz) on channel 65
      Warning: No frequencies found for delta (1.0-4.0 Hz) on channel 66
      Warning: No frequencies found for delta (1.0-4.0 Hz) on channel 67
      Warning: No frequencies found for delta (1.0-4.0 Hz) on channel 68
      Warning: No frequencies found for delta (1.0-4.0 Hz) on channel 69
      Warning: No frequencies found for delta (1.0-4.0 Hz) on channel 70
      Warning: No frequencies found for delta (1.0-4.0 Hz) on channel 71
      Warning: No frequencies found for delta (1.0-4.0 Hz) on channel 72
      Warning: No frequencies found for delta (1.0-4.0 Hz) on channel 73
      Warning: No frequencies found for delta (1.0-4.0 Hz) on channel 74
      Warning: No frequencies found for delta (1.0-4.0 Hz) on channel 75
      Warning: No frequencies found for delta (1.0-4.0 Hz) on channel 76
      Warning: No frequencies found for delta (1.0-4.0 Hz) on channel 77
      Warning: No frequencies found for delta (1.0-4.0 Hz) on channel 78
      Warning: No frequencies found for delta (1.0-4.0 Hz) on channel 79
      Warning: No frequencies found for delta (1.0-4.0 Hz) on channel 80
      Warning: No frequencies found for delta (1.0-4.0 Hz) on channel 81
      Warning: No frequencies found for delta (1.0-4.0 Hz) on channel 82
      Warning: No frequencies found for delta (1.0-4.0 Hz) on channel 83
      Warning: No frequencies found for delta (1.0-4.0 Hz) on channel 84
      Warning: No frequencies found for delta (1.0-4.0 Hz) on channel 85
      Warning: No frequencies found for delta (1.0-4.0 Hz) on channel 86
      Warning: No frequencies found for delta (1.0-4.0 Hz) on channel 87
      Warning: No frequencies found for delta (1.0-4.0 Hz) on channel 88
      Warning: No frequencies found for delta (1.0-4.0 Hz) on channel 89
      Warning: No frequencies found for delta (1.0-4.0 Hz) on channel 90
      Warning: No frequencies found for delta (1.0-4.0 Hz) on channel 91
      Warning: No frequencies found for delta (1.0-4.0 Hz) on channel 92
      Warning: No frequencies found for delta (1.0-4.0 Hz) on channel 93
      Warning: No frequencies found for delta (1.0-4.0 Hz) on channel 94
      Warning: No frequencies found for delta (1.0-4.0 Hz) on channel 95
      Warning: No frequencies found for delta (1.0-4.0 Hz) on channel 96
      Warning: No frequencies found for delta (1.0-4.0 Hz) on channel 97
      Warning: No frequencies found for delta (1.0-4.0 Hz) on channel 98
      Warning: No frequencies found for delta (1.0-4.0 Hz) on channel 99
      Warning: No frequencies found for delta (1.0-4.0 Hz) on channel 100
      Warning: No frequencies found for delta (1.0-4.0 Hz) on channel 101
      Warning: No frequencies found for delta (1.0-4.0 Hz) on channel 102
      Warning: No frequencies found for delta (1.0-4.0 Hz) on channel 103
      Warning: No frequencies found for delta (1.0-4.0 Hz) on channel 104
      Warning: No frequencies found for delta (1.0-4.0 Hz) on channel 105
      Warning: No frequencies found for delta (1.0-4.0 Hz) on channel 106
      Warning: No frequencies found for delta (1.0-4.0 Hz) on channel 107
      Warning: No frequencies found for delta (1.0-4.0 Hz) on channel 108
      Warning: No frequencies found for delta (1.0-4.0 Hz) on channel 109
      Warning: No frequencies found for delta (1.0-4.0 Hz) on channel 110
      Warning: No frequencies found for delta (1.0-4.0 Hz) on channel 111
      Warning: No frequencies found for delta (1.0-4.0 Hz) on channel 112
      Warning: No frequencies found for delta (1.0-4.0 Hz) on channel 113
      Warning: No frequencies found for delta (1.0-4.0 Hz) on channel 114
      Warning: No frequencies found for delta (1.0-4.0 Hz) on channel 115
      Warning: No frequencies found for delta (1.0-4.0 Hz) on channel 116
      Warning: No frequencies found for delta (1.0-4.0 Hz) on channel 117
      Warning: No frequencies found for delta (1.0-4.0 Hz) on channel 118
      Warning: No frequencies found for delta (1.0-4.0 Hz) on channel 119
      Warning: No frequencies found for delta (1.0-4.0 Hz) on channel 120
      Warning: No frequencies found for delta (1.0-4.0 Hz) on channel 121
      Warning: No frequencies found for delta (1.0-4.0 Hz) on channel 122
      Warning: No frequencies found for delta (1.0-4.0 Hz) on channel 123
      Warning: No frequencies found for delta (1.0-4.0 Hz) on channel 124
      Warning: No frequencies found for delta (1.0-4.0 Hz) on channel 125
      Warning: No frequencies found for delta (1.0-4.0 Hz) on channel 126
      Warning: No frequencies found for delta (1.0-4.0 Hz) on channel 127
      Warning: No frequencies found for delta (1.0-4.0 Hz) on channel 128
      Warning: No frequencies found for delta (1.0-4.0 Hz) on channel 129
      Warning: No frequencies found for delta (1.0-4.0 Hz) on channel 130
      Warning: No frequencies found for delta (1.0-4.0 Hz) on channel 131
      Warning: No frequencies found for delta (1.0-4.0 Hz) on channel 132
      Warning: No frequencies found for delta (1.0-4.0 Hz) on channel 133
      Warning: No frequencies found for delta (1.0-4.0 Hz) on channel 134
      Warning: No frequencies found for delta (1.0-4.0 Hz) on channel 135
      Warning: No frequencies found for delta (1.0-4.0 Hz) on channel 136
      Warning: No frequencies found for delta (1.0-4.0 Hz) on channel 137
      Warning: No frequencies found for delta (1.0-4.0 Hz) on channel 138
      Warning: No frequencies found for delta (1.0-4.0 Hz) on channel 139
      Warning: No frequencies found for delta (1.0-4.0 Hz) on channel 140
      Warning: No frequencies found for delta (1.0-4.0 Hz) on channel 141
      Warning: No frequencies found for delta (1.0-4.0 Hz) on channel 142
      Warning: No frequencies found for delta (1.0-4.0 Hz) on channel 143
      Warning: No frequencies found for delta (1.0-4.0 Hz) on channel 144
      Warning: No frequencies found for delta (1.0-4.0 Hz) on channel 145
      Warning: No frequencies found for delta (1.0-4.0 Hz) on channel 146
      Warning: No frequencies found for delta (1.0-4.0 Hz) on channel 147
      Warning: No frequencies found for delta (1.0-4.0 Hz) on channel 148
      Warning: No frequencies found for delta (1.0-4.0 Hz) on channel 149
      Warning: No frequencies found for delta (1.0-4.0 Hz) on channel 150
      Warning: No frequencies found for delta (1.0-4.0 Hz) on channel 151
      Warning: No frequencies found for delta (1.0-4.0 Hz) on channel 152
      Warning: No frequencies found for delta (1.0-4.0 Hz) on channel 153
      Warning: No frequencies found for delta (1.0-4.0 Hz) on channel 154
      Warning: No frequencies found for delta (1.0-4.0 Hz) on channel 155
      Warning: No frequencies found for delta (1.0-4.0 Hz) on channel 156
      Warning: No frequencies found for delta (1.0-4.0 Hz) on channel 157
      Warning: No frequencies found for delta (1.0-4.0 Hz) on channel 158
      Warning: No frequencies found for delta (1.0-4.0 Hz) on channel 159
      Warning: No frequencies found for delta (1.0-4.0 Hz) on channel 160
      Warning: No frequencies found for delta (1.0-4.0 Hz) on channel 161
      Warning: No frequencies found for delta (1.0-4.0 Hz) on channel 162
      Warning: No frequencies found for delta (1.0-4.0 Hz) on channel 163
      Warning: No frequencies found for delta (1.0-4.0 Hz) on channel 164
    Chunk 5/120 (4.2%)      Warning: No frequencies found for delta (1.0-4.0 Hz) on channel 0
      Warning: No frequencies found for delta (1.0-4.0 Hz) on channel 1
      Warning: No frequencies found for delta (1.0-4.0 Hz) on channel 2
      Warning: No frequencies found for delta (1.0-4.0 Hz) on channel 3
      Warning: No frequencies found for delta (1.0-4.0 Hz) on channel 4
      Warning: No frequencies found for delta (1.0-4.0 Hz) on channel 5
      Warning: No frequencies found for delta (1.0-4.0 Hz) on channel 6
      Warning: No frequencies found for delta (1.0-4.0 Hz) on channel 7
      Warning: No frequencies found for delta (1.0-4.0 Hz) on channel 8
      Warning: No frequencies found for delta (1.0-4.0 Hz) on channel 9
      Warning: No frequencies found for delta (1.0-4.0 Hz) on channel 10
      Warning: No frequencies found for delta (1.0-4.0 Hz) on channel 11
      Warning: No frequencies found for delta (1.0-4.0 Hz) on channel 12
      Warning: No frequencies found for delta (1.0-4.0 Hz) on channel 13
      Warning: No frequencies found for delta (1.0-4.0 Hz) on channel 14
      Warning: No frequencies found for delta (1.0-4.0 Hz) on channel 15
      Warning: No frequencies found for delta (1.0-4.0 Hz) on channel 16
      Warning: No frequencies found for delta (1.0-4.0 Hz) on channel 17
      Warning: No frequencies found for delta (1.0-4.0 Hz) on channel 18
      Warning: No frequencies found for delta (1.0-4.0 Hz) on channel 19
      Warning: No frequencies found for delta (1.0-4.0 Hz) on channel 20
      Warning: No frequencies found for delta (1.0-4.0 Hz) on channel 21
      Warning: No frequencies found for delta (1.0-4.0 Hz) on channel 22
      Warning: No frequencies found for delta (1.0-4.0 Hz) on channel 23
      Warning: No frequencies found for delta (1.0-4.0 Hz) on channel 24
      Warning: No frequencies found for delta (1.0-4.0 Hz) on channel 25
      Warning: No frequencies found for delta (1.0-4.0 Hz) on channel 26
      Warning: No frequencies found for delta (1.0-4.0 Hz) on channel 27
      Warning: No frequencies found for delta (1.0-4.0 Hz) on channel 28
      Warning: No frequencies found for delta (1.0-4.0 Hz) on channel 29
      Warning: No frequencies found for delta (1.0-4.0 Hz) on channel 30
      Warning: No frequencies found for delta (1.0-4.0 Hz) on channel 31
      Warning: No frequencies found for delta (1.0-4.0 Hz) on channel 32
      Warning: No frequencies found for delta (1.0-4.0 Hz) on channel 33
      Warning: No frequencies found for delta (1.0-4.0 Hz) on channel 34
      Warning: No frequencies found for delta (1.0-4.0 Hz) on channel 35
      Warning: No frequencies found for delta (1.0-4.0 Hz) on channel 36
      Warning: No frequencies found for delta (1.0-4.0 Hz) on channel 37
      Warning: No frequencies found for delta (1.0-4.0 Hz) on channel 38
      Warning: No frequencies found for delta (1.0-4.0 Hz) on channel 39
      Warning: No frequencies found for delta (1.0-4.0 Hz) on channel 40
      Warning: No frequencies found for delta (1.0-4.0 Hz) on channel 41
      Warning: No frequencies found for delta (1.0-4.0 Hz) on channel 42
      Warning: No frequencies found for delta (1.0-4.0 Hz) on channel 43
      Warning: No frequencies found for delta (1.0-4.0 Hz) on channel 44
      Warning: No frequencies found for delta (1.0-4.0 Hz) on channel 45
      Warning: No frequencies found for delta (1.0-4.0 Hz) on channel 46
      Warning: No frequencies found for delta (1.0-4.0 Hz) on channel 47
      Warning: No frequencies found for delta (1.0-4.0 Hz) on channel 48
      Warning: No frequencies found for delta (1.0-4.0 Hz) on channel 49
      Warning: No frequencies found for delta (1.0-4.0 Hz) on channel 50
      Warning: No frequencies found for delta (1.0-4.0 Hz) on channel 51
      Warning: No frequencies found for delta (1.0-4.0 Hz) on channel 52
      Warning: No frequencies found for delta (1.0-4.0 Hz) on channel 53
      Warning: No frequencies found for delta (1.0-4.0 Hz) on channel 54
      Warning: No frequencies found for delta (1.0-4.0 Hz) on channel 55
      Warning: No frequencies found for delta (1.0-4.0 Hz) on channel 56
      Warning: No frequencies found for delta (1.0-4.0 Hz) on channel 57
      Warning: No frequencies found for delta (1.0-4.0 Hz) on channel 58
      Warning: No frequencies found for delta (1.0-4.0 Hz) on channel 59
      Warning: No frequencies found for delta (1.0-4.0 Hz) on channel 60
      Warning: No frequencies found for delta (1.0-4.0 Hz) on channel 61
      Warning: No frequencies found for delta (1.0-4.0 Hz) on channel 62
      Warning: No frequencies found for delta (1.0-4.0 Hz) on channel 63
      Warning: No frequencies found for delta (1.0-4.0 Hz) on channel 64
      Warning: No frequencies found for delta (1.0-4.0 Hz) on channel 65
      Warning: No frequencies found for delta (1.0-4.0 Hz) on channel 66
      Warning: No frequencies found for delta (1.0-4.0 Hz) on channel 67
      Warning: No frequencies found for delta (1.0-4.0 Hz) on channel 68
      Warning: No frequencies found for delta (1.0-4.0 Hz) on channel 69
      Warning: No frequencies found for delta (1.0-4.0 Hz) on channel 70
      Warning: No frequencies found for delta (1.0-4.0 Hz) on channel 71
      Warning: No frequencies found for delta (1.0-4.0 Hz) on channel 72
      Warning: No frequencies found for delta (1.0-4.0 Hz) on channel 73
      Warning: No frequencies found for delta (1.0-4.0 Hz) on channel 74
      Warning: No frequencies found for delta (1.0-4.0 Hz) on channel 75
      Warning: No frequencies found for delta (1.0-4.0 Hz) on channel 76
      Warning: No frequencies found for delta (1.0-4.0 Hz) on channel 77
      Warning: No frequencies found for delta (1.0-4.0 Hz) on channel 78
      Warning: No frequencies found for delta (1.0-4.0 Hz) on channel 79
      Warning: No frequencies found for delta (1.0-4.0 Hz) on channel 80
      Warning: No frequencies found for delta (1.0-4.0 Hz) on channel 81
      Warning: No frequencies found for delta (1.0-4.0 Hz) on channel 82
      Warning: No frequencies found for delta (1.0-4.0 Hz) on channel 83
      Warning: No frequencies found for delta (1.0-4.0 Hz) on channel 84
      Warning: No frequencies found for delta (1.0-4.0 Hz) on channel 85
      Warning: No frequencies found for delta (1.0-4.0 Hz) on channel 86
      Warning: No frequencies found for delta (1.0-4.0 Hz) on channel 87
      Warning: No frequencies found for delta (1.0-4.0 Hz) on channel 88
      Warning: No frequencies found for delta (1.0-4.0 Hz) on channel 89
      Warning: No frequencies found for delta (1.0-4.0 Hz) on channel 90
      Warning: No frequencies found for delta (1.0-4.0 Hz) on channel 91
      Warning: No frequencies found for delta (1.0-4.0 Hz) on channel 92
      Warning: No frequencies found for delta (1.0-4.0 Hz) on channel 93
      Warning: No frequencies found for delta (1.0-4.0 Hz) on channel 94
      Warning: No frequencies found for delta (1.0-4.0 Hz) on channel 95
      Warning: No frequencies found for delta (1.0-4.0 Hz) on channel 96
      Warning: No frequencies found for delta (1.0-4.0 Hz) on channel 97
      Warning: No frequencies found for delta (1.0-4.0 Hz) on channel 98
      Warning: No frequencies found for delta (1.0-4.0 Hz) on channel 99
      Warning: No frequencies found for delta (1.0-4.0 Hz) on channel 100
      Warning: No frequencies found for delta (1.0-4.0 Hz) on channel 101
      Warning: No frequencies found for delta (1.0-4.0 Hz) on channel 102
      Warning: No frequencies found for delta (1.0-4.0 Hz) on channel 103
      Warning: No frequencies found for delta (1.0-4.0 Hz) on channel 104
      Warning: No frequencies found for delta (1.0-4.0 Hz) on channel 105
      Warning: No frequencies found for delta (1.0-4.0 Hz) on channel 106
      Warning: No frequencies found for delta (1.0-4.0 Hz) on channel 107
      Warning: No frequencies found for delta (1.0-4.0 Hz) on channel 108
      Warning: No frequencies found for delta (1.0-4.0 Hz) on channel 109
      Warning: No frequencies found for delta (1.0-4.0 Hz) on channel 110
      Warning: No frequencies found for delta (1.0-4.0 Hz) on channel 111
      Warning: No frequencies found for delta (1.0-4.0 Hz) on channel 112
      Warning: No frequencies found for delta (1.0-4.0 Hz) on channel 113
      Warning: No frequencies found for delta (1.0-4.0 Hz) on channel 114
      Warning: No frequencies found for delta (1.0-4.0 Hz) on channel 115
      Warning: No frequencies found for delta (1.0-4.0 Hz) on channel 116
      Warning: No frequencies found for delta (1.0-4.0 Hz) on channel 117
      Warning: No frequencies found for delta (1.0-4.0 Hz) on channel 118
      Warning: No frequencies found for delta (1.0-4.0 Hz) on channel 119
      Warning: No frequencies found for delta (1.0-4.0 Hz) on channel 120
      Warning: No frequencies found for delta (1.0-4.0 Hz) on channel 121
      Warning: No frequencies found for delta (1.0-4.0 Hz) on channel 122
      Warning: No frequencies found for delta (1.0-4.0 Hz) on channel 123
      Warning: No frequencies found for delta (1.0-4.0 Hz) on channel 124
      Warning: No frequencies found for delta (1.0-4.0 Hz) on channel 125
      Warning: No frequencies found for delta (1.0-4.0 Hz) on channel 126
      Warning: No frequencies found for delta (1.0-4.0 Hz) on channel 127
      Warning: No frequencies found for delta (1.0-4.0 Hz) on channel 128
      Warning: No frequencies found for delta (1.0-4.0 Hz) on channel 129
      Warning: No frequencies found for delta (1.0-4.0 Hz) on channel 130
      Warning: No frequencies found for delta (1.0-4.0 Hz) on channel 131
      Warning: No frequencies found for delta (1.0-4.0 Hz) on channel 132
      Warning: No frequencies found for delta (1.0-4.0 Hz) on channel 133
      Warning: No frequencies found for delta (1.0-4.0 Hz) on channel 134
      Warning: No frequencies found for delta (1.0-4.0 Hz) on channel 135
      Warning: No frequencies found for delta (1.0-4.0 Hz) on channel 136
      Warning: No frequencies found for delta (1.0-4.0 Hz) on channel 137
      Warning: No frequencies found for delta (1.0-4.0 Hz) on channel 138
      Warning: No frequencies found for delta (1.0-4.0 Hz) on channel 139
      Warning: No frequencies found for delta (1.0-4.0 Hz) on channel 140
      Warning: No frequencies found for delta (1.0-4.0 Hz) on channel 141
      Warning: No frequencies found for delta (1.0-4.0 Hz) on channel 142
      Warning: No frequencies found for delta (1.0-4.0 Hz) on channel 143
      Warning: No frequencies found for delta (1.0-4.0 Hz) on channel 144
      Warning: No frequencies found for delta (1.0-4.0 Hz) on channel 145
      Warning: No frequencies found for delta (1.0-4.0 Hz) on channel 146
      Warning: No frequencies found for delta (1.0-4.0 Hz) on channel 147
      Warning: No frequencies found for delta (1.0-4.0 Hz) on channel 148
      Warning: No frequencies found for delta (1.0-4.0 Hz) on channel 149
      Warning: No frequencies found for delta (1.0-4.0 Hz) on channel 150
      Warning: No frequencies found for delta (1.0-4.0 Hz) on channel 151
      Warning: No frequencies found for delta (1.0-4.0 Hz) on channel 152
      Warning: No frequencies found for delta (1.0-4.0 Hz) on channel 153
      Warning: No frequencies found for delta (1.0-4.0 Hz) on channel 154
      Warning: No frequencies found for delta (1.0-4.0 Hz) on channel 155
      Warning: No frequencies found for delta (1.0-4.0 Hz) on channel 156
      Warning: No frequencies found for delta (1.0-4.0 Hz) on channel 157
      Warning: No frequencies found for delta (1.0-4.0 Hz) on channel 158
      Warning: No frequencies found for delta (1.0-4.0 Hz) on channel 159
      Warning: No frequencies found for delta (1.0-4.0 Hz) on channel 160
      Warning: No frequencies found for delta (1.0-4.0 Hz) on channel 161
      Warning: No frequencies found for delta (1.0-4.0 Hz) on channel 162
      Warning: No frequencies found for delta (1.0-4.0 Hz) on channel 163
      Warning: No frequencies found for delta (1.0-4.0 Hz) on channel 164
    Chunk 6/120 (5.0%)      Warning: No frequencies found for delta (1.0-4.0 Hz) on channel 0
      Warning: No frequencies found for delta (1.0-4.0 Hz) on channel 1
      Warning: No frequencies found for delta (1.0-4.0 Hz) on channel 2
      Warning: No frequencies found for delta (1.0-4.0 Hz) on channel 3
      Warning: No frequencies found for delta (1.0-4.0 Hz) on channel 4
      Warning: No frequencies found for delta (1.0-4.0 Hz) on channel 5
      Warning: No frequencies found for delta (1.0-4.0 Hz) on channel 6
      Warning: No frequencies found for delta (1.0-4.0 Hz) on channel 7
      Warning: No frequencies found for delta (1.0-4.0 Hz) on channel 8
      Warning: No frequencies found for delta (1.0-4.0 Hz) on channel 9
      Warning: No frequencies found for delta (1.0-4.0 Hz) on channel 10
      Warning: No frequencies found for delta (1.0-4.0 Hz) on channel 11
      Warning: No frequencies found for delta (1.0-4.0 Hz) on channel 12
      Warning: No frequencies found for delta (1.0-4.0 Hz) on channel 13
      Warning: No frequencies found for delta (1.0-4.0 Hz) on channel 14
      Warning: No frequencies found for delta (1.0-4.0 Hz) on channel 15
      Warning: No frequencies found for delta (1.0-4.0 Hz) on channel 16
      Warning: No frequencies found for delta (1.0-4.0 Hz) on channel 17
      Warning: No frequencies found for delta (1.0-4.0 Hz) on channel 18
      Warning: No frequencies found for delta (1.0-4.0 Hz) on channel 19
      Warning: No frequencies found for delta (1.0-4.0 Hz) on channel 20
      Warning: No frequencies found for delta (1.0-4.0 Hz) on channel 21
      Warning: No frequencies found for delta (1.0-4.0 Hz) on channel 22
      Warning: No frequencies found for delta (1.0-4.0 Hz) on channel 23
      Warning: No frequencies found for delta (1.0-4.0 Hz) on channel 24
      Warning: No frequencies found for delta (1.0-4.0 Hz) on channel 25
      Warning: No frequencies found for delta (1.0-4.0 Hz) on channel 26
      Warning: No frequencies found for delta (1.0-4.0 Hz) on channel 27
      Warning: No frequencies found for delta (1.0-4.0 Hz) on channel 28
      Warning: No frequencies found for delta (1.0-4.0 Hz) on channel 29
      Warning: No frequencies found for delta (1.0-4.0 Hz) on channel 30
      Warning: No frequencies found for delta (1.0-4.0 Hz) on channel 31
      Warning: No frequencies found for delta (1.0-4.0 Hz) on channel 32
      Warning: No frequencies found for delta (1.0-4.0 Hz) on channel 33
      Warning: No frequencies found for delta (1.0-4.0 Hz) on channel 34
      Warning: No frequencies found for delta (1.0-4.0 Hz) on channel 35
      Warning: No frequencies found for delta (1.0-4.0 Hz) on channel 36
      Warning: No frequencies found for delta (1.0-4.0 Hz) on channel 37
      Warning: No frequencies found for delta (1.0-4.0 Hz) on channel 38
      Warning: No frequencies found for delta (1.0-4.0 Hz) on channel 39
      Warning: No frequencies found for delta (1.0-4.0 Hz) on channel 40
      Warning: No frequencies found for delta (1.0-4.0 Hz) on channel 41
      Warning: No frequencies found for delta (1.0-4.0 Hz) on channel 42
      Warning: No frequencies found for delta (1.0-4.0 Hz) on channel 43
      Warning: No frequencies found for delta (1.0-4.0 Hz) on channel 44
      Warning: No frequencies found for delta (1.0-4.0 Hz) on channel 45
      Warning: No frequencies found for delta (1.0-4.0 Hz) on channel 46
      Warning: No frequencies found for delta (1.0-4.0 Hz) on channel 47
      Warning: No frequencies found for delta (1.0-4.0 Hz) on channel 48
      Warning: No frequencies found for delta (1.0-4.0 Hz) on channel 49
      Warning: No frequencies found for delta (1.0-4.0 Hz) on channel 50
      Warning: No frequencies found for delta (1.0-4.0 Hz) on channel 51
      Warning: No frequencies found for delta (1.0-4.0 Hz) on channel 52
      Warning: No frequencies found for delta (1.0-4.0 Hz) on channel 53
      Warning: No frequencies found for delta (1.0-4.0 Hz) on channel 54
      Warning: No frequencies found for delta (1.0-4.0 Hz) on channel 55
      Warning: No frequencies found for delta (1.0-4.0 Hz) on channel 56
      Warning: No frequencies found for delta (1.0-4.0 Hz) on channel 57
      Warning: No frequencies found for delta (1.0-4.0 Hz) on channel 58
      Warning: No frequencies found for delta (1.0-4.0 Hz) on channel 59
      Warning: No frequencies found for delta (1.0-4.0 Hz) on channel 60
      Warning: No frequencies found for delta (1.0-4.0 Hz) on channel 61
      Warning: No frequencies found for delta (1.0-4.0 Hz) on channel 62
      Warning: No frequencies found for delta (1.0-4.0 Hz) on channel 63
      Warning: No frequencies found for delta (1.0-4.0 Hz) on channel 64
      Warning: No frequencies found for delta (1.0-4.0 Hz) on channel 65
      Warning: No frequencies found for delta (1.0-4.0 Hz) on channel 66
      Warning: No frequencies found for delta (1.0-4.0 Hz) on channel 67
      Warning: No frequencies found for delta (1.0-4.0 Hz) on channel 68
      Warning: No frequencies found for delta (1.0-4.0 Hz) on channel 69
      Warning: No frequencies found for delta (1.0-4.0 Hz) on channel 70
      Warning: No frequencies found for delta (1.0-4.0 Hz) on channel 71
      Warning: No frequencies found for delta (1.0-4.0 Hz) on channel 72
      Warning: No frequencies found for delta (1.0-4.0 Hz) on channel 73
      Warning: No frequencies found for delta (1.0-4.0 Hz) on channel 74
      Warning: No frequencies found for delta (1.0-4.0 Hz) on channel 75
      Warning: No frequencies found for delta (1.0-4.0 Hz) on channel 76
      Warning: No frequencies found for delta (1.0-4.0 Hz) on channel 77
      Warning: No frequencies found for delta (1.0-4.0 Hz) on channel 78
      Warning: No frequencies found for delta (1.0-4.0 Hz) on channel 79
      Warning: No frequencies found for delta (1.0-4.0 Hz) on channel 80
      Warning: No frequencies found for delta (1.0-4.0 Hz) on channel 81
      Warning: No frequencies found for delta (1.0-4.0 Hz) on channel 82
      Warning: No frequencies found for delta (1.0-4.0 Hz) on channel 83
      Warning: No frequencies found for delta (1.0-4.0 Hz) on channel 84
      Warning: No frequencies found for delta (1.0-4.0 Hz) on channel 85
      Warning: No frequencies found for delta (1.0-4.0 Hz) on channel 86
      Warning: No frequencies found for delta (1.0-4.0 Hz) on channel 87
      Warning: No frequencies found for delta (1.0-4.0 Hz) on channel 88
      Warning: No frequencies found for delta (1.0-4.0 Hz) on channel 89
      Warning: No frequencies found for delta (1.0-4.0 Hz) on channel 90
      Warning: No frequencies found for delta (1.0-4.0 Hz) on channel 91
      Warning: No frequencies found for delta (1.0-4.0 Hz) on channel 92
      Warning: No frequencies found for delta (1.0-4.0 Hz) on channel 93
      Warning: No frequencies found for delta (1.0-4.0 Hz) on channel 94
      Warning: No frequencies found for delta (1.0-4.0 Hz) on channel 95
      Warning: No frequencies found for delta (1.0-4.0 Hz) on channel 96
      Warning: No frequencies found for delta (1.0-4.0 Hz) on channel 97
      Warning: No frequencies found for delta (1.0-4.0 Hz) on channel 98
      Warning: No frequencies found for delta (1.0-4.0 Hz) on channel 99
      Warning: No frequencies found for delta (1.0-4.0 Hz) on channel 100
      Warning: No frequencies found for delta (1.0-4.0 Hz) on channel 101
      Warning: No frequencies found for delta (1.0-4.0 Hz) on channel 102
      Warning: No frequencies found for delta (1.0-4.0 Hz) on channel 103
      Warning: No frequencies found for delta (1.0-4.0 Hz) on channel 104
      Warning: No frequencies found for delta (1.0-4.0 Hz) on channel 105
      Warning: No frequencies found for delta (1.0-4.0 Hz) on channel 106
      Warning: No frequencies found for delta (1.0-4.0 Hz) on channel 107
      Warning: No frequencies found for delta (1.0-4.0 Hz) on channel 108
      Warning: No frequencies found for delta (1.0-4.0 Hz) on channel 109
      Warning: No frequencies found for delta (1.0-4.0 Hz) on channel 110
      Warning: No frequencies found for delta (1.0-4.0 Hz) on channel 111
      Warning: No frequencies found for delta (1.0-4.0 Hz) on channel 112
      Warning: No frequencies found for delta (1.0-4.0 Hz) on channel 113
      Warning: No frequencies found for delta (1.0-4.0 Hz) on channel 114
      Warning: No frequencies found for delta (1.0-4.0 Hz) on channel 115
      Warning: No frequencies found for delta (1.0-4.0 Hz) on channel 116
      Warning: No frequencies found for delta (1.0-4.0 Hz) on channel 117
      Warning: No frequencies found for delta (1.0-4.0 Hz) on channel 118
      Warning: No frequencies found for delta (1.0-4.0 Hz) on channel 119
      Warning: No frequencies found for delta (1.0-4.0 Hz) on channel 120
      Warning: No frequencies found for delta (1.0-4.0 Hz) on channel 121
      Warning: No frequencies found for delta (1.0-4.0 Hz) on channel 122
      Warning: No frequencies found for delta (1.0-4.0 Hz) on channel 123
      Warning: No frequencies found for delta (1.0-4.0 Hz) on channel 124
      Warning: No frequencies found for delta (1.0-4.0 Hz) on channel 125
      Warning: No frequencies found for delta (1.0-4.0 Hz) on channel 126
      Warning: No frequencies found for delta (1.0-4.0 Hz) on channel 127
      Warning: No frequencies found for delta (1.0-4.0 Hz) on channel 128
      Warning: No frequencies found for delta (1.0-4.0 Hz) on channel 129
      Warning: No frequencies found for delta (1.0-4.0 Hz) on channel 130
      Warning: No frequencies found for delta (1.0-4.0 Hz) on channel 131
      Warning: No frequencies found for delta (1.0-4.0 Hz) on channel 132
      Warning: No frequencies found for delta (1.0-4.0 Hz) on channel 133
      Warning: No frequencies found for delta (1.0-4.0 Hz) on channel 134
      Warning: No frequencies found for delta (1.0-4.0 Hz) on channel 135
      Warning: No frequencies found for delta (1.0-4.0 Hz) on channel 136
      Warning: No frequencies found for delta (1.0-4.0 Hz) on channel 137
      Warning: No frequencies found for delta (1.0-4.0 Hz) on channel 138
      Warning: No frequencies found for delta (1.0-4.0 Hz) on channel 139
      Warning: No frequencies found for delta (1.0-4.0 Hz) on channel 140
      Warning: No frequencies found for delta (1.0-4.0 Hz) on channel 141
      Warning: No frequencies found for delta (1.0-4.0 Hz) on channel 142
      Warning: No frequencies found for delta (1.0-4.0 Hz) on channel 143
      Warning: No frequencies found for delta (1.0-4.0 Hz) on channel 144
      Warning: No frequencies found for delta (1.0-4.0 Hz) on channel 145
      Warning: No frequencies found for delta (1.0-4.0 Hz) on channel 146
      Warning: No frequencies found for delta (1.0-4.0 Hz) on channel 147
      Warning: No frequencies found for delta (1.0-4.0 Hz) on channel 148
      Warning: No frequencies found for delta (1.0-4.0 Hz) on channel 149
      Warning: No frequencies found for delta (1.0-4.0 Hz) on channel 150
      Warning: No frequencies found for delta (1.0-4.0 Hz) on channel 151
      Warning: No frequencies found for delta (1.0-4.0 Hz) on channel 152
      Warning: No frequencies found for delta (1.0-4.0 Hz) on channel 153
      Warning: No frequencies found for delta (1.0-4.0 Hz) on channel 154
      Warning: No frequencies found for delta (1.0-4.0 Hz) on channel 155
      Warning: No frequencies found for delta (1.0-4.0 Hz) on channel 156
      Warning: No frequencies found for delta (1.0-4.0 Hz) on channel 157
      Warning: No frequencies found for delta (1.0-4.0 Hz) on channel 158
      Warning: No frequencies found for delta (1.0-4.0 Hz) on channel 159
      Warning: No frequencies found for delta (1.0-4.0 Hz) on channel 160
      Warning: No frequencies found for delta (1.0-4.0 Hz) on channel 161
      Warning: No frequencies found for delta (1.0-4.0 Hz) on channel 162
      Warning: No frequencies found for delta (1.0-4.0 Hz) on channel 163
      Warning: No frequencies found for delta (1.0-4.0 Hz) on channel 164
    Chunk 7/120 (5.8%)      Warning: No frequencies found for delta (1.0-4.0 Hz) on channel 0
      Warning: No frequencies found for delta (1.0-4.0 Hz) on channel 1
      Warning: No frequencies found for delta (1.0-4.0 Hz) on channel 2
      Warning: No frequencies found for delta (1.0-4.0 Hz) on channel 3
      Warning: No frequencies found for delta (1.0-4.0 Hz) on channel 4
      Warning: No frequencies found for delta (1.0-4.0 Hz) on channel 5
      Warning: No frequencies found for delta (1.0-4.0 Hz) on channel 6
      Warning: No frequencies found for delta (1.0-4.0 Hz) on channel 7
      Warning: No frequencies found for delta (1.0-4.0 Hz) on channel 8
      Warning: No frequencies found for delta (1.0-4.0 Hz) on channel 9
      Warning: No frequencies found for delta (1.0-4.0 Hz) on channel 10
      Warning: No frequencies found for delta (1.0-4.0 Hz) on channel 11
      Warning: No frequencies found for delta (1.0-4.0 Hz) on channel 12
      Warning: No frequencies found for delta (1.0-4.0 Hz) on channel 13
      Warning: No frequencies found for delta (1.0-4.0 Hz) on channel 14
      Warning: No frequencies found for delta (1.0-4.0 Hz) on channel 15
      Warning: No frequencies found for delta (1.0-4.0 Hz) on channel 16
      Warning: No frequencies found for delta (1.0-4.0 Hz) on channel 17
      Warning: No frequencies found for delta (1.0-4.0 Hz) on channel 18
      Warning: No frequencies found for delta (1.0-4.0 Hz) on channel 19
      Warning: No frequencies found for delta (1.0-4.0 Hz) on channel 20
      Warning: No frequencies found for delta (1.0-4.0 Hz) on channel 21
      Warning: No frequencies found for delta (1.0-4.0 Hz) on channel 22
      Warning: No frequencies found for delta (1.0-4.0 Hz) on channel 23
      Warning: No frequencies found for delta (1.0-4.0 Hz) on channel 24
      Warning: No frequencies found for delta (1.0-4.0 Hz) on channel 25
      Warning: No frequencies found for delta (1.0-4.0 Hz) on channel 26
      Warning: No frequencies found for delta (1.0-4.0 Hz) on channel 27
      Warning: No frequencies found for delta (1.0-4.0 Hz) on channel 28
      Warning: No frequencies found for delta (1.0-4.0 Hz) on channel 29
      Warning: No frequencies found for delta (1.0-4.0 Hz) on channel 30
      Warning: No frequencies found for delta (1.0-4.0 Hz) on channel 31
      Warning: No frequencies found for delta (1.0-4.0 Hz) on channel 32
      Warning: No frequencies found for delta (1.0-4.0 Hz) on channel 33
      Warning: No frequencies found for delta (1.0-4.0 Hz) on channel 34
      Warning: No frequencies found for delta (1.0-4.0 Hz) on channel 35
      Warning: No frequencies found for delta (1.0-4.0 Hz) on channel 36
      Warning: No frequencies found for delta (1.0-4.0 Hz) on channel 37
      Warning: No frequencies found for delta (1.0-4.0 Hz) on channel 38
      Warning: No frequencies found for delta (1.0-4.0 Hz) on channel 39
      Warning: No frequencies found for delta (1.0-4.0 Hz) on channel 40
      Warning: No frequencies found for delta (1.0-4.0 Hz) on channel 41
      Warning: No frequencies found for delta (1.0-4.0 Hz) on channel 42
      Warning: No frequencies found for delta (1.0-4.0 Hz) on channel 43
      Warning: No frequencies found for delta (1.0-4.0 Hz) on channel 44
      Warning: No frequencies found for delta (1.0-4.0 Hz) on channel 45
      Warning: No frequencies found for delta (1.0-4.0 Hz) on channel 46
      Warning: No frequencies found for delta (1.0-4.0 Hz) on channel 47
      Warning: No frequencies found for delta (1.0-4.0 Hz) on channel 48
      Warning: No frequencies found for delta (1.0-4.0 Hz) on channel 49
      Warning: No frequencies found for delta (1.0-4.0 Hz) on channel 50
      Warning: No frequencies found for delta (1.0-4.0 Hz) on channel 51
      Warning: No frequencies found for delta (1.0-4.0 Hz) on channel 52
      Warning: No frequencies found for delta (1.0-4.0 Hz) on channel 53
      Warning: No frequencies found for delta (1.0-4.0 Hz) on channel 54
      Warning: No frequencies found for delta (1.0-4.0 Hz) on channel 55
      Warning: No frequencies found for delta (1.0-4.0 Hz) on channel 56
      Warning: No frequencies found for delta (1.0-4.0 Hz) on channel 57
      Warning: No frequencies found for delta (1.0-4.0 Hz) on channel 58
      Warning: No frequencies found for delta (1.0-4.0 Hz) on channel 59
      Warning: No frequencies found for delta (1.0-4.0 Hz) on channel 60
      Warning: No frequencies found for delta (1.0-4.0 Hz) on channel 61
      Warning: No frequencies found for delta (1.0-4.0 Hz) on channel 62
      Warning: No frequencies found for delta (1.0-4.0 Hz) on channel 63
      Warning: No frequencies found for delta (1.0-4.0 Hz) on channel 64
      Warning: No frequencies found for delta (1.0-4.0 Hz) on channel 65
      Warning: No frequencies found for delta (1.0-4.0 Hz) on channel 66
      Warning: No frequencies found for delta (1.0-4.0 Hz) on channel 67
      Warning: No frequencies found for delta (1.0-4.0 Hz) on channel 68
      Warning: No frequencies found for delta (1.0-4.0 Hz) on channel 69
      Warning: No frequencies found for delta (1.0-4.0 Hz) on channel 70
      Warning: No frequencies found for delta (1.0-4.0 Hz) on channel 71
      Warning: No frequencies found for delta (1.0-4.0 Hz) on channel 72
      Warning: No frequencies found for delta (1.0-4.0 Hz) on channel 73
      Warning: No frequencies found for delta (1.0-4.0 Hz) on channel 74
      Warning: No frequencies found for delta (1.0-4.0 Hz) on channel 75
      Warning: No frequencies found for delta (1.0-4.0 Hz) on channel 76
      Warning: No frequencies found for delta (1.0-4.0 Hz) on channel 77
      Warning: No frequencies found for delta (1.0-4.0 Hz) on channel 78
      Warning: No frequencies found for delta (1.0-4.0 Hz) on channel 79
      Warning: No frequencies found for delta (1.0-4.0 Hz) on channel 80
      Warning: No frequencies found for delta (1.0-4.0 Hz) on channel 81
      Warning: No frequencies found for delta (1.0-4.0 Hz) on channel 82
      Warning: No frequencies found for delta (1.0-4.0 Hz) on channel 83
      Warning: No frequencies found for delta (1.0-4.0 Hz) on channel 84
      Warning: No frequencies found for delta (1.0-4.0 Hz) on channel 85
      Warning: No frequencies found for delta (1.0-4.0 Hz) on channel 86
      Warning: No frequencies found for delta (1.0-4.0 Hz) on channel 87
      Warning: No frequencies found for delta (1.0-4.0 Hz) on channel 88
      Warning: No frequencies found for delta (1.0-4.0 Hz) on channel 89
      Warning: No frequencies found for delta (1.0-4.0 Hz) on channel 90
      Warning: No frequencies found for delta (1.0-4.0 Hz) on channel 91
      Warning: No frequencies found for delta (1.0-4.0 Hz) on channel 92
      Warning: No frequencies found for delta (1.0-4.0 Hz) on channel 93
      Warning: No frequencies found for delta (1.0-4.0 Hz) on channel 94
      Warning: No frequencies found for delta (1.0-4.0 Hz) on channel 95
      Warning: No frequencies found for delta (1.0-4.0 Hz) on channel 96
      Warning: No frequencies found for delta (1.0-4.0 Hz) on channel 97
      Warning: No frequencies found for delta (1.0-4.0 Hz) on channel 98
      Warning: No frequencies found for delta (1.0-4.0 Hz) on channel 99
      Warning: No frequencies found for delta (1.0-4.0 Hz) on channel 100
      Warning: No frequencies found for delta (1.0-4.0 Hz) on channel 101
      Warning: No frequencies found for delta (1.0-4.0 Hz) on channel 102
      Warning: No frequencies found for delta (1.0-4.0 Hz) on channel 103
      Warning: No frequencies found for delta (1.0-4.0 Hz) on channel 104
      Warning: No frequencies found for delta (1.0-4.0 Hz) on channel 105
      Warning: No frequencies found for delta (1.0-4.0 Hz) on channel 106
      Warning: No frequencies found for delta (1.0-4.0 Hz) on channel 107
      Warning: No frequencies found for delta (1.0-4.0 Hz) on channel 108
      Warning: No frequencies found for delta (1.0-4.0 Hz) on channel 109
      Warning: No frequencies found for delta (1.0-4.0 Hz) on channel 110
      Warning: No frequencies found for delta (1.0-4.0 Hz) on channel 111
      Warning: No frequencies found for delta (1.0-4.0 Hz) on channel 112
      Warning: No frequencies found for delta (1.0-4.0 Hz) on channel 113
      Warning: No frequencies found for delta (1.0-4.0 Hz) on channel 114
      Warning: No frequencies found for delta (1.0-4.0 Hz) on channel 115
      Warning: No frequencies found for delta (1.0-4.0 Hz) on channel 116
      Warning: No frequencies found for delta (1.0-4.0 Hz) on channel 117
      Warning: No frequencies found for delta (1.0-4.0 Hz) on channel 118
      Warning: No frequencies found for delta (1.0-4.0 Hz) on channel 119
      Warning: No frequencies found for delta (1.0-4.0 Hz) on channel 120
      Warning: No frequencies found for delta (1.0-4.0 Hz) on channel 121
      Warning: No frequencies found for delta (1.0-4.0 Hz) on channel 122
      Warning: No frequencies found for delta (1.0-4.0 Hz) on channel 123
      Warning: No frequencies found for delta (1.0-4.0 Hz) on channel 124
      Warning: No frequencies found for delta (1.0-4.0 Hz) on channel 125
      Warning: No frequencies found for delta (1.0-4.0 Hz) on channel 126
      Warning: No frequencies found for delta (1.0-4.0 Hz) on channel 127
      Warning: No frequencies found for delta (1.0-4.0 Hz) on channel 128
      Warning: No frequencies found for delta (1.0-4.0 Hz) on channel 129
      Warning: No frequencies found for delta (1.0-4.0 Hz) on channel 130
      Warning: No frequencies found for delta (1.0-4.0 Hz) on channel 131
      Warning: No frequencies found for delta (1.0-4.0 Hz) on channel 132
      Warning: No frequencies found for delta (1.0-4.0 Hz) on channel 133
      Warning: No frequencies found for delta (1.0-4.0 Hz) on channel 134
      Warning: No frequencies found for delta (1.0-4.0 Hz) on channel 135
      Warning: No frequencies found for delta (1.0-4.0 Hz) on channel 136
      Warning: No frequencies found for delta (1.0-4.0 Hz) on channel 137
      Warning: No frequencies found for delta (1.0-4.0 Hz) on channel 138
      Warning: No frequencies found for delta (1.0-4.0 Hz) on channel 139
      Warning: No frequencies found for delta (1.0-4.0 Hz) on channel 140
      Warning: No frequencies found for delta (1.0-4.0 Hz) on channel 141
      Warning: No frequencies found for delta (1.0-4.0 Hz) on channel 142
      Warning: No frequencies found for delta (1.0-4.0 Hz) on channel 143
      Warning: No frequencies found for delta (1.0-4.0 Hz) on channel 144
      Warning: No frequencies found for delta (1.0-4.0 Hz) on channel 145
      Warning: No frequencies found for delta (1.0-4.0 Hz) on channel 146
      Warning: No frequencies found for delta (1.0-4.0 Hz) on channel 147
      Warning: No frequencies found for delta (1.0-4.0 Hz) on channel 148
      Warning: No frequencies found for delta (1.0-4.0 Hz) on channel 149
      Warning: No frequencies found for delta (1.0-4.0 Hz) on channel 150
      Warning: No frequencies found for delta (1.0-4.0 Hz) on channel 151
      Warning: No frequencies found for delta (1.0-4.0 Hz) on channel 152
      Warning: No frequencies found for delta (1.0-4.0 Hz) on channel 153
      Warning: No frequencies found for delta (1.0-4.0 Hz) on channel 154
      Warning: No frequencies found for delta (1.0-4.0 Hz) on channel 155
      Warning: No frequencies found for delta (1.0-4.0 Hz) on channel 156
      Warning: No frequencies found for delta (1.0-4.0 Hz) on channel 157
      Warning: No frequencies found for delta (1.0-4.0 Hz) on channel 158
      Warning: No frequencies found for delta (1.0-4.0 Hz) on channel 159
      Warning: No frequencies found for delta (1.0-4.0 Hz) on channel 160
      Warning: No frequencies found for delta (1.0-4.0 Hz) on channel 161
      Warning: No frequencies found for delta (1.0-4.0 Hz) on channel 162
      Warning: No frequencies found for delta (1.0-4.0 Hz) on channel 163
      Warning: No frequencies found for delta (1.0-4.0 Hz) on channel 164
    Chunk 8/120 (6.7%)      Warning: No frequencies found for delta (1.0-4.0 Hz) on channel 0
      Warning: No frequencies found for delta (1.0-4.0 Hz) on channel 1
      Warning: No frequencies found for delta (1.0-4.0 Hz) on channel 2
      Warning: No frequencies found for delta (1.0-4.0 Hz) on channel 3
      Warning: No frequencies found for delta (1.0-4.0 Hz) on channel 4
      Warning: No frequencies found for delta (1.0-4.0 Hz) on channel 5
      Warning: No frequencies found for delta (1.0-4.0 Hz) on channel 6
      Warning: No frequencies found for delta (1.0-4.0 Hz) on channel 7
      Warning: No frequencies found for delta (1.0-4.0 Hz) on channel 8
      Warning: No frequencies found for delta (1.0-4.0 Hz) on channel 9
      Warning: No frequencies found for delta (1.0-4.0 Hz) on channel 10
      Warning: No frequencies found for delta (1.0-4.0 Hz) on channel 11
      Warning: No frequencies found for delta (1.0-4.0 Hz) on channel 12
      Warning: No frequencies found for delta (1.0-4.0 Hz) on channel 13
      Warning: No frequencies found for delta (1.0-4.0 Hz) on channel 14
      Warning: No frequencies found for delta (1.0-4.0 Hz) on channel 15
      Warning: No frequencies found for delta (1.0-4.0 Hz) on channel 16
      Warning: No frequencies found for delta (1.0-4.0 Hz) on channel 17
      Warning: No frequencies found for delta (1.0-4.0 Hz) on channel 18
      Warning: No frequencies found for delta (1.0-4.0 Hz) on channel 19
      Warning: No frequencies found for delta (1.0-4.0 Hz) on channel 20
      Warning: No frequencies found for delta (1.0-4.0 Hz) on channel 21
      Warning: No frequencies found for delta (1.0-4.0 Hz) on channel 22
      Warning: No frequencies found for delta (1.0-4.0 Hz) on channel 23
      Warning: No frequencies found for delta (1.0-4.0 Hz) on channel 24
      Warning: No frequencies found for delta (1.0-4.0 Hz) on channel 25
      Warning: No frequencies found for delta (1.0-4.0 Hz) on channel 26
      Warning: No frequencies found for delta (1.0-4.0 Hz) on channel 27
      Warning: No frequencies found for delta (1.0-4.0 Hz) on channel 28
      Warning: No frequencies found for delta (1.0-4.0 Hz) on channel 29
      Warning: No frequencies found for delta (1.0-4.0 Hz) on channel 30
      Warning: No frequencies found for delta (1.0-4.0 Hz) on channel 31
      Warning: No frequencies found for delta (1.0-4.0 Hz) on channel 32
      Warning: No frequencies found for delta (1.0-4.0 Hz) on channel 33
      Warning: No frequencies found for delta (1.0-4.0 Hz) on channel 34
      Warning: No frequencies found for delta (1.0-4.0 Hz) on channel 35
      Warning: No frequencies found for delta (1.0-4.0 Hz) on channel 36
      Warning: No frequencies found for delta (1.0-4.0 Hz) on channel 37
      Warning: No frequencies found for delta (1.0-4.0 Hz) on channel 38
      Warning: No frequencies found for delta (1.0-4.0 Hz) on channel 39
      Warning: No frequencies found for delta (1.0-4.0 Hz) on channel 40
      Warning: No frequencies found for delta (1.0-4.0 Hz) on channel 41
      Warning: No frequencies found for delta (1.0-4.0 Hz) on channel 42
      Warning: No frequencies found for delta (1.0-4.0 Hz) on channel 43
      Warning: No frequencies found for delta (1.0-4.0 Hz) on channel 44
      Warning: No frequencies found for delta (1.0-4.0 Hz) on channel 45
      Warning: No frequencies found for delta (1.0-4.0 Hz) on channel 46
      Warning: No frequencies found for delta (1.0-4.0 Hz) on channel 47
      Warning: No frequencies found for delta (1.0-4.0 Hz) on channel 48
      Warning: No frequencies found for delta (1.0-4.0 Hz) on channel 49
      Warning: No frequencies found for delta (1.0-4.0 Hz) on channel 50
      Warning: No frequencies found for delta (1.0-4.0 Hz) on channel 51
      Warning: No frequencies found for delta (1.0-4.0 Hz) on channel 52
      Warning: No frequencies found for delta (1.0-4.0 Hz) on channel 53
      Warning: No frequencies found for delta (1.0-4.0 Hz) on channel 54
      Warning: No frequencies found for delta (1.0-4.0 Hz) on channel 55
      Warning: No frequencies found for delta (1.0-4.0 Hz) on channel 56
      Warning: No frequencies found for delta (1.0-4.0 Hz) on channel 57
      Warning: No frequencies found for delta (1.0-4.0 Hz) on channel 58
      Warning: No frequencies found for delta (1.0-4.0 Hz) on channel 59
      Warning: No frequencies found for delta (1.0-4.0 Hz) on channel 60
      Warning: No frequencies found for delta (1.0-4.0 Hz) on channel 61
      Warning: No frequencies found for delta (1.0-4.0 Hz) on channel 62
      Warning: No frequencies found for delta (1.0-4.0 Hz) on channel 63
      Warning: No frequencies found for delta (1.0-4.0 Hz) on channel 64
      Warning: No frequencies found for delta (1.0-4.0 Hz) on channel 65
      Warning: No frequencies found for delta (1.0-4.0 Hz) on channel 66
      Warning: No frequencies found for delta (1.0-4.0 Hz) on channel 67
      Warning: No frequencies found for delta (1.0-4.0 Hz) on channel 68
      Warning: No frequencies found for delta (1.0-4.0 Hz) on channel 69
      Warning: No frequencies found for delta (1.0-4.0 Hz) on channel 70
      Warning: No frequencies found for delta (1.0-4.0 Hz) on channel 71
      Warning: No frequencies found for delta (1.0-4.0 Hz) on channel 72
      Warning: No frequencies found for delta (1.0-4.0 Hz) on channel 73
      Warning: No frequencies found for delta (1.0-4.0 Hz) on channel 74
      Warning: No frequencies found for delta (1.0-4.0 Hz) on channel 75
      Warning: No frequencies found for delta (1.0-4.0 Hz) on channel 76
      Warning: No frequencies found for delta (1.0-4.0 Hz) on channel 77
      Warning: No frequencies found for delta (1.0-4.0 Hz) on channel 78
      Warning: No frequencies found for delta (1.0-4.0 Hz) on channel 79
      Warning: No frequencies found for delta (1.0-4.0 Hz) on channel 80
      Warning: No frequencies found for delta (1.0-4.0 Hz) on channel 81
      Warning: No frequencies found for delta (1.0-4.0 Hz) on channel 82
      Warning: No frequencies found for delta (1.0-4.0 Hz) on channel 83
      Warning: No frequencies found for delta (1.0-4.0 Hz) on channel 84
      Warning: No frequencies found for delta (1.0-4.0 Hz) on channel 85
      Warning: No frequencies found for delta (1.0-4.0 Hz) on channel 86
      Warning: No frequencies found for delta (1.0-4.0 Hz) on channel 87
      Warning: No frequencies found for delta (1.0-4.0 Hz) on channel 88
      Warning: No frequencies found for delta (1.0-4.0 Hz) on channel 89
      Warning: No frequencies found for delta (1.0-4.0 Hz) on channel 90
      Warning: No frequencies found for delta (1.0-4.0 Hz) on channel 91
      Warning: No frequencies found for delta (1.0-4.0 Hz) on channel 92
      Warning: No frequencies found for delta (1.0-4.0 Hz) on channel 93
      Warning: No frequencies found for delta (1.0-4.0 Hz) on channel 94
      Warning: No frequencies found for delta (1.0-4.0 Hz) on channel 95
      Warning: No frequencies found for delta (1.0-4.0 Hz) on channel 96
      Warning: No frequencies found for delta (1.0-4.0 Hz) on channel 97
      Warning: No frequencies found for delta (1.0-4.0 Hz) on channel 98
      Warning: No frequencies found for delta (1.0-4.0 Hz) on channel 99
      Warning: No frequencies found for delta (1.0-4.0 Hz) on channel 100
      Warning: No frequencies found for delta (1.0-4.0 Hz) on channel 101
      Warning: No frequencies found for delta (1.0-4.0 Hz) on channel 102
      Warning: No frequencies found for delta (1.0-4.0 Hz) on channel 103
      Warning: No frequencies found for delta (1.0-4.0 Hz) on channel 104
      Warning: No frequencies found for delta (1.0-4.0 Hz) on channel 105
      Warning: No frequencies found for delta (1.0-4.0 Hz) on channel 106
      Warning: No frequencies found for delta (1.0-4.0 Hz) on channel 107
      Warning: No frequencies found for delta (1.0-4.0 Hz) on channel 108
      Warning: No frequencies found for delta (1.0-4.0 Hz) on channel 109
      Warning: No frequencies found for delta (1.0-4.0 Hz) on channel 110
      Warning: No frequencies found for delta (1.0-4.0 Hz) on channel 111
      Warning: No frequencies found for delta (1.0-4.0 Hz) on channel 112
      Warning: No frequencies found for delta (1.0-4.0 Hz) on channel 113
      Warning: No frequencies found for delta (1.0-4.0 Hz) on channel 114
      Warning: No frequencies found for delta (1.0-4.0 Hz) on channel 115
      Warning: No frequencies found for delta (1.0-4.0 Hz) on channel 116
      Warning: No frequencies found for delta (1.0-4.0 Hz) on channel 117
      Warning: No frequencies found for delta (1.0-4.0 Hz) on channel 118
      Warning: No frequencies found for delta (1.0-4.0 Hz) on channel 119
      Warning: No frequencies found for delta (1.0-4.0 Hz) on channel 120
      Warning: No frequencies found for delta (1.0-4.0 Hz) on channel 121
      Warning: No frequencies found for delta (1.0-4.0 Hz) on channel 122
      Warning: No frequencies found for delta (1.0-4.0 Hz) on channel 123
      Warning: No frequencies found for delta (1.0-4.0 Hz) on channel 124
      Warning: No frequencies found for delta (1.0-4.0 Hz) on channel 125
      Warning: No frequencies found for delta (1.0-4.0 Hz) on channel 126
      Warning: No frequencies found for delta (1.0-4.0 Hz) on channel 127
      Warning: No frequencies found for delta (1.0-4.0 Hz) on channel 128
      Warning: No frequencies found for delta (1.0-4.0 Hz) on channel 129
      Warning: No frequencies found for delta (1.0-4.0 Hz) on channel 130
      Warning: No frequencies found for delta (1.0-4.0 Hz) on channel 131
      Warning: No frequencies found for delta (1.0-4.0 Hz) on channel 132
      Warning: No frequencies found for delta (1.0-4.0 Hz) on channel 133
      Warning: No frequencies found for delta (1.0-4.0 Hz) on channel 134
      Warning: No frequencies found for delta (1.0-4.0 Hz) on channel 135
      Warning: No frequencies found for delta (1.0-4.0 Hz) on channel 136
      Warning: No frequencies found for delta (1.0-4.0 Hz) on channel 137
      Warning: No frequencies found for delta (1.0-4.0 Hz) on channel 138
      Warning: No frequencies found for delta (1.0-4.0 Hz) on channel 139
      Warning: No frequencies found for delta (1.0-4.0 Hz) on channel 140
      Warning: No frequencies found for delta (1.0-4.0 Hz) on channel 141
      Warning: No frequencies found for delta (1.0-4.0 Hz) on channel 142
      Warning: No frequencies found for delta (1.0-4.0 Hz) on channel 143
      Warning: No frequencies found for delta (1.0-4.0 Hz) on channel 144
      Warning: No frequencies found for delta (1.0-4.0 Hz) on channel 145
      Warning: No frequencies found for delta (1.0-4.0 Hz) on channel 146
      Warning: No frequencies found for delta (1.0-4.0 Hz) on channel 147
      Warning: No frequencies found for delta (1.0-4.0 Hz) on channel 148
      Warning: No frequencies found for delta (1.0-4.0 Hz) on channel 149
      Warning: No frequencies found for delta (1.0-4.0 Hz) on channel 150
      Warning: No frequencies found for delta (1.0-4.0 Hz) on channel 151
      Warning: No frequencies found for delta (1.0-4.0 Hz) on channel 152
      Warning: No frequencies found for delta (1.0-4.0 Hz) on channel 153
      Warning: No frequencies found for delta (1.0-4.0 Hz) on channel 154
      Warning: No frequencies found for delta (1.0-4.0 Hz) on channel 155
      Warning: No frequencies found for delta (1.0-4.0 Hz) on channel 156
      Warning: No frequencies found for delta (1.0-4.0 Hz) on channel 157
      Warning: No frequencies found for delta (1.0-4.0 Hz) on channel 158
      Warning: No frequencies found for delta (1.0-4.0 Hz) on channel 159
      Warning: No frequencies found for delta (1.0-4.0 Hz) on channel 160
      Warning: No frequencies found for delta (1.0-4.0 Hz) on channel 161
      Warning: No frequencies found for delta (1.0-4.0 Hz) on channel 162
      Warning: No frequencies found for delta (1.0-4.0 Hz) on channel 163
      Warning: No frequencies found for delta (1.0-4.0 Hz) on channel 164
    Chunk 9/120 (7.5%)      Warning: No frequencies found for delta (1.0-4.0 Hz) on channel 0
      Warning: No frequencies found for delta (1.0-4.0 Hz) on channel 1
      Warning: No frequencies found for delta (1.0-4.0 Hz) on channel 2
      Warning: No frequencies found for delta (1.0-4.0 Hz) on channel 3
      Warning: No frequencies found for delta (1.0-4.0 Hz) on channel 4
      Warning: No frequencies found for delta (1.0-4.0 Hz) on channel 5
      Warning: No frequencies found for delta (1.0-4.0 Hz) on channel 6
      Warning: No frequencies found for delta (1.0-4.0 Hz) on channel 7
      Warning: No frequencies found for delta (1.0-4.0 Hz) on channel 8
      Warning: No frequencies found for delta (1.0-4.0 Hz) on channel 9
      Warning: No frequencies found for delta (1.0-4.0 Hz) on channel 10
      Warning: No frequencies found for delta (1.0-4.0 Hz) on channel 11
      Warning: No frequencies found for delta (1.0-4.0 Hz) on channel 12
      Warning: No frequencies found for delta (1.0-4.0 Hz) on channel 13
      Warning: No frequencies found for delta (1.0-4.0 Hz) on channel 14
      Warning: No frequencies found for delta (1.0-4.0 Hz) on channel 15
      Warning: No frequencies found for delta (1.0-4.0 Hz) on channel 16
      Warning: No frequencies found for delta (1.0-4.0 Hz) on channel 17
      Warning: No frequencies found for delta (1.0-4.0 Hz) on channel 18
      Warning: No frequencies found for delta (1.0-4.0 Hz) on channel 19
      Warning: No frequencies found for delta (1.0-4.0 Hz) on channel 20
      Warning: No frequencies found for delta (1.0-4.0 Hz) on channel 21
      Warning: No frequencies found for delta (1.0-4.0 Hz) on channel 22
      Warning: No frequencies found for delta (1.0-4.0 Hz) on channel 23
      Warning: No frequencies found for delta (1.0-4.0 Hz) on channel 24
      Warning: No frequencies found for delta (1.0-4.0 Hz) on channel 25
      Warning: No frequencies found for delta (1.0-4.0 Hz) on channel 26
      Warning: No frequencies found for delta (1.0-4.0 Hz) on channel 27
      Warning: No frequencies found for delta (1.0-4.0 Hz) on channel 28
      Warning: No frequencies found for delta (1.0-4.0 Hz) on channel 29
      Warning: No frequencies found for delta (1.0-4.0 Hz) on channel 30
      Warning: No frequencies found for delta (1.0-4.0 Hz) on channel 31
      Warning: No frequencies found for delta (1.0-4.0 Hz) on channel 32
      Warning: No frequencies found for delta (1.0-4.0 Hz) on channel 33
      Warning: No frequencies found for delta (1.0-4.0 Hz) on channel 34
      Warning: No frequencies found for delta (1.0-4.0 Hz) on channel 35
      Warning: No frequencies found for delta (1.0-4.0 Hz) on channel 36
      Warning: No frequencies found for delta (1.0-4.0 Hz) on channel 37
      Warning: No frequencies found for delta (1.0-4.0 Hz) on channel 38
      Warning: No frequencies found for delta (1.0-4.0 Hz) on channel 39
      Warning: No frequencies found for delta (1.0-4.0 Hz) on channel 40
      Warning: No frequencies found for delta (1.0-4.0 Hz) on channel 41
      Warning: No frequencies found for delta (1.0-4.0 Hz) on channel 42
      Warning: No frequencies found for delta (1.0-4.0 Hz) on channel 43
      Warning: No frequencies found for delta (1.0-4.0 Hz) on channel 44
      Warning: No frequencies found for delta (1.0-4.0 Hz) on channel 45
      Warning: No frequencies found for delta (1.0-4.0 Hz) on channel 46
      Warning: No frequencies found for delta (1.0-4.0 Hz) on channel 47
      Warning: No frequencies found for delta (1.0-4.0 Hz) on channel 48
      Warning: No frequencies found for delta (1.0-4.0 Hz) on channel 49
      Warning: No frequencies found for delta (1.0-4.0 Hz) on channel 50
      Warning: No frequencies found for delta (1.0-4.0 Hz) on channel 51
      Warning: No frequencies found for delta (1.0-4.0 Hz) on channel 52
      Warning: No frequencies found for delta (1.0-4.0 Hz) on channel 53
      Warning: No frequencies found for delta (1.0-4.0 Hz) on channel 54
      Warning: No frequencies found for delta (1.0-4.0 Hz) on channel 55
      Warning: No frequencies found for delta (1.0-4.0 Hz) on channel 56
      Warning: No frequencies found for delta (1.0-4.0 Hz) on channel 57
      Warning: No frequencies found for delta (1.0-4.0 Hz) on channel 58
      Warning: No frequencies found for delta (1.0-4.0 Hz) on channel 59
      Warning: No frequencies found for delta (1.0-4.0 Hz) on channel 60
      Warning: No frequencies found for delta (1.0-4.0 Hz) on channel 61
      Warning: No frequencies found for delta (1.0-4.0 Hz) on channel 62
      Warning: No frequencies found for delta (1.0-4.0 Hz) on channel 63
      Warning: No frequencies found for delta (1.0-4.0 Hz) on channel 64
      Warning: No frequencies found for delta (1.0-4.0 Hz) on channel 65
      Warning: No frequencies found for delta (1.0-4.0 Hz) on channel 66
      Warning: No frequencies found for delta (1.0-4.0 Hz) on channel 67
      Warning: No frequencies found for delta (1.0-4.0 Hz) on channel 68
      Warning: No frequencies found for delta (1.0-4.0 Hz) on channel 69
      Warning: No frequencies found for delta (1.0-4.0 Hz) on channel 70
      Warning: No frequencies found for delta (1.0-4.0 Hz) on channel 71
      Warning: No frequencies found for delta (1.0-4.0 Hz) on channel 72
      Warning: No frequencies found for delta (1.0-4.0 Hz) on channel 73
      Warning: No frequencies found for delta (1.0-4.0 Hz) on channel 74
      Warning: No frequencies found for delta (1.0-4.0 Hz) on channel 75
      Warning: No frequencies found for delta (1.0-4.0 Hz) on channel 76
      Warning: No frequencies found for delta (1.0-4.0 Hz) on channel 77
      Warning: No frequencies found for delta (1.0-4.0 Hz) on channel 78
      Warning: No frequencies found for delta (1.0-4.0 Hz) on channel 79
      Warning: No frequencies found for delta (1.0-4.0 Hz) on channel 80
      Warning: No frequencies found for delta (1.0-4.0 Hz) on channel 81
      Warning: No frequencies found for delta (1.0-4.0 Hz) on channel 82
      Warning: No frequencies found for delta (1.0-4.0 Hz) on channel 83
      Warning: No frequencies found for delta (1.0-4.0 Hz) on channel 84
      Warning: No frequencies found for delta (1.0-4.0 Hz) on channel 85
      Warning: No frequencies found for delta (1.0-4.0 Hz) on channel 86
      Warning: No frequencies found for delta (1.0-4.0 Hz) on channel 87
      Warning: No frequencies found for delta (1.0-4.0 Hz) on channel 88
      Warning: No frequencies found for delta (1.0-4.0 Hz) on channel 89
      Warning: No frequencies found for delta (1.0-4.0 Hz) on channel 90
      Warning: No frequencies found for delta (1.0-4.0 Hz) on channel 91
      Warning: No frequencies found for delta (1.0-4.0 Hz) on channel 92
      Warning: No frequencies found for delta (1.0-4.0 Hz) on channel 93
      Warning: No frequencies found for delta (1.0-4.0 Hz) on channel 94
      Warning: No frequencies found for delta (1.0-4.0 Hz) on channel 95
      Warning: No frequencies found for delta (1.0-4.0 Hz) on channel 96
      Warning: No frequencies found for delta (1.0-4.0 Hz) on channel 97
      Warning: No frequencies found for delta (1.0-4.0 Hz) on channel 98
      Warning: No frequencies found for delta (1.0-4.0 Hz) on channel 99
      Warning: No frequencies found for delta (1.0-4.0 Hz) on channel 100
      Warning: No frequencies found for delta (1.0-4.0 Hz) on channel 101
      Warning: No frequencies found for delta (1.0-4.0 Hz) on channel 102
      Warning: No frequencies found for delta (1.0-4.0 Hz) on channel 103
      Warning: No frequencies found for delta (1.0-4.0 Hz) on channel 104
      Warning: No frequencies found for delta (1.0-4.0 Hz) on channel 105
      Warning: No frequencies found for delta (1.0-4.0 Hz) on channel 106
      Warning: No frequencies found for delta (1.0-4.0 Hz) on channel 107
      Warning: No frequencies found for delta (1.0-4.0 Hz) on channel 108
      Warning: No frequencies found for delta (1.0-4.0 Hz) on channel 109
      Warning: No frequencies found for delta (1.0-4.0 Hz) on channel 110
      Warning: No frequencies found for delta (1.0-4.0 Hz) on channel 111
      Warning: No frequencies found for delta (1.0-4.0 Hz) on channel 112
      Warning: No frequencies found for delta (1.0-4.0 Hz) on channel 113
      Warning: No frequencies found for delta (1.0-4.0 Hz) on channel 114
      Warning: No frequencies found for delta (1.0-4.0 Hz) on channel 115
      Warning: No frequencies found for delta (1.0-4.0 Hz) on channel 116
      Warning: No frequencies found for delta (1.0-4.0 Hz) on channel 117
      Warning: No frequencies found for delta (1.0-4.0 Hz) on channel 118
      Warning: No frequencies found for delta (1.0-4.0 Hz) on channel 119
      Warning: No frequencies found for delta (1.0-4.0 Hz) on channel 120
      Warning: No frequencies found for delta (1.0-4.0 Hz) on channel 121
      Warning: No frequencies found for delta (1.0-4.0 Hz) on channel 122
      Warning: No frequencies found for delta (1.0-4.0 Hz) on channel 123
      Warning: No frequencies found for delta (1.0-4.0 Hz) on channel 124
      Warning: No frequencies found for delta (1.0-4.0 Hz) on channel 125
      Warning: No frequencies found for delta (1.0-4.0 Hz) on channel 126
      Warning: No frequencies found for delta (1.0-4.0 Hz) on channel 127
      Warning: No frequencies found for delta (1.0-4.0 Hz) on channel 128
      Warning: No frequencies found for delta (1.0-4.0 Hz) on channel 129
      Warning: No frequencies found for delta (1.0-4.0 Hz) on channel 130
      Warning: No frequencies found for delta (1.0-4.0 Hz) on channel 131
      Warning: No frequencies found for delta (1.0-4.0 Hz) on channel 132
      Warning: No frequencies found for delta (1.0-4.0 Hz) on channel 133
      Warning: No frequencies found for delta (1.0-4.0 Hz) on channel 134
      Warning: No frequencies found for delta (1.0-4.0 Hz) on channel 135
      Warning: No frequencies found for delta (1.0-4.0 Hz) on channel 136
      Warning: No frequencies found for delta (1.0-4.0 Hz) on channel 137
      Warning: No frequencies found for delta (1.0-4.0 Hz) on channel 138
      Warning: No frequencies found for delta (1.0-4.0 Hz) on channel 139
      Warning: No frequencies found for delta (1.0-4.0 Hz) on channel 140
      Warning: No frequencies found for delta (1.0-4.0 Hz) on channel 141
      Warning: No frequencies found for delta (1.0-4.0 Hz) on channel 142
      Warning: No frequencies found for delta (1.0-4.0 Hz) on channel 143
      Warning: No frequencies found for delta (1.0-4.0 Hz) on channel 144
      Warning: No frequencies found for delta (1.0-4.0 Hz) on channel 145
      Warning: No frequencies found for delta (1.0-4.0 Hz) on channel 146
      Warning: No frequencies found for delta (1.0-4.0 Hz) on channel 147
      Warning: No frequencies found for delta (1.0-4.0 Hz) on channel 148
      Warning: No frequencies found for delta (1.0-4.0 Hz) on channel 149
      Warning: No frequencies found for delta (1.0-4.0 Hz) on channel 150
      Warning: No frequencies found for delta (1.0-4.0 Hz) on channel 151
      Warning: No frequencies found for delta (1.0-4.0 Hz) on channel 152
      Warning: No frequencies found for delta (1.0-4.0 Hz) on channel 153
      Warning: No frequencies found for delta (1.0-4.0 Hz) on channel 154
      Warning: No frequencies found for delta (1.0-4.0 Hz) on channel 155
      Warning: No frequencies found for delta (1.0-4.0 Hz) on channel 156
      Warning: No frequencies found for delta (1.0-4.0 Hz) on channel 157
      Warning: No frequencies found for delta (1.0-4.0 Hz) on channel 158
      Warning: No frequencies found for delta (1.0-4.0 Hz) on channel 159
      Warning: No frequencies found for delta (1.0-4.0 Hz) on channel 160
      Warning: No frequencies found for delta (1.0-4.0 Hz) on channel 161
      Warning: No frequencies found for delta (1.0-4.0 Hz) on channel 162
      Warning: No frequencies found for delta (1.0-4.0 Hz) on channel 163
      Warning: No frequencies found for delta (1.0-4.0 Hz) on channel 164
    Chunk 10/120 (8.3%)      Warning: No frequencies found for delta (1.0-4.0 Hz) on channel 0
      Warning: No frequencies found for delta (1.0-4.0 Hz) on channel 1
      Warning: No frequencies found for delta (1.0-4.0 Hz) on channel 2
      Warning: No frequencies found for delta (1.0-4.0 Hz) on channel 3
      Warning: No frequencies found for delta (1.0-4.0 Hz) on channel 4
      Warning: No frequencies found for delta (1.0-4.0 Hz) on channel 5
      Warning: No frequencies found for delta (1.0-4.0 Hz) on channel 6
      Warning: No frequencies found for delta (1.0-4.0 Hz) on channel 7
      Warning: No frequencies found for delta (1.0-4.0 Hz) on channel 8
      Warning: No frequencies found for delta (1.0-4.0 Hz) on channel 9
      Warning: No frequencies found for delta (1.0-4.0 Hz) on channel 10
      Warning: No frequencies found for delta (1.0-4.0 Hz) on channel 11
      Warning: No frequencies found for delta (1.0-4.0 Hz) on channel 12
      Warning: No frequencies found for delta (1.0-4.0 Hz) on channel 13
      Warning: No frequencies found for delta (1.0-4.0 Hz) on channel 14
      Warning: No frequencies found for delta (1.0-4.0 Hz) on channel 15
      Warning: No frequencies found for delta (1.0-4.0 Hz) on channel 16
      Warning: No frequencies found for delta (1.0-4.0 Hz) on channel 17
      Warning: No frequencies found for delta (1.0-4.0 Hz) on channel 18
      Warning: No frequencies found for delta (1.0-4.0 Hz) on channel 19
      Warning: No frequencies found for delta (1.0-4.0 Hz) on channel 20
      Warning: No frequencies found for delta (1.0-4.0 Hz) on channel 21
      Warning: No frequencies found for delta (1.0-4.0 Hz) on channel 22
      Warning: No frequencies found for delta (1.0-4.0 Hz) on channel 23
      Warning: No frequencies found for delta (1.0-4.0 Hz) on channel 24
      Warning: No frequencies found for delta (1.0-4.0 Hz) on channel 25
      Warning: No frequencies found for delta (1.0-4.0 Hz) on channel 26
      Warning: No frequencies found for delta (1.0-4.0 Hz) on channel 27
      Warning: No frequencies found for delta (1.0-4.0 Hz) on channel 28
      Warning: No frequencies found for delta (1.0-4.0 Hz) on channel 29
      Warning: No frequencies found for delta (1.0-4.0 Hz) on channel 30
      Warning: No frequencies found for delta (1.0-4.0 Hz) on channel 31
      Warning: No frequencies found for delta (1.0-4.0 Hz) on channel 32
      Warning: No frequencies found for delta (1.0-4.0 Hz) on channel 33
      Warning: No frequencies found for delta (1.0-4.0 Hz) on channel 34
      Warning: No frequencies found for delta (1.0-4.0 Hz) on channel 35
      Warning: No frequencies found for delta (1.0-4.0 Hz) on channel 36
      Warning: No frequencies found for delta (1.0-4.0 Hz) on channel 37
      Warning: No frequencies found for delta (1.0-4.0 Hz) on channel 38
      Warning: No frequencies found for delta (1.0-4.0 Hz) on channel 39
      Warning: No frequencies found for delta (1.0-4.0 Hz) on channel 40
      Warning: No frequencies found for delta (1.0-4.0 Hz) on channel 41
      Warning: No frequencies found for delta (1.0-4.0 Hz) on channel 42
      Warning: No frequencies found for delta (1.0-4.0 Hz) on channel 43
      Warning: No frequencies found for delta (1.0-4.0 Hz) on channel 44
      Warning: No frequencies found for delta (1.0-4.0 Hz) on channel 45
      Warning: No frequencies found for delta (1.0-4.0 Hz) on channel 46
      Warning: No frequencies found for delta (1.0-4.0 Hz) on channel 47
      Warning: No frequencies found for delta (1.0-4.0 Hz) on channel 48
      Warning: No frequencies found for delta (1.0-4.0 Hz) on channel 49
      Warning: No frequencies found for delta (1.0-4.0 Hz) on channel 50
      Warning: No frequencies found for delta (1.0-4.0 Hz) on channel 51
      Warning: No frequencies found for delta (1.0-4.0 Hz) on channel 52
      Warning: No frequencies found for delta (1.0-4.0 Hz) on channel 53
      Warning: No frequencies found for delta (1.0-4.0 Hz) on channel 54
      Warning: No frequencies found for delta (1.0-4.0 Hz) on channel 55
      Warning: No frequencies found for delta (1.0-4.0 Hz) on channel 56
      Warning: No frequencies found for delta (1.0-4.0 Hz) on channel 57
      Warning: No frequencies found for delta (1.0-4.0 Hz) on channel 58
      Warning: No frequencies found for delta (1.0-4.0 Hz) on channel 59
      Warning: No frequencies found for delta (1.0-4.0 Hz) on channel 60
      Warning: No frequencies found for delta (1.0-4.0 Hz) on channel 61
      Warning: No frequencies found for delta (1.0-4.0 Hz) on channel 62
      Warning: No frequencies found for delta (1.0-4.0 Hz) on channel 63
      Warning: No frequencies found for delta (1.0-4.0 Hz) on channel 64
      Warning: No frequencies found for delta (1.0-4.0 Hz) on channel 65
      Warning: No frequencies found for delta (1.0-4.0 Hz) on channel 66
      Warning: No frequencies found for delta (1.0-4.0 Hz) on channel 67
      Warning: No frequencies found for delta (1.0-4.0 Hz) on channel 68
      Warning: No frequencies found for delta (1.0-4.0 Hz) on channel 69
      Warning: No frequencies found for delta (1.0-4.0 Hz) on channel 70
      Warning: No frequencies found for delta (1.0-4.0 Hz) on channel 71
      Warning: No frequencies found for delta (1.0-4.0 Hz) on channel 72
      Warning: No frequencies found for delta (1.0-4.0 Hz) on channel 73
      Warning: No frequencies found for delta (1.0-4.0 Hz) on channel 74
      Warning: No frequencies found for delta (1.0-4.0 Hz) on channel 75
      Warning: No frequencies found for delta (1.0-4.0 Hz) on channel 76
      Warning: No frequencies found for delta (1.0-4.0 Hz) on channel 77
      Warning: No frequencies found for delta (1.0-4.0 Hz) on channel 78
      Warning: No frequencies found for delta (1.0-4.0 Hz) on channel 79
      Warning: No frequencies found for delta (1.0-4.0 Hz) on channel 80
      Warning: No frequencies found for delta (1.0-4.0 Hz) on channel 81
      Warning: No frequencies found for delta (1.0-4.0 Hz) on channel 82
      Warning: No frequencies found for delta (1.0-4.0 Hz) on channel 83
      Warning: No frequencies found for delta (1.0-4.0 Hz) on channel 84
      Warning: No frequencies found for delta (1.0-4.0 Hz) on channel 85
      Warning: No frequencies found for delta (1.0-4.0 Hz) on channel 86
      Warning: No frequencies found for delta (1.0-4.0 Hz) on channel 87
      Warning: No frequencies found for delta (1.0-4.0 Hz) on channel 88
      Warning: No frequencies found for delta (1.0-4.0 Hz) on channel 89
      Warning: No frequencies found for delta (1.0-4.0 Hz) on channel 90
      Warning: No frequencies found for delta (1.0-4.0 Hz) on channel 91
      Warning: No frequencies found for delta (1.0-4.0 Hz) on channel 92
      Warning: No frequencies found for delta (1.0-4.0 Hz) on channel 93
      Warning: No frequencies found for delta (1.0-4.0 Hz) on channel 94
      Warning: No frequencies found for delta (1.0-4.0 Hz) on channel 95
      Warning: No frequencies found for delta (1.0-4.0 Hz) on channel 96
      Warning: No frequencies found for delta (1.0-4.0 Hz) on channel 97
      Warning: No frequencies found for delta (1.0-4.0 Hz) on channel 98
      Warning: No frequencies found for delta (1.0-4.0 Hz) on channel 99
      Warning: No frequencies found for delta (1.0-4.0 Hz) on channel 100
      Warning: No frequencies found for delta (1.0-4.0 Hz) on channel 101
      Warning: No frequencies found for delta (1.0-4.0 Hz) on channel 102
      Warning: No frequencies found for delta (1.0-4.0 Hz) on channel 103
      Warning: No frequencies found for delta (1.0-4.0 Hz) on channel 104
      Warning: No frequencies found for delta (1.0-4.0 Hz) on channel 105
      Warning: No frequencies found for delta (1.0-4.0 Hz) on channel 106
      Warning: No frequencies found for delta (1.0-4.0 Hz) on channel 107
      Warning: No frequencies found for delta (1.0-4.0 Hz) on channel 108
      Warning: No frequencies found for delta (1.0-4.0 Hz) on channel 109
      Warning: No frequencies found for delta (1.0-4.0 Hz) on channel 110
      Warning: No frequencies found for delta (1.0-4.0 Hz) on channel 111
      Warning: No frequencies found for delta (1.0-4.0 Hz) on channel 112
      Warning: No frequencies found for delta (1.0-4.0 Hz) on channel 113
      Warning: No frequencies found for delta (1.0-4.0 Hz) on channel 114
      Warning: No frequencies found for delta (1.0-4.0 Hz) on channel 115
      Warning: No frequencies found for delta (1.0-4.0 Hz) on channel 116
      Warning: No frequencies found for delta (1.0-4.0 Hz) on channel 117
      Warning: No frequencies found for delta (1.0-4.0 Hz) on channel 118
      Warning: No frequencies found for delta (1.0-4.0 Hz) on channel 119
      Warning: No frequencies found for delta (1.0-4.0 Hz) on channel 120
      Warning: No frequencies found for delta (1.0-4.0 Hz) on channel 121
      Warning: No frequencies found for delta (1.0-4.0 Hz) on channel 122
      Warning: No frequencies found for delta (1.0-4.0 Hz) on channel 123
      Warning: No frequencies found for delta (1.0-4.0 Hz) on channel 124
      Warning: No frequencies found for delta (1.0-4.0 Hz) on channel 125
      Warning: No frequencies found for delta (1.0-4.0 Hz) on channel 126
      Warning: No frequencies found for delta (1.0-4.0 Hz) on channel 127
      Warning: No frequencies found for delta (1.0-4.0 Hz) on channel 128
      Warning: No frequencies found for delta (1.0-4.0 Hz) on channel 129
      Warning: No frequencies found for delta (1.0-4.0 Hz) on channel 130
      Warning: No frequencies found for delta (1.0-4.0 Hz) on channel 131
      Warning: No frequencies found for delta (1.0-4.0 Hz) on channel 132
      Warning: No frequencies found for delta (1.0-4.0 Hz) on channel 133
      Warning: No frequencies found for delta (1.0-4.0 Hz) on channel 134
      Warning: No frequencies found for delta (1.0-4.0 Hz) on channel 135
      Warning: No frequencies found for delta (1.0-4.0 Hz) on channel 136
      Warning: No frequencies found for delta (1.0-4.0 Hz) on channel 137
      Warning: No frequencies found for delta (1.0-4.0 Hz) on channel 138
      Warning: No frequencies found for delta (1.0-4.0 Hz) on channel 139
      Warning: No frequencies found for delta (1.0-4.0 Hz) on channel 140
      Warning: No frequencies found for delta (1.0-4.0 Hz) on channel 141
      Warning: No frequencies found for delta (1.0-4.0 Hz) on channel 142
      Warning: No frequencies found for delta (1.0-4.0 Hz) on channel 143
      Warning: No frequencies found for delta (1.0-4.0 Hz) on channel 144
      Warning: No frequencies found for delta (1.0-4.0 Hz) on channel 145
      Warning: No frequencies found for delta (1.0-4.0 Hz) on channel 146
      Warning: No frequencies found for delta (1.0-4.0 Hz) on channel 147
      Warning: No frequencies found for delta (1.0-4.0 Hz) on channel 148
      Warning: No frequencies found for delta (1.0-4.0 Hz) on channel 149
      Warning: No frequencies found for delta (1.0-4.0 Hz) on channel 150
      Warning: No frequencies found for delta (1.0-4.0 Hz) on channel 151
      Warning: No frequencies found for delta (1.0-4.0 Hz) on channel 152
      Warning: No frequencies found for delta (1.0-4.0 Hz) on channel 153
      Warning: No frequencies found for delta (1.0-4.0 Hz) on channel 154
      Warning: No frequencies found for delta (1.0-4.0 Hz) on channel 155
      Warning: No frequencies found for delta (1.0-4.0 Hz) on channel 156
      Warning: No frequencies found for delta (1.0-4.0 Hz) on channel 157
      Warning: No frequencies found for delta (1.0-4.0 Hz) on channel 158
      Warning: No frequencies found for delta (1.0-4.0 Hz) on channel 159
      Warning: No frequencies found for delta (1.0-4.0 Hz) on channel 160
      Warning: No frequencies found for delta (1.0-4.0 Hz) on channel 161
      Warning: No frequencies found for delta (1.0-4.0 Hz) on channel 162
      Warning: No frequencies found for delta (1.0-4.0 Hz) on channel 163
      Warning: No frequencies found for delta (1.0-4.0 Hz) on channel 164
    Chunk 11/120 (9.2%)      Warning: No frequencies found for delta (1.0-4.0 Hz) on channel 0
      Warning: No frequencies found for delta (1.0-4.0 Hz) on channel 1
      Warning: No frequencies found for delta (1.0-4.0 Hz) on channel 2
      Warning: No frequencies found for delta (1.0-4.0 Hz) on channel 3
      Warning: No frequencies found for delta (1.0-4.0 Hz) on channel 4
      Warning: No frequencies found for delta (1.0-4.0 Hz) on channel 5
      Warning: No frequencies found for delta (1.0-4.0 Hz) on channel 6
      Warning: No frequencies found for delta (1.0-4.0 Hz) on channel 7
      Warning: No frequencies found for delta (1.0-4.0 Hz) on channel 8
      Warning: No frequencies found for delta (1.0-4.0 Hz) on channel 9
      Warning: No frequencies found for delta (1.0-4.0 Hz) on channel 10
      Warning: No frequencies found for delta (1.0-4.0 Hz) on channel 11
      Warning: No frequencies found for delta (1.0-4.0 Hz) on channel 12
      Warning: No frequencies found for delta (1.0-4.0 Hz) on channel 13
      Warning: No frequencies found for delta (1.0-4.0 Hz) on channel 14
      Warning: No frequencies found for delta (1.0-4.0 Hz) on channel 15
      Warning: No frequencies found for delta (1.0-4.0 Hz) on channel 16
      Warning: No frequencies found for delta (1.0-4.0 Hz) on channel 17
      Warning: No frequencies found for delta (1.0-4.0 Hz) on channel 18
      Warning: No frequencies found for delta (1.0-4.0 Hz) on channel 19
      Warning: No frequencies found for delta (1.0-4.0 Hz) on channel 20
      Warning: No frequencies found for delta (1.0-4.0 Hz) on channel 21
      Warning: No frequencies found for delta (1.0-4.0 Hz) on channel 22
      Warning: No frequencies found for delta (1.0-4.0 Hz) on channel 23
      Warning: No frequencies found for delta (1.0-4.0 Hz) on channel 24
      Warning: No frequencies found for delta (1.0-4.0 Hz) on channel 25
      Warning: No frequencies found for delta (1.0-4.0 Hz) on channel 26
      Warning: No frequencies found for delta (1.0-4.0 Hz) on channel 27
      Warning: No frequencies found for delta (1.0-4.0 Hz) on channel 28
      Warning: No frequencies found for delta (1.0-4.0 Hz) on channel 29
      Warning: No frequencies found for delta (1.0-4.0 Hz) on channel 30
      Warning: No frequencies found for delta (1.0-4.0 Hz) on channel 31
      Warning: No frequencies found for delta (1.0-4.0 Hz) on channel 32
      Warning: No frequencies found for delta (1.0-4.0 Hz) on channel 33
      Warning: No frequencies found for delta (1.0-4.0 Hz) on channel 34
      Warning: No frequencies found for delta (1.0-4.0 Hz) on channel 35
      Warning: No frequencies found for delta (1.0-4.0 Hz) on channel 36
      Warning: No frequencies found for delta (1.0-4.0 Hz) on channel 37
      Warning: No frequencies found for delta (1.0-4.0 Hz) on channel 38
      Warning: No frequencies found for delta (1.0-4.0 Hz) on channel 39
      Warning: No frequencies found for delta (1.0-4.0 Hz) on channel 40
      Warning: No frequencies found for delta (1.0-4.0 Hz) on channel 41
      Warning: No frequencies found for delta (1.0-4.0 Hz) on channel 42
      Warning: No frequencies found for delta (1.0-4.0 Hz) on channel 43
      Warning: No frequencies found for delta (1.0-4.0 Hz) on channel 44
      Warning: No frequencies found for delta (1.0-4.0 Hz) on channel 45
      Warning: No frequencies found for delta (1.0-4.0 Hz) on channel 46
      Warning: No frequencies found for delta (1.0-4.0 Hz) on channel 47
      Warning: No frequencies found for delta (1.0-4.0 Hz) on channel 48
      Warning: No frequencies found for delta (1.0-4.0 Hz) on channel 49
      Warning: No frequencies found for delta (1.0-4.0 Hz) on channel 50
      Warning: No frequencies found for delta (1.0-4.0 Hz) on channel 51
      Warning: No frequencies found for delta (1.0-4.0 Hz) on channel 52
      Warning: No frequencies found for delta (1.0-4.0 Hz) on channel 53
      Warning: No frequencies found for delta (1.0-4.0 Hz) on channel 54
      Warning: No frequencies found for delta (1.0-4.0 Hz) on channel 55
      Warning: No frequencies found for delta (1.0-4.0 Hz) on channel 56
      Warning: No frequencies found for delta (1.0-4.0 Hz) on channel 57
      Warning: No frequencies found for delta (1.0-4.0 Hz) on channel 58
      Warning: No frequencies found for delta (1.0-4.0 Hz) on channel 59
      Warning: No frequencies found for delta (1.0-4.0 Hz) on channel 60
      Warning: No frequencies found for delta (1.0-4.0 Hz) on channel 61
      Warning: No frequencies found for delta (1.0-4.0 Hz) on channel 62
      Warning: No frequencies found for delta (1.0-4.0 Hz) on channel 63
      Warning: No frequencies found for delta (1.0-4.0 Hz) on channel 64
      Warning: No frequencies found for delta (1.0-4.0 Hz) on channel 65
      Warning: No frequencies found for delta (1.0-4.0 Hz) on channel 66
      Warning: No frequencies found for delta (1.0-4.0 Hz) on channel 67
      Warning: No frequencies found for delta (1.0-4.0 Hz) on channel 68
      Warning: No frequencies found for delta (1.0-4.0 Hz) on channel 69
      Warning: No frequencies found for delta (1.0-4.0 Hz) on channel 70
      Warning: No frequencies found for delta (1.0-4.0 Hz) on channel 71
      Warning: No frequencies found for delta (1.0-4.0 Hz) on channel 72
      Warning: No frequencies found for delta (1.0-4.0 Hz) on channel 73
      Warning: No frequencies found for delta (1.0-4.0 Hz) on channel 74
      Warning: No frequencies found for delta (1.0-4.0 Hz) on channel 75
      Warning: No frequencies found for delta (1.0-4.0 Hz) on channel 76
      Warning: No frequencies found for delta (1.0-4.0 Hz) on channel 77
      Warning: No frequencies found for delta (1.0-4.0 Hz) on channel 78
      Warning: No frequencies found for delta (1.0-4.0 Hz) on channel 79
      Warning: No frequencies found for delta (1.0-4.0 Hz) on channel 80
      Warning: No frequencies found for delta (1.0-4.0 Hz) on channel 81
      Warning: No frequencies found for delta (1.0-4.0 Hz) on channel 82
      Warning: No frequencies found for delta (1.0-4.0 Hz) on channel 83
      Warning: No frequencies found for delta (1.0-4.0 Hz) on channel 84
      Warning: No frequencies found for delta (1.0-4.0 Hz) on channel 85
      Warning: No frequencies found for delta (1.0-4.0 Hz) on channel 86
      Warning: No frequencies found for delta (1.0-4.0 Hz) on channel 87
      Warning: No frequencies found for delta (1.0-4.0 Hz) on channel 88
      Warning: No frequencies found for delta (1.0-4.0 Hz) on channel 89
      Warning: No frequencies found for delta (1.0-4.0 Hz) on channel 90
      Warning: No frequencies found for delta (1.0-4.0 Hz) on channel 91
      Warning: No frequencies found for delta (1.0-4.0 Hz) on channel 92
      Warning: No frequencies found for delta (1.0-4.0 Hz) on channel 93
      Warning: No frequencies found for delta (1.0-4.0 Hz) on channel 94
      Warning: No frequencies found for delta (1.0-4.0 Hz) on channel 95
      Warning: No frequencies found for delta (1.0-4.0 Hz) on channel 96
      Warning: No frequencies found for delta (1.0-4.0 Hz) on channel 97
      Warning: No frequencies found for delta (1.0-4.0 Hz) on channel 98
      Warning: No frequencies found for delta (1.0-4.0 Hz) on channel 99
      Warning: No frequencies found for delta (1.0-4.0 Hz) on channel 100
      Warning: No frequencies found for delta (1.0-4.0 Hz) on channel 101
      Warning: No frequencies found for delta (1.0-4.0 Hz) on channel 102
      Warning: No frequencies found for delta (1.0-4.0 Hz) on channel 103
      Warning: No frequencies found for delta (1.0-4.0 Hz) on channel 104
      Warning: No frequencies found for delta (1.0-4.0 Hz) on channel 105
      Warning: No frequencies found for delta (1.0-4.0 Hz) on channel 106
      Warning: No frequencies found for delta (1.0-4.0 Hz) on channel 107
      Warning: No frequencies found for delta (1.0-4.0 Hz) on channel 108
      Warning: No frequencies found for delta (1.0-4.0 Hz) on channel 109
      Warning: No frequencies found for delta (1.0-4.0 Hz) on channel 110
      Warning: No frequencies found for delta (1.0-4.0 Hz) on channel 111
      Warning: No frequencies found for delta (1.0-4.0 Hz) on channel 112
      Warning: No frequencies found for delta (1.0-4.0 Hz) on channel 113
      Warning: No frequencies found for delta (1.0-4.0 Hz) on channel 114
      Warning: No frequencies found for delta (1.0-4.0 Hz) on channel 115
      Warning: No frequencies found for delta (1.0-4.0 Hz) on channel 116
      Warning: No frequencies found for delta (1.0-4.0 Hz) on channel 117
      Warning: No frequencies found for delta (1.0-4.0 Hz) on channel 118
      Warning: No frequencies found for delta (1.0-4.0 Hz) on channel 119
      Warning: No frequencies found for delta (1.0-4.0 Hz) on channel 120
      Warning: No frequencies found for delta (1.0-4.0 Hz) on channel 121
      Warning: No frequencies found for delta (1.0-4.0 Hz) on channel 122
      Warning: No frequencies found for delta (1.0-4.0 Hz) on channel 123
      Warning: No frequencies found for delta (1.0-4.0 Hz) on channel 124
      Warning: No frequencies found for delta (1.0-4.0 Hz) on channel 125
      Warning: No frequencies found for delta (1.0-4.0 Hz) on channel 126
      Warning: No frequencies found for delta (1.0-4.0 Hz) on channel 127
      Warning: No frequencies found for delta (1.0-4.0 Hz) on channel 128
      Warning: No frequencies found for delta (1.0-4.0 Hz) on channel 129
      Warning: No frequencies found for delta (1.0-4.0 Hz) on channel 130
      Warning: No frequencies found for delta (1.0-4.0 Hz) on channel 131
      Warning: No frequencies found for delta (1.0-4.0 Hz) on channel 132
      Warning: No frequencies found for delta (1.0-4.0 Hz) on channel 133
      Warning: No frequencies found for delta (1.0-4.0 Hz) on channel 134
      Warning: No frequencies found for delta (1.0-4.0 Hz) on channel 135
      Warning: No frequencies found for delta (1.0-4.0 Hz) on channel 136
      Warning: No frequencies found for delta (1.0-4.0 Hz) on channel 137
      Warning: No frequencies found for delta (1.0-4.0 Hz) on channel 138
      Warning: No frequencies found for delta (1.0-4.0 Hz) on channel 139
      Warning: No frequencies found for delta (1.0-4.0 Hz) on channel 140
      Warning: No frequencies found for delta (1.0-4.0 Hz) on channel 141
      Warning: No frequencies found for delta (1.0-4.0 Hz) on channel 142
      Warning: No frequencies found for delta (1.0-4.0 Hz) on channel 143
      Warning: No frequencies found for delta (1.0-4.0 Hz) on channel 144
      Warning: No frequencies found for delta (1.0-4.0 Hz) on channel 145
      Warning: No frequencies found for delta (1.0-4.0 Hz) on channel 146
      Warning: No frequencies found for delta (1.0-4.0 Hz) on channel 147
      Warning: No frequencies found for delta (1.0-4.0 Hz) on channel 148
      Warning: No frequencies found for delta (1.0-4.0 Hz) on channel 149
      Warning: No frequencies found for delta (1.0-4.0 Hz) on channel 150
      Warning: No frequencies found for delta (1.0-4.0 Hz) on channel 151
      Warning: No frequencies found for delta (1.0-4.0 Hz) on channel 152
      Warning: No frequencies found for delta (1.0-4.0 Hz) on channel 153
      Warning: No frequencies found for delta (1.0-4.0 Hz) on channel 154
      Warning: No frequencies found for delta (1.0-4.0 Hz) on channel 155
      Warning: No frequencies found for delta (1.0-4.0 Hz) on channel 156
      Warning: No frequencies found for delta (1.0-4.0 Hz) on channel 157
      Warning: No frequencies found for delta (1.0-4.0 Hz) on channel 158
      Warning: No frequencies found for delta (1.0-4.0 Hz) on channel 159
      Warning: No frequencies found for delta (1.0-4.0 Hz) on channel 160
      Warning: No frequencies found for delta (1.0-4.0 Hz) on channel 161
      Warning: No frequencies found for delta (1.0-4.0 Hz) on channel 162
      Warning: No frequencies found for delta (1.0-4.0 Hz) on channel 163
      Warning: No frequencies found for delta (1.0-4.0 Hz) on channel 164
    Chunk 12/120 (10.0%)      Warning: No frequencies found for delta (1.0-4.0 Hz) on channel 0
      Warning: No frequencies found for delta (1.0-4.0 Hz) on channel 1
      Warning: No frequencies found for delta (1.0-4.0 Hz) on channel 2
      Warning: No frequencies found for delta (1.0-4.0 Hz) on channel 3
      Warning: No frequencies found for delta (1.0-4.0 Hz) on channel 4
      Warning: No frequencies found for delta (1.0-4.0 Hz) on channel 5
      Warning: No frequencies found for delta (1.0-4.0 Hz) on channel 6
      Warning: No frequencies found for delta (1.0-4.0 Hz) on channel 7
      Warning: No frequencies found for delta (1.0-4.0 Hz) on channel 8
      Warning: No frequencies found for delta (1.0-4.0 Hz) on channel 9
      Warning: No frequencies found for delta (1.0-4.0 Hz) on channel 10
      Warning: No frequencies found for delta (1.0-4.0 Hz) on channel 11
      Warning: No frequencies found for delta (1.0-4.0 Hz) on channel 12
      Warning: No frequencies found for delta (1.0-4.0 Hz) on channel 13
      Warning: No frequencies found for delta (1.0-4.0 Hz) on channel 14
      Warning: No frequencies found for delta (1.0-4.0 Hz) on channel 15
      Warning: No frequencies found for delta (1.0-4.0 Hz) on channel 16
      Warning: No frequencies found for delta (1.0-4.0 Hz) on channel 17
      Warning: No frequencies found for delta (1.0-4.0 Hz) on channel 18
      Warning: No frequencies found for delta (1.0-4.0 Hz) on channel 19
      Warning: No frequencies found for delta (1.0-4.0 Hz) on channel 20
      Warning: No frequencies found for delta (1.0-4.0 Hz) on channel 21
      Warning: No frequencies found for delta (1.0-4.0 Hz) on channel 22
      Warning: No frequencies found for delta (1.0-4.0 Hz) on channel 23
      Warning: No frequencies found for delta (1.0-4.0 Hz) on channel 24
      Warning: No frequencies found for delta (1.0-4.0 Hz) on channel 25
      Warning: No frequencies found for delta (1.0-4.0 Hz) on channel 26
      Warning: No frequencies found for delta (1.0-4.0 Hz) on channel 27
      Warning: No frequencies found for delta (1.0-4.0 Hz) on channel 28
      Warning: No frequencies found for delta (1.0-4.0 Hz) on channel 29
      Warning: No frequencies found for delta (1.0-4.0 Hz) on channel 30
      Warning: No frequencies found for delta (1.0-4.0 Hz) on channel 31
      Warning: No frequencies found for delta (1.0-4.0 Hz) on channel 32
      Warning: No frequencies found for delta (1.0-4.0 Hz) on channel 33
      Warning: No frequencies found for delta (1.0-4.0 Hz) on channel 34
      Warning: No frequencies found for delta (1.0-4.0 Hz) on channel 35
      Warning: No frequencies found for delta (1.0-4.0 Hz) on channel 36
      Warning: No frequencies found for delta (1.0-4.0 Hz) on channel 37
      Warning: No frequencies found for delta (1.0-4.0 Hz) on channel 38
      Warning: No frequencies found for delta (1.0-4.0 Hz) on channel 39
      Warning: No frequencies found for delta (1.0-4.0 Hz) on channel 40
      Warning: No frequencies found for delta (1.0-4.0 Hz) on channel 41
      Warning: No frequencies found for delta (1.0-4.0 Hz) on channel 42
      Warning: No frequencies found for delta (1.0-4.0 Hz) on channel 43
      Warning: No frequencies found for delta (1.0-4.0 Hz) on channel 44
      Warning: No frequencies found for delta (1.0-4.0 Hz) on channel 45
      Warning: No frequencies found for delta (1.0-4.0 Hz) on channel 46
      Warning: No frequencies found for delta (1.0-4.0 Hz) on channel 47
      Warning: No frequencies found for delta (1.0-4.0 Hz) on channel 48
      Warning: No frequencies found for delta (1.0-4.0 Hz) on channel 49
      Warning: No frequencies found for delta (1.0-4.0 Hz) on channel 50
      Warning: No frequencies found for delta (1.0-4.0 Hz) on channel 51
      Warning: No frequencies found for delta (1.0-4.0 Hz) on channel 52
      Warning: No frequencies found for delta (1.0-4.0 Hz) on channel 53
      Warning: No frequencies found for delta (1.0-4.0 Hz) on channel 54
      Warning: No frequencies found for delta (1.0-4.0 Hz) on channel 55
      Warning: No frequencies found for delta (1.0-4.0 Hz) on channel 56
      Warning: No frequencies found for delta (1.0-4.0 Hz) on channel 57
      Warning: No frequencies found for delta (1.0-4.0 Hz) on channel 58
      Warning: No frequencies found for delta (1.0-4.0 Hz) on channel 59
      Warning: No frequencies found for delta (1.0-4.0 Hz) on channel 60
      Warning: No frequencies found for delta (1.0-4.0 Hz) on channel 61
      Warning: No frequencies found for delta (1.0-4.0 Hz) on channel 62
      Warning: No frequencies found for delta (1.0-4.0 Hz) on channel 63
      Warning: No frequencies found for delta (1.0-4.0 Hz) on channel 64
      Warning: No frequencies found for delta (1.0-4.0 Hz) on channel 65
      Warning: No frequencies found for delta (1.0-4.0 Hz) on channel 66
      Warning: No frequencies found for delta (1.0-4.0 Hz) on channel 67
      Warning: No frequencies found for delta (1.0-4.0 Hz) on channel 68
      Warning: No frequencies found for delta (1.0-4.0 Hz) on channel 69
      Warning: No frequencies found for delta (1.0-4.0 Hz) on channel 70
      Warning: No frequencies found for delta (1.0-4.0 Hz) on channel 71
      Warning: No frequencies found for delta (1.0-4.0 Hz) on channel 72
      Warning: No frequencies found for delta (1.0-4.0 Hz) on channel 73
      Warning: No frequencies found for delta (1.0-4.0 Hz) on channel 74
      Warning: No frequencies found for delta (1.0-4.0 Hz) on channel 75
      Warning: No frequencies found for delta (1.0-4.0 Hz) on channel 76
      Warning: No frequencies found for delta (1.0-4.0 Hz) on channel 77
      Warning: No frequencies found for delta (1.0-4.0 Hz) on channel 78
      Warning: No frequencies found for delta (1.0-4.0 Hz) on channel 79
      Warning: No frequencies found for delta (1.0-4.0 Hz) on channel 80
      Warning: No frequencies found for delta (1.0-4.0 Hz) on channel 81
      Warning: No frequencies found for delta (1.0-4.0 Hz) on channel 82
      Warning: No frequencies found for delta (1.0-4.0 Hz) on channel 83
      Warning: No frequencies found for delta (1.0-4.0 Hz) on channel 84
      Warning: No frequencies found for delta (1.0-4.0 Hz) on channel 85
      Warning: No frequencies found for delta (1.0-4.0 Hz) on channel 86
      Warning: No frequencies found for delta (1.0-4.0 Hz) on channel 87
      Warning: No frequencies found for delta (1.0-4.0 Hz) on channel 88
      Warning: No frequencies found for delta (1.0-4.0 Hz) on channel 89
      Warning: No frequencies found for delta (1.0-4.0 Hz) on channel 90
      Warning: No frequencies found for delta (1.0-4.0 Hz) on channel 91
      Warning: No frequencies found for delta (1.0-4.0 Hz) on channel 92
      Warning: No frequencies found for delta (1.0-4.0 Hz) on channel 93
      Warning: No frequencies found for delta (1.0-4.0 Hz) on channel 94
      Warning: No frequencies found for delta (1.0-4.0 Hz) on channel 95
      Warning: No frequencies found for delta (1.0-4.0 Hz) on channel 96
      Warning: No frequencies found for delta (1.0-4.0 Hz) on channel 97
      Warning: No frequencies found for delta (1.0-4.0 Hz) on channel 98
      Warning: No frequencies found for delta (1.0-4.0 Hz) on channel 99
      Warning: No frequencies found for delta (1.0-4.0 Hz) on channel 100
      Warning: No frequencies found for delta (1.0-4.0 Hz) on channel 101
      Warning: No frequencies found for delta (1.0-4.0 Hz) on channel 102
      Warning: No frequencies found for delta (1.0-4.0 Hz) on channel 103
      Warning: No frequencies found for delta (1.0-4.0 Hz) on channel 104
      Warning: No frequencies found for delta (1.0-4.0 Hz) on channel 105
      Warning: No frequencies found for delta (1.0-4.0 Hz) on channel 106
      Warning: No frequencies found for delta (1.0-4.0 Hz) on channel 107
      Warning: No frequencies found for delta (1.0-4.0 Hz) on channel 108
      Warning: No frequencies found for delta (1.0-4.0 Hz) on channel 109
      Warning: No frequencies found for delta (1.0-4.0 Hz) on channel 110
      Warning: No frequencies found for delta (1.0-4.0 Hz) on channel 111
      Warning: No frequencies found for delta (1.0-4.0 Hz) on channel 112
      Warning: No frequencies found for delta (1.0-4.0 Hz) on channel 113
      Warning: No frequencies found for delta (1.0-4.0 Hz) on channel 114
      Warning: No frequencies found for delta (1.0-4.0 Hz) on channel 115
      Warning: No frequencies found for delta (1.0-4.0 Hz) on channel 116
      Warning: No frequencies found for delta (1.0-4.0 Hz) on channel 117
      Warning: No frequencies found for delta (1.0-4.0 Hz) on channel 118
      Warning: No frequencies found for delta (1.0-4.0 Hz) on channel 119
      Warning: No frequencies found for delta (1.0-4.0 Hz) on channel 120
      Warning: No frequencies found for delta (1.0-4.0 Hz) on channel 121
      Warning: No frequencies found for delta (1.0-4.0 Hz) on channel 122
      Warning: No frequencies found for delta (1.0-4.0 Hz) on channel 123
      Warning: No frequencies found for delta (1.0-4.0 Hz) on channel 124
      Warning: No frequencies found for delta (1.0-4.0 Hz) on channel 125
      Warning: No frequencies found for delta (1.0-4.0 Hz) on channel 126
      Warning: No frequencies found for delta (1.0-4.0 Hz) on channel 127
      Warning: No frequencies found for delta (1.0-4.0 Hz) on channel 128
      Warning: No frequencies found for delta (1.0-4.0 Hz) on channel 129
      Warning: No frequencies found for delta (1.0-4.0 Hz) on channel 130
      Warning: No frequencies found for delta (1.0-4.0 Hz) on channel 131
      Warning: No frequencies found for delta (1.0-4.0 Hz) on channel 132
      Warning: No frequencies found for delta (1.0-4.0 Hz) on channel 133
      Warning: No frequencies found for delta (1.0-4.0 Hz) on channel 134
      Warning: No frequencies found for delta (1.0-4.0 Hz) on channel 135
      Warning: No frequencies found for delta (1.0-4.0 Hz) on channel 136
      Warning: No frequencies found for delta (1.0-4.0 Hz) on channel 137
      Warning: No frequencies found for delta (1.0-4.0 Hz) on channel 138
      Warning: No frequencies found for delta (1.0-4.0 Hz) on channel 139
      Warning: No frequencies found for delta (1.0-4.0 Hz) on channel 140
      Warning: No frequencies found for delta (1.0-4.0 Hz) on channel 141
      Warning: No frequencies found for delta (1.0-4.0 Hz) on channel 142
      Warning: No frequencies found for delta (1.0-4.0 Hz) on channel 143
      Warning: No frequencies found for delta (1.0-4.0 Hz) on channel 144
      Warning: No frequencies found for delta (1.0-4.0 Hz) on channel 145
      Warning: No frequencies found for delta (1.0-4.0 Hz) on channel 146
      Warning: No frequencies found for delta (1.0-4.0 Hz) on channel 147
      Warning: No frequencies found for delta (1.0-4.0 Hz) on channel 148
      Warning: No frequencies found for delta (1.0-4.0 Hz) on channel 149
      Warning: No frequencies found for delta (1.0-4.0 Hz) on channel 150
      Warning: No frequencies found for delta (1.0-4.0 Hz) on channel 151
      Warning: No frequencies found for delta (1.0-4.0 Hz) on channel 152
      Warning: No frequencies found for delta (1.0-4.0 Hz) on channel 153
      Warning: No frequencies found for delta (1.0-4.0 Hz) on channel 154
      Warning: No frequencies found for delta (1.0-4.0 Hz) on channel 155
      Warning: No frequencies found for delta (1.0-4.0 Hz) on channel 156
      Warning: No frequencies found for delta (1.0-4.0 Hz) on channel 157
      Warning: No frequencies found for delta (1.0-4.0 Hz) on channel 158
      Warning: No frequencies found for delta (1.0-4.0 Hz) on channel 159
      Warning: No frequencies found for delta (1.0-4.0 Hz) on channel 160
      Warning: No frequencies found for delta (1.0-4.0 Hz) on channel 161
      Warning: No frequencies found for delta (1.0-4.0 Hz) on channel 162
      Warning: No frequencies found for delta (1.0-4.0 Hz) on channel 163
      Warning: No frequencies found for delta (1.0-4.0 Hz) on channel 164
    Chunk 13/120 (10.8%)      Warning: No frequencies found for delta (1.0-4.0 Hz) on channel 0
      Warning: No frequencies found for delta (1.0-4.0 Hz) on channel 1
      Warning: No frequencies found for delta (1.0-4.0 Hz) on channel 2
      Warning: No frequencies found for delta (1.0-4.0 Hz) on channel 3
      Warning: No frequencies found for delta (1.0-4.0 Hz) on channel 4
      Warning: No frequencies found for delta (1.0-4.0 Hz) on channel 5
      Warning: No frequencies found for delta (1.0-4.0 Hz) on channel 6
      Warning: No frequencies found for delta (1.0-4.0 Hz) on channel 7
      Warning: No frequencies found for delta (1.0-4.0 Hz) on channel 8
      Warning: No frequencies found for delta (1.0-4.0 Hz) on channel 9
      Warning: No frequencies found for delta (1.0-4.0 Hz) on channel 10
      Warning: No frequencies found for delta (1.0-4.0 Hz) on channel 11
      Warning: No frequencies found for delta (1.0-4.0 Hz) on channel 12
      Warning: No frequencies found for delta (1.0-4.0 Hz) on channel 13
      Warning: No frequencies found for delta (1.0-4.0 Hz) on channel 14
      Warning: No frequencies found for delta (1.0-4.0 Hz) on channel 15
      Warning: No frequencies found for delta (1.0-4.0 Hz) on channel 16
      Warning: No frequencies found for delta (1.0-4.0 Hz) on channel 17
      Warning: No frequencies found for delta (1.0-4.0 Hz) on channel 18
      Warning: No frequencies found for delta (1.0-4.0 Hz) on channel 19
      Warning: No frequencies found for delta (1.0-4.0 Hz) on channel 20
      Warning: No frequencies found for delta (1.0-4.0 Hz) on channel 21
      Warning: No frequencies found for delta (1.0-4.0 Hz) on channel 22
      Warning: No frequencies found for delta (1.0-4.0 Hz) on channel 23
      Warning: No frequencies found for delta (1.0-4.0 Hz) on channel 24
      Warning: No frequencies found for delta (1.0-4.0 Hz) on channel 25
      Warning: No frequencies found for delta (1.0-4.0 Hz) on channel 26
      Warning: No frequencies found for delta (1.0-4.0 Hz) on channel 27
      Warning: No frequencies found for delta (1.0-4.0 Hz) on channel 28
      Warning: No frequencies found for delta (1.0-4.0 Hz) on channel 29
      Warning: No frequencies found for delta (1.0-4.0 Hz) on channel 30
      Warning: No frequencies found for delta (1.0-4.0 Hz) on channel 31
      Warning: No frequencies found for delta (1.0-4.0 Hz) on channel 32
      Warning: No frequencies found for delta (1.0-4.0 Hz) on channel 33
      Warning: No frequencies found for delta (1.0-4.0 Hz) on channel 34
      Warning: No frequencies found for delta (1.0-4.0 Hz) on channel 35
      Warning: No frequencies found for delta (1.0-4.0 Hz) on channel 36
      Warning: No frequencies found for delta (1.0-4.0 Hz) on channel 37
      Warning: No frequencies found for delta (1.0-4.0 Hz) on channel 38
      Warning: No frequencies found for delta (1.0-4.0 Hz) on channel 39
      Warning: No frequencies found for delta (1.0-4.0 Hz) on channel 40
      Warning: No frequencies found for delta (1.0-4.0 Hz) on channel 41
      Warning: No frequencies found for delta (1.0-4.0 Hz) on channel 42
      Warning: No frequencies found for delta (1.0-4.0 Hz) on channel 43
      Warning: No frequencies found for delta (1.0-4.0 Hz) on channel 44
      Warning: No frequencies found for delta (1.0-4.0 Hz) on channel 45
      Warning: No frequencies found for delta (1.0-4.0 Hz) on channel 46
      Warning: No frequencies found for delta (1.0-4.0 Hz) on channel 47
      Warning: No frequencies found for delta (1.0-4.0 Hz) on channel 48
      Warning: No frequencies found for delta (1.0-4.0 Hz) on channel 49
      Warning: No frequencies found for delta (1.0-4.0 Hz) on channel 50
      Warning: No frequencies found for delta (1.0-4.0 Hz) on channel 51
      Warning: No frequencies found for delta (1.0-4.0 Hz) on channel 52
      Warning: No frequencies found for delta (1.0-4.0 Hz) on channel 53
      Warning: No frequencies found for delta (1.0-4.0 Hz) on channel 54
      Warning: No frequencies found for delta (1.0-4.0 Hz) on channel 55
      Warning: No frequencies found for delta (1.0-4.0 Hz) on channel 56
      Warning: No frequencies found for delta (1.0-4.0 Hz) on channel 57
      Warning: No frequencies found for delta (1.0-4.0 Hz) on channel 58
      Warning: No frequencies found for delta (1.0-4.0 Hz) on channel 59
      Warning: No frequencies found for delta (1.0-4.0 Hz) on channel 60
      Warning: No frequencies found for delta (1.0-4.0 Hz) on channel 61
      Warning: No frequencies found for delta (1.0-4.0 Hz) on channel 62
      Warning: No frequencies found for delta (1.0-4.0 Hz) on channel 63
      Warning: No frequencies found for delta (1.0-4.0 Hz) on channel 64
      Warning: No frequencies found for delta (1.0-4.0 Hz) on channel 65
      Warning: No frequencies found for delta (1.0-4.0 Hz) on channel 66
      Warning: No frequencies found for delta (1.0-4.0 Hz) on channel 67
      Warning: No frequencies found for delta (1.0-4.0 Hz) on channel 68
      Warning: No frequencies found for delta (1.0-4.0 Hz) on channel 69
      Warning: No frequencies found for delta (1.0-4.0 Hz) on channel 70
      Warning: No frequencies found for delta (1.0-4.0 Hz) on channel 71
      Warning: No frequencies found for delta (1.0-4.0 Hz) on channel 72
      Warning: No frequencies found for delta (1.0-4.0 Hz) on channel 73
      Warning: No frequencies found for delta (1.0-4.0 Hz) on channel 74
      Warning: No frequencies found for delta (1.0-4.0 Hz) on channel 75
      Warning: No frequencies found for delta (1.0-4.0 Hz) on channel 76
      Warning: No frequencies found for delta (1.0-4.0 Hz) on channel 77
      Warning: No frequencies found for delta (1.0-4.0 Hz) on channel 78
      Warning: No frequencies found for delta (1.0-4.0 Hz) on channel 79
      Warning: No frequencies found for delta (1.0-4.0 Hz) on channel 80
      Warning: No frequencies found for delta (1.0-4.0 Hz) on channel 81
      Warning: No frequencies found for delta (1.0-4.0 Hz) on channel 82
      Warning: No frequencies found for delta (1.0-4.0 Hz) on channel 83
      Warning: No frequencies found for delta (1.0-4.0 Hz) on channel 84
      Warning: No frequencies found for delta (1.0-4.0 Hz) on channel 85
      Warning: No frequencies found for delta (1.0-4.0 Hz) on channel 86
      Warning: No frequencies found for delta (1.0-4.0 Hz) on channel 87
      Warning: No frequencies found for delta (1.0-4.0 Hz) on channel 88
      Warning: No frequencies found for delta (1.0-4.0 Hz) on channel 89
      Warning: No frequencies found for delta (1.0-4.0 Hz) on channel 90
      Warning: No frequencies found for delta (1.0-4.0 Hz) on channel 91
      Warning: No frequencies found for delta (1.0-4.0 Hz) on channel 92
      Warning: No frequencies found for delta (1.0-4.0 Hz) on channel 93
      Warning: No frequencies found for delta (1.0-4.0 Hz) on channel 94
      Warning: No frequencies found for delta (1.0-4.0 Hz) on channel 95
      Warning: No frequencies found for delta (1.0-4.0 Hz) on channel 96
      Warning: No frequencies found for delta (1.0-4.0 Hz) on channel 97
      Warning: No frequencies found for delta (1.0-4.0 Hz) on channel 98
      Warning: No frequencies found for delta (1.0-4.0 Hz) on channel 99
      Warning: No frequencies found for delta (1.0-4.0 Hz) on channel 100
      Warning: No frequencies found for delta (1.0-4.0 Hz) on channel 101
      Warning: No frequencies found for delta (1.0-4.0 Hz) on channel 102
      Warning: No frequencies found for delta (1.0-4.0 Hz) on channel 103
      Warning: No frequencies found for delta (1.0-4.0 Hz) on channel 104
      Warning: No frequencies found for delta (1.0-4.0 Hz) on channel 105
      Warning: No frequencies found for delta (1.0-4.0 Hz) on channel 106
      Warning: No frequencies found for delta (1.0-4.0 Hz) on channel 107
      Warning: No frequencies found for delta (1.0-4.0 Hz) on channel 108
      Warning: No frequencies found for delta (1.0-4.0 Hz) on channel 109
      Warning: No frequencies found for delta (1.0-4.0 Hz) on channel 110
      Warning: No frequencies found for delta (1.0-4.0 Hz) on channel 111
      Warning: No frequencies found for delta (1.0-4.0 Hz) on channel 112
      Warning: No frequencies found for delta (1.0-4.0 Hz) on channel 113
      Warning: No frequencies found for delta (1.0-4.0 Hz) on channel 114
      Warning: No frequencies found for delta (1.0-4.0 Hz) on channel 115
      Warning: No frequencies found for delta (1.0-4.0 Hz) on channel 116
      Warning: No frequencies found for delta (1.0-4.0 Hz) on channel 117
      Warning: No frequencies found for delta (1.0-4.0 Hz) on channel 118
      Warning: No frequencies found for delta (1.0-4.0 Hz) on channel 119
      Warning: No frequencies found for delta (1.0-4.0 Hz) on channel 120
      Warning: No frequencies found for delta (1.0-4.0 Hz) on channel 121
      Warning: No frequencies found for delta (1.0-4.0 Hz) on channel 122
      Warning: No frequencies found for delta (1.0-4.0 Hz) on channel 123
      Warning: No frequencies found for delta (1.0-4.0 Hz) on channel 124
      Warning: No frequencies found for delta (1.0-4.0 Hz) on channel 125
      Warning: No frequencies found for delta (1.0-4.0 Hz) on channel 126
      Warning: No frequencies found for delta (1.0-4.0 Hz) on channel 127
      Warning: No frequencies found for delta (1.0-4.0 Hz) on channel 128
      Warning: No frequencies found for delta (1.0-4.0 Hz) on channel 129
      Warning: No frequencies found for delta (1.0-4.0 Hz) on channel 130
      Warning: No frequencies found for delta (1.0-4.0 Hz) on channel 131
      Warning: No frequencies found for delta (1.0-4.0 Hz) on channel 132
      Warning: No frequencies found for delta (1.0-4.0 Hz) on channel 133
      Warning: No frequencies found for delta (1.0-4.0 Hz) on channel 134
      Warning: No frequencies found for delta (1.0-4.0 Hz) on channel 135
      Warning: No frequencies found for delta (1.0-4.0 Hz) on channel 136
      Warning: No frequencies found for delta (1.0-4.0 Hz) on channel 137
      Warning: No frequencies found for delta (1.0-4.0 Hz) on channel 138
      Warning: No frequencies found for delta (1.0-4.0 Hz) on channel 139
      Warning: No frequencies found for delta (1.0-4.0 Hz) on channel 140
      Warning: No frequencies found for delta (1.0-4.0 Hz) on channel 141
      Warning: No frequencies found for delta (1.0-4.0 Hz) on channel 142
      Warning: No frequencies found for delta (1.0-4.0 Hz) on channel 143
      Warning: No frequencies found for delta (1.0-4.0 Hz) on channel 144
      Warning: No frequencies found for delta (1.0-4.0 Hz) on channel 145
      Warning: No frequencies found for delta (1.0-4.0 Hz) on channel 146
      Warning: No frequencies found for delta (1.0-4.0 Hz) on channel 147
      Warning: No frequencies found for delta (1.0-4.0 Hz) on channel 148
      Warning: No frequencies found for delta (1.0-4.0 Hz) on channel 149
      Warning: No frequencies found for delta (1.0-4.0 Hz) on channel 150
      Warning: No frequencies found for delta (1.0-4.0 Hz) on channel 151
      Warning: No frequencies found for delta (1.0-4.0 Hz) on channel 152
      Warning: No frequencies found for delta (1.0-4.0 Hz) on channel 153
      Warning: No frequencies found for delta (1.0-4.0 Hz) on channel 154
      Warning: No frequencies found for delta (1.0-4.0 Hz) on channel 155
      Warning: No frequencies found for delta (1.0-4.0 Hz) on channel 156
      Warning: No frequencies found for delta (1.0-4.0 Hz) on channel 157
      Warning: No frequencies found for delta (1.0-4.0 Hz) on channel 158
      Warning: No frequencies found for delta (1.0-4.0 Hz) on channel 159
      Warning: No frequencies found for delta (1.0-4.0 Hz) on channel 160
      Warning: No frequencies found for delta (1.0-4.0 Hz) on channel 161
      Warning: No frequencies found for delta (1.0-4.0 Hz) on channel 162
      Warning: No frequencies found for delta (1.0-4.0 Hz) on channel 163
      Warning: No frequencies found for delta (1.0-4.0 Hz) on channel 164
    Chunk 14/120 (11.7%)      Warning: No frequencies found for delta (1.0-4.0 Hz) on channel 0
      Warning: No frequencies found for delta (1.0-4.0 Hz) on channel 1
      Warning: No frequencies found for delta (1.0-4.0 Hz) on channel 2
      Warning: No frequencies found for delta (1.0-4.0 Hz) on channel 3
      Warning: No frequencies found for delta (1.0-4.0 Hz) on channel 4
      Warning: No frequencies found for delta (1.0-4.0 Hz) on channel 5
      Warning: No frequencies found for delta (1.0-4.0 Hz) on channel 6
      Warning: No frequencies found for delta (1.0-4.0 Hz) on channel 7
      Warning: No frequencies found for delta (1.0-4.0 Hz) on channel 8
      Warning: No frequencies found for delta (1.0-4.0 Hz) on channel 9
      Warning: No frequencies found for delta (1.0-4.0 Hz) on channel 10
      Warning: No frequencies found for delta (1.0-4.0 Hz) on channel 11
      Warning: No frequencies found for delta (1.0-4.0 Hz) on channel 12
      Warning: No frequencies found for delta (1.0-4.0 Hz) on channel 13
      Warning: No frequencies found for delta (1.0-4.0 Hz) on channel 14
      Warning: No frequencies found for delta (1.0-4.0 Hz) on channel 15
      Warning: No frequencies found for delta (1.0-4.0 Hz) on channel 16
      Warning: No frequencies found for delta (1.0-4.0 Hz) on channel 17
      Warning: No frequencies found for delta (1.0-4.0 Hz) on channel 18
      Warning: No frequencies found for delta (1.0-4.0 Hz) on channel 19
      Warning: No frequencies found for delta (1.0-4.0 Hz) on channel 20
      Warning: No frequencies found for delta (1.0-4.0 Hz) on channel 21
      Warning: No frequencies found for delta (1.0-4.0 Hz) on channel 22
      Warning: No frequencies found for delta (1.0-4.0 Hz) on channel 23
      Warning: No frequencies found for delta (1.0-4.0 Hz) on channel 24
      Warning: No frequencies found for delta (1.0-4.0 Hz) on channel 25
      Warning: No frequencies found for delta (1.0-4.0 Hz) on channel 26
      Warning: No frequencies found for delta (1.0-4.0 Hz) on channel 27
      Warning: No frequencies found for delta (1.0-4.0 Hz) on channel 28
      Warning: No frequencies found for delta (1.0-4.0 Hz) on channel 29
      Warning: No frequencies found for delta (1.0-4.0 Hz) on channel 30
      Warning: No frequencies found for delta (1.0-4.0 Hz) on channel 31
      Warning: No frequencies found for delta (1.0-4.0 Hz) on channel 32
      Warning: No frequencies found for delta (1.0-4.0 Hz) on channel 33
      Warning: No frequencies found for delta (1.0-4.0 Hz) on channel 34
      Warning: No frequencies found for delta (1.0-4.0 Hz) on channel 35
      Warning: No frequencies found for delta (1.0-4.0 Hz) on channel 36
      Warning: No frequencies found for delta (1.0-4.0 Hz) on channel 37
      Warning: No frequencies found for delta (1.0-4.0 Hz) on channel 38
      Warning: No frequencies found for delta (1.0-4.0 Hz) on channel 39
      Warning: No frequencies found for delta (1.0-4.0 Hz) on channel 40
      Warning: No frequencies found for delta (1.0-4.0 Hz) on channel 41
      Warning: No frequencies found for delta (1.0-4.0 Hz) on channel 42
      Warning: No frequencies found for delta (1.0-4.0 Hz) on channel 43
      Warning: No frequencies found for delta (1.0-4.0 Hz) on channel 44
      Warning: No frequencies found for delta (1.0-4.0 Hz) on channel 45
      Warning: No frequencies found for delta (1.0-4.0 Hz) on channel 46
      Warning: No frequencies found for delta (1.0-4.0 Hz) on channel 47
      Warning: No frequencies found for delta (1.0-4.0 Hz) on channel 48
      Warning: No frequencies found for delta (1.0-4.0 Hz) on channel 49
      Warning: No frequencies found for delta (1.0-4.0 Hz) on channel 50
      Warning: No frequencies found for delta (1.0-4.0 Hz) on channel 51
      Warning: No frequencies found for delta (1.0-4.0 Hz) on channel 52
      Warning: No frequencies found for delta (1.0-4.0 Hz) on channel 53
      Warning: No frequencies found for delta (1.0-4.0 Hz) on channel 54
      Warning: No frequencies found for delta (1.0-4.0 Hz) on channel 55
      Warning: No frequencies found for delta (1.0-4.0 Hz) on channel 56
      Warning: No frequencies found for delta (1.0-4.0 Hz) on channel 57
      Warning: No frequencies found for delta (1.0-4.0 Hz) on channel 58
      Warning: No frequencies found for delta (1.0-4.0 Hz) on channel 59
      Warning: No frequencies found for delta (1.0-4.0 Hz) on channel 60
      Warning: No frequencies found for delta (1.0-4.0 Hz) on channel 61
      Warning: No frequencies found for delta (1.0-4.0 Hz) on channel 62
      Warning: No frequencies found for delta (1.0-4.0 Hz) on channel 63
      Warning: No frequencies found for delta (1.0-4.0 Hz) on channel 64
      Warning: No frequencies found for delta (1.0-4.0 Hz) on channel 65
      Warning: No frequencies found for delta (1.0-4.0 Hz) on channel 66
      Warning: No frequencies found for delta (1.0-4.0 Hz) on channel 67
      Warning: No frequencies found for delta (1.0-4.0 Hz) on channel 68
      Warning: No frequencies found for delta (1.0-4.0 Hz) on channel 69
      Warning: No frequencies found for delta (1.0-4.0 Hz) on channel 70
      Warning: No frequencies found for delta (1.0-4.0 Hz) on channel 71
      Warning: No frequencies found for delta (1.0-4.0 Hz) on channel 72
      Warning: No frequencies found for delta (1.0-4.0 Hz) on channel 73
      Warning: No frequencies found for delta (1.0-4.0 Hz) on channel 74
      Warning: No frequencies found for delta (1.0-4.0 Hz) on channel 75
      Warning: No frequencies found for delta (1.0-4.0 Hz) on channel 76
      Warning: No frequencies found for delta (1.0-4.0 Hz) on channel 77
      Warning: No frequencies found for delta (1.0-4.0 Hz) on channel 78
      Warning: No frequencies found for delta (1.0-4.0 Hz) on channel 79
      Warning: No frequencies found for delta (1.0-4.0 Hz) on channel 80
      Warning: No frequencies found for delta (1.0-4.0 Hz) on channel 81
      Warning: No frequencies found for delta (1.0-4.0 Hz) on channel 82
      Warning: No frequencies found for delta (1.0-4.0 Hz) on channel 83
      Warning: No frequencies found for delta (1.0-4.0 Hz) on channel 84
      Warning: No frequencies found for delta (1.0-4.0 Hz) on channel 85
      Warning: No frequencies found for delta (1.0-4.0 Hz) on channel 86
      Warning: No frequencies found for delta (1.0-4.0 Hz) on channel 87
      Warning: No frequencies found for delta (1.0-4.0 Hz) on channel 88
      Warning: No frequencies found for delta (1.0-4.0 Hz) on channel 89
      Warning: No frequencies found for delta (1.0-4.0 Hz) on channel 90
      Warning: No frequencies found for delta (1.0-4.0 Hz) on channel 91
      Warning: No frequencies found for delta (1.0-4.0 Hz) on channel 92
      Warning: No frequencies found for delta (1.0-4.0 Hz) on channel 93
      Warning: No frequencies found for delta (1.0-4.0 Hz) on channel 94
      Warning: No frequencies found for delta (1.0-4.0 Hz) on channel 95
      Warning: No frequencies found for delta (1.0-4.0 Hz) on channel 96
      Warning: No frequencies found for delta (1.0-4.0 Hz) on channel 97
      Warning: No frequencies found for delta (1.0-4.0 Hz) on channel 98
      Warning: No frequencies found for delta (1.0-4.0 Hz) on channel 99
      Warning: No frequencies found for delta (1.0-4.0 Hz) on channel 100
      Warning: No frequencies found for delta (1.0-4.0 Hz) on channel 101
      Warning: No frequencies found for delta (1.0-4.0 Hz) on channel 102
      Warning: No frequencies found for delta (1.0-4.0 Hz) on channel 103
      Warning: No frequencies found for delta (1.0-4.0 Hz) on channel 104
      Warning: No frequencies found for delta (1.0-4.0 Hz) on channel 105
      Warning: No frequencies found for delta (1.0-4.0 Hz) on channel 106
      Warning: No frequencies found for delta (1.0-4.0 Hz) on channel 107
      Warning: No frequencies found for delta (1.0-4.0 Hz) on channel 108
      Warning: No frequencies found for delta (1.0-4.0 Hz) on channel 109
      Warning: No frequencies found for delta (1.0-4.0 Hz) on channel 110
      Warning: No frequencies found for delta (1.0-4.0 Hz) on channel 111
      Warning: No frequencies found for delta (1.0-4.0 Hz) on channel 112
      Warning: No frequencies found for delta (1.0-4.0 Hz) on channel 113
      Warning: No frequencies found for delta (1.0-4.0 Hz) on channel 114
      Warning: No frequencies found for delta (1.0-4.0 Hz) on channel 115
      Warning: No frequencies found for delta (1.0-4.0 Hz) on channel 116
      Warning: No frequencies found for delta (1.0-4.0 Hz) on channel 117
      Warning: No frequencies found for delta (1.0-4.0 Hz) on channel 118
      Warning: No frequencies found for delta (1.0-4.0 Hz) on channel 119
      Warning: No frequencies found for delta (1.0-4.0 Hz) on channel 120
      Warning: No frequencies found for delta (1.0-4.0 Hz) on channel 121
      Warning: No frequencies found for delta (1.0-4.0 Hz) on channel 122
      Warning: No frequencies found for delta (1.0-4.0 Hz) on channel 123
      Warning: No frequencies found for delta (1.0-4.0 Hz) on channel 124
      Warning: No frequencies found for delta (1.0-4.0 Hz) on channel 125
      Warning: No frequencies found for delta (1.0-4.0 Hz) on channel 126
      Warning: No frequencies found for delta (1.0-4.0 Hz) on channel 127
      Warning: No frequencies found for delta (1.0-4.0 Hz) on channel 128
      Warning: No frequencies found for delta (1.0-4.0 Hz) on channel 129
      Warning: No frequencies found for delta (1.0-4.0 Hz) on channel 130
      Warning: No frequencies found for delta (1.0-4.0 Hz) on channel 131
      Warning: No frequencies found for delta (1.0-4.0 Hz) on channel 132
      Warning: No frequencies found for delta (1.0-4.0 Hz) on channel 133
      Warning: No frequencies found for delta (1.0-4.0 Hz) on channel 134
      Warning: No frequencies found for delta (1.0-4.0 Hz) on channel 135
      Warning: No frequencies found for delta (1.0-4.0 Hz) on channel 136
      Warning: No frequencies found for delta (1.0-4.0 Hz) on channel 137
      Warning: No frequencies found for delta (1.0-4.0 Hz) on channel 138
      Warning: No frequencies found for delta (1.0-4.0 Hz) on channel 139
      Warning: No frequencies found for delta (1.0-4.0 Hz) on channel 140
      Warning: No frequencies found for delta (1.0-4.0 Hz) on channel 141
      Warning: No frequencies found for delta (1.0-4.0 Hz) on channel 142
      Warning: No frequencies found for delta (1.0-4.0 Hz) on channel 143
      Warning: No frequencies found for delta (1.0-4.0 Hz) on channel 144
      Warning: No frequencies found for delta (1.0-4.0 Hz) on channel 145
      Warning: No frequencies found for delta (1.0-4.0 Hz) on channel 146
      Warning: No frequencies found for delta (1.0-4.0 Hz) on channel 147
      Warning: No frequencies found for delta (1.0-4.0 Hz) on channel 148
      Warning: No frequencies found for delta (1.0-4.0 Hz) on channel 149
      Warning: No frequencies found for delta (1.0-4.0 Hz) on channel 150
      Warning: No frequencies found for delta (1.0-4.0 Hz) on channel 151
      Warning: No frequencies found for delta (1.0-4.0 Hz) on channel 152
      Warning: No frequencies found for delta (1.0-4.0 Hz) on channel 153
      Warning: No frequencies found for delta (1.0-4.0 Hz) on channel 154
      Warning: No frequencies found for delta (1.0-4.0 Hz) on channel 155
      Warning: No frequencies found for delta (1.0-4.0 Hz) on channel 156
      Warning: No frequencies found for delta (1.0-4.0 Hz) on channel 157
      Warning: No frequencies found for delta (1.0-4.0 Hz) on channel 158
      Warning: No frequencies found for delta (1.0-4.0 Hz) on channel 159
      Warning: No frequencies found for delta (1.0-4.0 Hz) on channel 160
      Warning: No frequencies found for delta (1.0-4.0 Hz) on channel 161
      Warning: No frequencies found for delta (1.0-4.0 Hz) on channel 162
      Warning: No frequencies found for delta (1.0-4.0 Hz) on channel 163
      Warning: No frequencies found for delta (1.0-4.0 Hz) on channel 164
    Chunk 15/120 (12.5%)      Warning: No frequencies found for delta (1.0-4.0 Hz) on channel 0
      Warning: No frequencies found for delta (1.0-4.0 Hz) on channel 1
      Warning: No frequencies found for delta (1.0-4.0 Hz) on channel 2
      Warning: No frequencies found for delta (1.0-4.0 Hz) on channel 3
      Warning: No frequencies found for delta (1.0-4.0 Hz) on channel 4
      Warning: No frequencies found for delta (1.0-4.0 Hz) on channel 5
      Warning: No frequencies found for delta (1.0-4.0 Hz) on channel 6
      Warning: No frequencies found for delta (1.0-4.0 Hz) on channel 7
      Warning: No frequencies found for delta (1.0-4.0 Hz) on channel 8
      Warning: No frequencies found for delta (1.0-4.0 Hz) on channel 9
      Warning: No frequencies found for delta (1.0-4.0 Hz) on channel 10
      Warning: No frequencies found for delta (1.0-4.0 Hz) on channel 11
      Warning: No frequencies found for delta (1.0-4.0 Hz) on channel 12
      Warning: No frequencies found for delta (1.0-4.0 Hz) on channel 13
      Warning: No frequencies found for delta (1.0-4.0 Hz) on channel 14
      Warning: No frequencies found for delta (1.0-4.0 Hz) on channel 15
      Warning: No frequencies found for delta (1.0-4.0 Hz) on channel 16
      Warning: No frequencies found for delta (1.0-4.0 Hz) on channel 17
      Warning: No frequencies found for delta (1.0-4.0 Hz) on channel 18
      Warning: No frequencies found for delta (1.0-4.0 Hz) on channel 19
      Warning: No frequencies found for delta (1.0-4.0 Hz) on channel 20
      Warning: No frequencies found for delta (1.0-4.0 Hz) on channel 21
      Warning: No frequencies found for delta (1.0-4.0 Hz) on channel 22
      Warning: No frequencies found for delta (1.0-4.0 Hz) on channel 23
      Warning: No frequencies found for delta (1.0-4.0 Hz) on channel 24
      Warning: No frequencies found for delta (1.0-4.0 Hz) on channel 25
      Warning: No frequencies found for delta (1.0-4.0 Hz) on channel 26
      Warning: No frequencies found for delta (1.0-4.0 Hz) on channel 27
      Warning: No frequencies found for delta (1.0-4.0 Hz) on channel 28
      Warning: No frequencies found for delta (1.0-4.0 Hz) on channel 29
      Warning: No frequencies found for delta (1.0-4.0 Hz) on channel 30
      Warning: No frequencies found for delta (1.0-4.0 Hz) on channel 31
      Warning: No frequencies found for delta (1.0-4.0 Hz) on channel 32
      Warning: No frequencies found for delta (1.0-4.0 Hz) on channel 33
      Warning: No frequencies found for delta (1.0-4.0 Hz) on channel 34
      Warning: No frequencies found for delta (1.0-4.0 Hz) on channel 35
      Warning: No frequencies found for delta (1.0-4.0 Hz) on channel 36
      Warning: No frequencies found for delta (1.0-4.0 Hz) on channel 37
      Warning: No frequencies found for delta (1.0-4.0 Hz) on channel 38
      Warning: No frequencies found for delta (1.0-4.0 Hz) on channel 39
      Warning: No frequencies found for delta (1.0-4.0 Hz) on channel 40
      Warning: No frequencies found for delta (1.0-4.0 Hz) on channel 41
      Warning: No frequencies found for delta (1.0-4.0 Hz) on channel 42
      Warning: No frequencies found for delta (1.0-4.0 Hz) on channel 43
      Warning: No frequencies found for delta (1.0-4.0 Hz) on channel 44
      Warning: No frequencies found for delta (1.0-4.0 Hz) on channel 45
      Warning: No frequencies found for delta (1.0-4.0 Hz) on channel 46
      Warning: No frequencies found for delta (1.0-4.0 Hz) on channel 47
      Warning: No frequencies found for delta (1.0-4.0 Hz) on channel 48
      Warning: No frequencies found for delta (1.0-4.0 Hz) on channel 49
      Warning: No frequencies found for delta (1.0-4.0 Hz) on channel 50
      Warning: No frequencies found for delta (1.0-4.0 Hz) on channel 51
      Warning: No frequencies found for delta (1.0-4.0 Hz) on channel 52
      Warning: No frequencies found for delta (1.0-4.0 Hz) on channel 53
      Warning: No frequencies found for delta (1.0-4.0 Hz) on channel 54
      Warning: No frequencies found for delta (1.0-4.0 Hz) on channel 55
      Warning: No frequencies found for delta (1.0-4.0 Hz) on channel 56
      Warning: No frequencies found for delta (1.0-4.0 Hz) on channel 57
      Warning: No frequencies found for delta (1.0-4.0 Hz) on channel 58
      Warning: No frequencies found for delta (1.0-4.0 Hz) on channel 59
      Warning: No frequencies found for delta (1.0-4.0 Hz) on channel 60
      Warning: No frequencies found for delta (1.0-4.0 Hz) on channel 61
      Warning: No frequencies found for delta (1.0-4.0 Hz) on channel 62
      Warning: No frequencies found for delta (1.0-4.0 Hz) on channel 63
      Warning: No frequencies found for delta (1.0-4.0 Hz) on channel 64
      Warning: No frequencies found for delta (1.0-4.0 Hz) on channel 65
      Warning: No frequencies found for delta (1.0-4.0 Hz) on channel 66
      Warning: No frequencies found for delta (1.0-4.0 Hz) on channel 67
      Warning: No frequencies found for delta (1.0-4.0 Hz) on channel 68
      Warning: No frequencies found for delta (1.0-4.0 Hz) on channel 69
      Warning: No frequencies found for delta (1.0-4.0 Hz) on channel 70
      Warning: No frequencies found for delta (1.0-4.0 Hz) on channel 71
      Warning: No frequencies found for delta (1.0-4.0 Hz) on channel 72
      Warning: No frequencies found for delta (1.0-4.0 Hz) on channel 73
      Warning: No frequencies found for delta (1.0-4.0 Hz) on channel 74
      Warning: No frequencies found for delta (1.0-4.0 Hz) on channel 75
      Warning: No frequencies found for delta (1.0-4.0 Hz) on channel 76
      Warning: No frequencies found for delta (1.0-4.0 Hz) on channel 77
      Warning: No frequencies found for delta (1.0-4.0 Hz) on channel 78
      Warning: No frequencies found for delta (1.0-4.0 Hz) on channel 79
      Warning: No frequencies found for delta (1.0-4.0 Hz) on channel 80
      Warning: No frequencies found for delta (1.0-4.0 Hz) on channel 81
      Warning: No frequencies found for delta (1.0-4.0 Hz) on channel 82
      Warning: No frequencies found for delta (1.0-4.0 Hz) on channel 83
      Warning: No frequencies found for delta (1.0-4.0 Hz) on channel 84
      Warning: No frequencies found for delta (1.0-4.0 Hz) on channel 85
      Warning: No frequencies found for delta (1.0-4.0 Hz) on channel 86
      Warning: No frequencies found for delta (1.0-4.0 Hz) on channel 87
      Warning: No frequencies found for delta (1.0-4.0 Hz) on channel 88
      Warning: No frequencies found for delta (1.0-4.0 Hz) on channel 89
      Warning: No frequencies found for delta (1.0-4.0 Hz) on channel 90
      Warning: No frequencies found for delta (1.0-4.0 Hz) on channel 91
      Warning: No frequencies found for delta (1.0-4.0 Hz) on channel 92
      Warning: No frequencies found for delta (1.0-4.0 Hz) on channel 93
      Warning: No frequencies found for delta (1.0-4.0 Hz) on channel 94
      Warning: No frequencies found for delta (1.0-4.0 Hz) on channel 95
      Warning: No frequencies found for delta (1.0-4.0 Hz) on channel 96
      Warning: No frequencies found for delta (1.0-4.0 Hz) on channel 97
      Warning: No frequencies found for delta (1.0-4.0 Hz) on channel 98
      Warning: No frequencies found for delta (1.0-4.0 Hz) on channel 99
      Warning: No frequencies found for delta (1.0-4.0 Hz) on channel 100
      Warning: No frequencies found for delta (1.0-4.0 Hz) on channel 101
      Warning: No frequencies found for delta (1.0-4.0 Hz) on channel 102
      Warning: No frequencies found for delta (1.0-4.0 Hz) on channel 103
      Warning: No frequencies found for delta (1.0-4.0 Hz) on channel 104
      Warning: No frequencies found for delta (1.0-4.0 Hz) on channel 105
      Warning: No frequencies found for delta (1.0-4.0 Hz) on channel 106
      Warning: No frequencies found for delta (1.0-4.0 Hz) on channel 107
      Warning: No frequencies found for delta (1.0-4.0 Hz) on channel 108
      Warning: No frequencies found for delta (1.0-4.0 Hz) on channel 109
      Warning: No frequencies found for delta (1.0-4.0 Hz) on channel 110
      Warning: No frequencies found for delta (1.0-4.0 Hz) on channel 111
      Warning: No frequencies found for delta (1.0-4.0 Hz) on channel 112
      Warning: No frequencies found for delta (1.0-4.0 Hz) on channel 113
      Warning: No frequencies found for delta (1.0-4.0 Hz) on channel 114
      Warning: No frequencies found for delta (1.0-4.0 Hz) on channel 115
      Warning: No frequencies found for delta (1.0-4.0 Hz) on channel 116
      Warning: No frequencies found for delta (1.0-4.0 Hz) on channel 117
      Warning: No frequencies found for delta (1.0-4.0 Hz) on channel 118
      Warning: No frequencies found for delta (1.0-4.0 Hz) on channel 119
      Warning: No frequencies found for delta (1.0-4.0 Hz) on channel 120
      Warning: No frequencies found for delta (1.0-4.0 Hz) on channel 121
      Warning: No frequencies found for delta (1.0-4.0 Hz) on channel 122
      Warning: No frequencies found for delta (1.0-4.0 Hz) on channel 123
      Warning: No frequencies found for delta (1.0-4.0 Hz) on channel 124
      Warning: No frequencies found for delta (1.0-4.0 Hz) on channel 125
      Warning: No frequencies found for delta (1.0-4.0 Hz) on channel 126
      Warning: No frequencies found for delta (1.0-4.0 Hz) on channel 127
      Warning: No frequencies found for delta (1.0-4.0 Hz) on channel 128
      Warning: No frequencies found for delta (1.0-4.0 Hz) on channel 129
      Warning: No frequencies found for delta (1.0-4.0 Hz) on channel 130
      Warning: No frequencies found for delta (1.0-4.0 Hz) on channel 131
      Warning: No frequencies found for delta (1.0-4.0 Hz) on channel 132
      Warning: No frequencies found for delta (1.0-4.0 Hz) on channel 133
      Warning: No frequencies found for delta (1.0-4.0 Hz) on channel 134
      Warning: No frequencies found for delta (1.0-4.0 Hz) on channel 135
      Warning: No frequencies found for delta (1.0-4.0 Hz) on channel 136
      Warning: No frequencies found for delta (1.0-4.0 Hz) on channel 137
      Warning: No frequencies found for delta (1.0-4.0 Hz) on channel 138
      Warning: No frequencies found for delta (1.0-4.0 Hz) on channel 139
      Warning: No frequencies found for delta (1.0-4.0 Hz) on channel 140
      Warning: No frequencies found for delta (1.0-4.0 Hz) on channel 141
      Warning: No frequencies found for delta (1.0-4.0 Hz) on channel 142
      Warning: No frequencies found for delta (1.0-4.0 Hz) on channel 143
      Warning: No frequencies found for delta (1.0-4.0 Hz) on channel 144
      Warning: No frequencies found for delta (1.0-4.0 Hz) on channel 145
      Warning: No frequencies found for delta (1.0-4.0 Hz) on channel 146
      Warning: No frequencies found for delta (1.0-4.0 Hz) on channel 147
      Warning: No frequencies found for delta (1.0-4.0 Hz) on channel 148
      Warning: No frequencies found for delta (1.0-4.0 Hz) on channel 149
      Warning: No frequencies found for delta (1.0-4.0 Hz) on channel 150
      Warning: No frequencies found for delta (1.0-4.0 Hz) on channel 151
      Warning: No frequencies found for delta (1.0-4.0 Hz) on channel 152
      Warning: No frequencies found for delta (1.0-4.0 Hz) on channel 153
      Warning: No frequencies found for delta (1.0-4.0 Hz) on channel 154
      Warning: No frequencies found for delta (1.0-4.0 Hz) on channel 155
      Warning: No frequencies found for delta (1.0-4.0 Hz) on channel 156
      Warning: No frequencies found for delta (1.0-4.0 Hz) on channel 157
      Warning: No frequencies found for delta (1.0-4.0 Hz) on channel 158
      Warning: No frequencies found for delta (1.0-4.0 Hz) on channel 159
      Warning: No frequencies found for delta (1.0-4.0 Hz) on channel 160
      Warning: No frequencies found for delta (1.0-4.0 Hz) on channel 161
      Warning: No frequencies found for delta (1.0-4.0 Hz) on channel 162
      Warning: No frequencies found for delta (1.0-4.0 Hz) on channel 163
      Warning: No frequencies found for delta (1.0-4.0 Hz) on channel 164
    Chunk 16/120 (13.3%)      Warning: No frequencies found for delta (1.0-4.0 Hz) on channel 0
      Warning: No frequencies found for delta (1.0-4.0 Hz) on channel 1
      Warning: No frequencies found for delta (1.0-4.0 Hz) on channel 2
      Warning: No frequencies found for delta (1.0-4.0 Hz) on channel 3
      Warning: No frequencies found for delta (1.0-4.0 Hz) on channel 4
      Warning: No frequencies found for delta (1.0-4.0 Hz) on channel 5
      Warning: No frequencies found for delta (1.0-4.0 Hz) on channel 6
      Warning: No frequencies found for delta (1.0-4.0 Hz) on channel 7
      Warning: No frequencies found for delta (1.0-4.0 Hz) on channel 8
      Warning: No frequencies found for delta (1.0-4.0 Hz) on channel 9
      Warning: No frequencies found for delta (1.0-4.0 Hz) on channel 10
      Warning: No frequencies found for delta (1.0-4.0 Hz) on channel 11
      Warning: No frequencies found for delta (1.0-4.0 Hz) on channel 12
      Warning: No frequencies found for delta (1.0-4.0 Hz) on channel 13
      Warning: No frequencies found for delta (1.0-4.0 Hz) on channel 14
      Warning: No frequencies found for delta (1.0-4.0 Hz) on channel 15
      Warning: No frequencies found for delta (1.0-4.0 Hz) on channel 16
      Warning: No frequencies found for delta (1.0-4.0 Hz) on channel 17
      Warning: No frequencies found for delta (1.0-4.0 Hz) on channel 18
      Warning: No frequencies found for delta (1.0-4.0 Hz) on channel 19
      Warning: No frequencies found for delta (1.0-4.0 Hz) on channel 20
      Warning: No frequencies found for delta (1.0-4.0 Hz) on channel 21
      Warning: No frequencies found for delta (1.0-4.0 Hz) on channel 22
      Warning: No frequencies found for delta (1.0-4.0 Hz) on channel 23
      Warning: No frequencies found for delta (1.0-4.0 Hz) on channel 24
      Warning: No frequencies found for delta (1.0-4.0 Hz) on channel 25
      Warning: No frequencies found for delta (1.0-4.0 Hz) on channel 26
      Warning: No frequencies found for delta (1.0-4.0 Hz) on channel 27
      Warning: No frequencies found for delta (1.0-4.0 Hz) on channel 28
      Warning: No frequencies found for delta (1.0-4.0 Hz) on channel 29
      Warning: No frequencies found for delta (1.0-4.0 Hz) on channel 30
      Warning: No frequencies found for delta (1.0-4.0 Hz) on channel 31
      Warning: No frequencies found for delta (1.0-4.0 Hz) on channel 32
      Warning: No frequencies found for delta (1.0-4.0 Hz) on channel 33
      Warning: No frequencies found for delta (1.0-4.0 Hz) on channel 34
      Warning: No frequencies found for delta (1.0-4.0 Hz) on channel 35
      Warning: No frequencies found for delta (1.0-4.0 Hz) on channel 36
      Warning: No frequencies found for delta (1.0-4.0 Hz) on channel 37
      Warning: No frequencies found for delta (1.0-4.0 Hz) on channel 38
      Warning: No frequencies found for delta (1.0-4.0 Hz) on channel 39
      Warning: No frequencies found for delta (1.0-4.0 Hz) on channel 40
      Warning: No frequencies found for delta (1.0-4.0 Hz) on channel 41
      Warning: No frequencies found for delta (1.0-4.0 Hz) on channel 42
      Warning: No frequencies found for delta (1.0-4.0 Hz) on channel 43
      Warning: No frequencies found for delta (1.0-4.0 Hz) on channel 44
      Warning: No frequencies found for delta (1.0-4.0 Hz) on channel 45
      Warning: No frequencies found for delta (1.0-4.0 Hz) on channel 46
      Warning: No frequencies found for delta (1.0-4.0 Hz) on channel 47
      Warning: No frequencies found for delta (1.0-4.0 Hz) on channel 48
      Warning: No frequencies found for delta (1.0-4.0 Hz) on channel 49
      Warning: No frequencies found for delta (1.0-4.0 Hz) on channel 50
      Warning: No frequencies found for delta (1.0-4.0 Hz) on channel 51
      Warning: No frequencies found for delta (1.0-4.0 Hz) on channel 52
      Warning: No frequencies found for delta (1.0-4.0 Hz) on channel 53
      Warning: No frequencies found for delta (1.0-4.0 Hz) on channel 54
      Warning: No frequencies found for delta (1.0-4.0 Hz) on channel 55
      Warning: No frequencies found for delta (1.0-4.0 Hz) on channel 56
      Warning: No frequencies found for delta (1.0-4.0 Hz) on channel 57
      Warning: No frequencies found for delta (1.0-4.0 Hz) on channel 58
      Warning: No frequencies found for delta (1.0-4.0 Hz) on channel 59
      Warning: No frequencies found for delta (1.0-4.0 Hz) on channel 60
      Warning: No frequencies found for delta (1.0-4.0 Hz) on channel 61
      Warning: No frequencies found for delta (1.0-4.0 Hz) on channel 62
      Warning: No frequencies found for delta (1.0-4.0 Hz) on channel 63
      Warning: No frequencies found for delta (1.0-4.0 Hz) on channel 64
      Warning: No frequencies found for delta (1.0-4.0 Hz) on channel 65
      Warning: No frequencies found for delta (1.0-4.0 Hz) on channel 66
      Warning: No frequencies found for delta (1.0-4.0 Hz) on channel 67
      Warning: No frequencies found for delta (1.0-4.0 Hz) on channel 68
      Warning: No frequencies found for delta (1.0-4.0 Hz) on channel 69
      Warning: No frequencies found for delta (1.0-4.0 Hz) on channel 70
      Warning: No frequencies found for delta (1.0-4.0 Hz) on channel 71
      Warning: No frequencies found for delta (1.0-4.0 Hz) on channel 72
      Warning: No frequencies found for delta (1.0-4.0 Hz) on channel 73
      Warning: No frequencies found for delta (1.0-4.0 Hz) on channel 74
      Warning: No frequencies found for delta (1.0-4.0 Hz) on channel 75
      Warning: No frequencies found for delta (1.0-4.0 Hz) on channel 76
      Warning: No frequencies found for delta (1.0-4.0 Hz) on channel 77
      Warning: No frequencies found for delta (1.0-4.0 Hz) on channel 78
      Warning: No frequencies found for delta (1.0-4.0 Hz) on channel 79
      Warning: No frequencies found for delta (1.0-4.0 Hz) on channel 80
      Warning: No frequencies found for delta (1.0-4.0 Hz) on channel 81
      Warning: No frequencies found for delta (1.0-4.0 Hz) on channel 82
      Warning: No frequencies found for delta (1.0-4.0 Hz) on channel 83
      Warning: No frequencies found for delta (1.0-4.0 Hz) on channel 84
      Warning: No frequencies found for delta (1.0-4.0 Hz) on channel 85
      Warning: No frequencies found for delta (1.0-4.0 Hz) on channel 86
      Warning: No frequencies found for delta (1.0-4.0 Hz) on channel 87
      Warning: No frequencies found for delta (1.0-4.0 Hz) on channel 88
      Warning: No frequencies found for delta (1.0-4.0 Hz) on channel 89
      Warning: No frequencies found for delta (1.0-4.0 Hz) on channel 90
      Warning: No frequencies found for delta (1.0-4.0 Hz) on channel 91
      Warning: No frequencies found for delta (1.0-4.0 Hz) on channel 92
      Warning: No frequencies found for delta (1.0-4.0 Hz) on channel 93
      Warning: No frequencies found for delta (1.0-4.0 Hz) on channel 94
      Warning: No frequencies found for delta (1.0-4.0 Hz) on channel 95
      Warning: No frequencies found for delta (1.0-4.0 Hz) on channel 96
      Warning: No frequencies found for delta (1.0-4.0 Hz) on channel 97
      Warning: No frequencies found for delta (1.0-4.0 Hz) on channel 98
      Warning: No frequencies found for delta (1.0-4.0 Hz) on channel 99
      Warning: No frequencies found for delta (1.0-4.0 Hz) on channel 100
      Warning: No frequencies found for delta (1.0-4.0 Hz) on channel 101
      Warning: No frequencies found for delta (1.0-4.0 Hz) on channel 102
      Warning: No frequencies found for delta (1.0-4.0 Hz) on channel 103
      Warning: No frequencies found for delta (1.0-4.0 Hz) on channel 104
      Warning: No frequencies found for delta (1.0-4.0 Hz) on channel 105
      Warning: No frequencies found for delta (1.0-4.0 Hz) on channel 106
      Warning: No frequencies found for delta (1.0-4.0 Hz) on channel 107
      Warning: No frequencies found for delta (1.0-4.0 Hz) on channel 108
      Warning: No frequencies found for delta (1.0-4.0 Hz) on channel 109
      Warning: No frequencies found for delta (1.0-4.0 Hz) on channel 110
      Warning: No frequencies found for delta (1.0-4.0 Hz) on channel 111
      Warning: No frequencies found for delta (1.0-4.0 Hz) on channel 112
      Warning: No frequencies found for delta (1.0-4.0 Hz) on channel 113
      Warning: No frequencies found for delta (1.0-4.0 Hz) on channel 114
      Warning: No frequencies found for delta (1.0-4.0 Hz) on channel 115
      Warning: No frequencies found for delta (1.0-4.0 Hz) on channel 116
      Warning: No frequencies found for delta (1.0-4.0 Hz) on channel 117
      Warning: No frequencies found for delta (1.0-4.0 Hz) on channel 118
      Warning: No frequencies found for delta (1.0-4.0 Hz) on channel 119
      Warning: No frequencies found for delta (1.0-4.0 Hz) on channel 120
      Warning: No frequencies found for delta (1.0-4.0 Hz) on channel 121
      Warning: No frequencies found for delta (1.0-4.0 Hz) on channel 122
      Warning: No frequencies found for delta (1.0-4.0 Hz) on channel 123
      Warning: No frequencies found for delta (1.0-4.0 Hz) on channel 124
      Warning: No frequencies found for delta (1.0-4.0 Hz) on channel 125
      Warning: No frequencies found for delta (1.0-4.0 Hz) on channel 126
      Warning: No frequencies found for delta (1.0-4.0 Hz) on channel 127
      Warning: No frequencies found for delta (1.0-4.0 Hz) on channel 128
      Warning: No frequencies found for delta (1.0-4.0 Hz) on channel 129
      Warning: No frequencies found for delta (1.0-4.0 Hz) on channel 130
      Warning: No frequencies found for delta (1.0-4.0 Hz) on channel 131
      Warning: No frequencies found for delta (1.0-4.0 Hz) on channel 132
      Warning: No frequencies found for delta (1.0-4.0 Hz) on channel 133
      Warning: No frequencies found for delta (1.0-4.0 Hz) on channel 134
      Warning: No frequencies found for delta (1.0-4.0 Hz) on channel 135
      Warning: No frequencies found for delta (1.0-4.0 Hz) on channel 136
      Warning: No frequencies found for delta (1.0-4.0 Hz) on channel 137
      Warning: No frequencies found for delta (1.0-4.0 Hz) on channel 138
      Warning: No frequencies found for delta (1.0-4.0 Hz) on channel 139
      Warning: No frequencies found for delta (1.0-4.0 Hz) on channel 140
      Warning: No frequencies found for delta (1.0-4.0 Hz) on channel 141
      Warning: No frequencies found for delta (1.0-4.0 Hz) on channel 142
      Warning: No frequencies found for delta (1.0-4.0 Hz) on channel 143
      Warning: No frequencies found for delta (1.0-4.0 Hz) on channel 144
      Warning: No frequencies found for delta (1.0-4.0 Hz) on channel 145
      Warning: No frequencies found for delta (1.0-4.0 Hz) on channel 146
      Warning: No frequencies found for delta (1.0-4.0 Hz) on channel 147
      Warning: No frequencies found for delta (1.0-4.0 Hz) on channel 148
      Warning: No frequencies found for delta (1.0-4.0 Hz) on channel 149
      Warning: No frequencies found for delta (1.0-4.0 Hz) on channel 150
      Warning: No frequencies found for delta (1.0-4.0 Hz) on channel 151
      Warning: No frequencies found for delta (1.0-4.0 Hz) on channel 152
      Warning: No frequencies found for delta (1.0-4.0 Hz) on channel 153
      Warning: No frequencies found for delta (1.0-4.0 Hz) on channel 154
      Warning: No frequencies found for delta (1.0-4.0 Hz) on channel 155
      Warning: No frequencies found for delta (1.0-4.0 Hz) on channel 156
      Warning: No frequencies found for delta (1.0-4.0 Hz) on channel 157
      Warning: No frequencies found for delta (1.0-4.0 Hz) on channel 158
      Warning: No frequencies found for delta (1.0-4.0 Hz) on channel 159
      Warning: No frequencies found for delta (1.0-4.0 Hz) on channel 160
      Warning: No frequencies found for delta (1.0-4.0 Hz) on channel 161
      Warning: No frequencies found for delta (1.0-4.0 Hz) on channel 162
      Warning: No frequencies found for delta (1.0-4.0 Hz) on channel 163
      Warning: No frequencies found for delta (1.0-4.0 Hz) on channel 164
    Chunk 17/120 (14.2%)      Warning: No frequencies found for delta (1.0-4.0 Hz) on channel 0
      Warning: No frequencies found for delta (1.0-4.0 Hz) on channel 1
      Warning: No frequencies found for delta (1.0-4.0 Hz) on channel 2
      Warning: No frequencies found for delta (1.0-4.0 Hz) on channel 3
      Warning: No frequencies found for delta (1.0-4.0 Hz) on channel 4
      Warning: No frequencies found for delta (1.0-4.0 Hz) on channel 5
      Warning: No frequencies found for delta (1.0-4.0 Hz) on channel 6
      Warning: No frequencies found for delta (1.0-4.0 Hz) on channel 7
      Warning: No frequencies found for delta (1.0-4.0 Hz) on channel 8
      Warning: No frequencies found for delta (1.0-4.0 Hz) on channel 9
      Warning: No frequencies found for delta (1.0-4.0 Hz) on channel 10
      Warning: No frequencies found for delta (1.0-4.0 Hz) on channel 11
      Warning: No frequencies found for delta (1.0-4.0 Hz) on channel 12
      Warning: No frequencies found for delta (1.0-4.0 Hz) on channel 13
      Warning: No frequencies found for delta (1.0-4.0 Hz) on channel 14
      Warning: No frequencies found for delta (1.0-4.0 Hz) on channel 15
      Warning: No frequencies found for delta (1.0-4.0 Hz) on channel 16
      Warning: No frequencies found for delta (1.0-4.0 Hz) on channel 17
      Warning: No frequencies found for delta (1.0-4.0 Hz) on channel 18
      Warning: No frequencies found for delta (1.0-4.0 Hz) on channel 19
      Warning: No frequencies found for delta (1.0-4.0 Hz) on channel 20
      Warning: No frequencies found for delta (1.0-4.0 Hz) on channel 21
      Warning: No frequencies found for delta (1.0-4.0 Hz) on channel 22
      Warning: No frequencies found for delta (1.0-4.0 Hz) on channel 23
      Warning: No frequencies found for delta (1.0-4.0 Hz) on channel 24
      Warning: No frequencies found for delta (1.0-4.0 Hz) on channel 25
      Warning: No frequencies found for delta (1.0-4.0 Hz) on channel 26
      Warning: No frequencies found for delta (1.0-4.0 Hz) on channel 27
      Warning: No frequencies found for delta (1.0-4.0 Hz) on channel 28
      Warning: No frequencies found for delta (1.0-4.0 Hz) on channel 29
      Warning: No frequencies found for delta (1.0-4.0 Hz) on channel 30
      Warning: No frequencies found for delta (1.0-4.0 Hz) on channel 31
      Warning: No frequencies found for delta (1.0-4.0 Hz) on channel 32
      Warning: No frequencies found for delta (1.0-4.0 Hz) on channel 33
      Warning: No frequencies found for delta (1.0-4.0 Hz) on channel 34
      Warning: No frequencies found for delta (1.0-4.0 Hz) on channel 35
      Warning: No frequencies found for delta (1.0-4.0 Hz) on channel 36
      Warning: No frequencies found for delta (1.0-4.0 Hz) on channel 37
      Warning: No frequencies found for delta (1.0-4.0 Hz) on channel 38
      Warning: No frequencies found for delta (1.0-4.0 Hz) on channel 39
      Warning: No frequencies found for delta (1.0-4.0 Hz) on channel 40
      Warning: No frequencies found for delta (1.0-4.0 Hz) on channel 41
      Warning: No frequencies found for delta (1.0-4.0 Hz) on channel 42
      Warning: No frequencies found for delta (1.0-4.0 Hz) on channel 43
      Warning: No frequencies found for delta (1.0-4.0 Hz) on channel 44
      Warning: No frequencies found for delta (1.0-4.0 Hz) on channel 45
      Warning: No frequencies found for delta (1.0-4.0 Hz) on channel 46
      Warning: No frequencies found for delta (1.0-4.0 Hz) on channel 47
      Warning: No frequencies found for delta (1.0-4.0 Hz) on channel 48
      Warning: No frequencies found for delta (1.0-4.0 Hz) on channel 49
      Warning: No frequencies found for delta (1.0-4.0 Hz) on channel 50
      Warning: No frequencies found for delta (1.0-4.0 Hz) on channel 51
      Warning: No frequencies found for delta (1.0-4.0 Hz) on channel 52
      Warning: No frequencies found for delta (1.0-4.0 Hz) on channel 53
      Warning: No frequencies found for delta (1.0-4.0 Hz) on channel 54
      Warning: No frequencies found for delta (1.0-4.0 Hz) on channel 55
      Warning: No frequencies found for delta (1.0-4.0 Hz) on channel 56
      Warning: No frequencies found for delta (1.0-4.0 Hz) on channel 57
      Warning: No frequencies found for delta (1.0-4.0 Hz) on channel 58
      Warning: No frequencies found for delta (1.0-4.0 Hz) on channel 59
      Warning: No frequencies found for delta (1.0-4.0 Hz) on channel 60
      Warning: No frequencies found for delta (1.0-4.0 Hz) on channel 61
      Warning: No frequencies found for delta (1.0-4.0 Hz) on channel 62
      Warning: No frequencies found for delta (1.0-4.0 Hz) on channel 63
      Warning: No frequencies found for delta (1.0-4.0 Hz) on channel 64
      Warning: No frequencies found for delta (1.0-4.0 Hz) on channel 65
      Warning: No frequencies found for delta (1.0-4.0 Hz) on channel 66
      Warning: No frequencies found for delta (1.0-4.0 Hz) on channel 67
      Warning: No frequencies found for delta (1.0-4.0 Hz) on channel 68
      Warning: No frequencies found for delta (1.0-4.0 Hz) on channel 69
      Warning: No frequencies found for delta (1.0-4.0 Hz) on channel 70
      Warning: No frequencies found for delta (1.0-4.0 Hz) on channel 71
      Warning: No frequencies found for delta (1.0-4.0 Hz) on channel 72
      Warning: No frequencies found for delta (1.0-4.0 Hz) on channel 73
      Warning: No frequencies found for delta (1.0-4.0 Hz) on channel 74
      Warning: No frequencies found for delta (1.0-4.0 Hz) on channel 75
      Warning: No frequencies found for delta (1.0-4.0 Hz) on channel 76
      Warning: No frequencies found for delta (1.0-4.0 Hz) on channel 77
      Warning: No frequencies found for delta (1.0-4.0 Hz) on channel 78
      Warning: No frequencies found for delta (1.0-4.0 Hz) on channel 79
      Warning: No frequencies found for delta (1.0-4.0 Hz) on channel 80
      Warning: No frequencies found for delta (1.0-4.0 Hz) on channel 81
      Warning: No frequencies found for delta (1.0-4.0 Hz) on channel 82
      Warning: No frequencies found for delta (1.0-4.0 Hz) on channel 83
      Warning: No frequencies found for delta (1.0-4.0 Hz) on channel 84
      Warning: No frequencies found for delta (1.0-4.0 Hz) on channel 85
      Warning: No frequencies found for delta (1.0-4.0 Hz) on channel 86
      Warning: No frequencies found for delta (1.0-4.0 Hz) on channel 87
      Warning: No frequencies found for delta (1.0-4.0 Hz) on channel 88
      Warning: No frequencies found for delta (1.0-4.0 Hz) on channel 89
      Warning: No frequencies found for delta (1.0-4.0 Hz) on channel 90
      Warning: No frequencies found for delta (1.0-4.0 Hz) on channel 91
      Warning: No frequencies found for delta (1.0-4.0 Hz) on channel 92
      Warning: No frequencies found for delta (1.0-4.0 Hz) on channel 93
      Warning: No frequencies found for delta (1.0-4.0 Hz) on channel 94
      Warning: No frequencies found for delta (1.0-4.0 Hz) on channel 95
      Warning: No frequencies found for delta (1.0-4.0 Hz) on channel 96
      Warning: No frequencies found for delta (1.0-4.0 Hz) on channel 97
      Warning: No frequencies found for delta (1.0-4.0 Hz) on channel 98
      Warning: No frequencies found for delta (1.0-4.0 Hz) on channel 99
      Warning: No frequencies found for delta (1.0-4.0 Hz) on channel 100
      Warning: No frequencies found for delta (1.0-4.0 Hz) on channel 101
      Warning: No frequencies found for delta (1.0-4.0 Hz) on channel 102
      Warning: No frequencies found for delta (1.0-4.0 Hz) on channel 103
      Warning: No frequencies found for delta (1.0-4.0 Hz) on channel 104
      Warning: No frequencies found for delta (1.0-4.0 Hz) on channel 105
      Warning: No frequencies found for delta (1.0-4.0 Hz) on channel 106
      Warning: No frequencies found for delta (1.0-4.0 Hz) on channel 107
      Warning: No frequencies found for delta (1.0-4.0 Hz) on channel 108
      Warning: No frequencies found for delta (1.0-4.0 Hz) on channel 109
      Warning: No frequencies found for delta (1.0-4.0 Hz) on channel 110
      Warning: No frequencies found for delta (1.0-4.0 Hz) on channel 111
      Warning: No frequencies found for delta (1.0-4.0 Hz) on channel 112
      Warning: No frequencies found for delta (1.0-4.0 Hz) on channel 113
      Warning: No frequencies found for delta (1.0-4.0 Hz) on channel 114
      Warning: No frequencies found for delta (1.0-4.0 Hz) on channel 115
      Warning: No frequencies found for delta (1.0-4.0 Hz) on channel 116
      Warning: No frequencies found for delta (1.0-4.0 Hz) on channel 117
      Warning: No frequencies found for delta (1.0-4.0 Hz) on channel 118
      Warning: No frequencies found for delta (1.0-4.0 Hz) on channel 119
      Warning: No frequencies found for delta (1.0-4.0 Hz) on channel 120
      Warning: No frequencies found for delta (1.0-4.0 Hz) on channel 121
      Warning: No frequencies found for delta (1.0-4.0 Hz) on channel 122
      Warning: No frequencies found for delta (1.0-4.0 Hz) on channel 123
      Warning: No frequencies found for delta (1.0-4.0 Hz) on channel 124
      Warning: No frequencies found for delta (1.0-4.0 Hz) on channel 125
      Warning: No frequencies found for delta (1.0-4.0 Hz) on channel 126
      Warning: No frequencies found for delta (1.0-4.0 Hz) on channel 127
      Warning: No frequencies found for delta (1.0-4.0 Hz) on channel 128
      Warning: No frequencies found for delta (1.0-4.0 Hz) on channel 129
      Warning: No frequencies found for delta (1.0-4.0 Hz) on channel 130
      Warning: No frequencies found for delta (1.0-4.0 Hz) on channel 131
      Warning: No frequencies found for delta (1.0-4.0 Hz) on channel 132
      Warning: No frequencies found for delta (1.0-4.0 Hz) on channel 133
      Warning: No frequencies found for delta (1.0-4.0 Hz) on channel 134
      Warning: No frequencies found for delta (1.0-4.0 Hz) on channel 135
      Warning: No frequencies found for delta (1.0-4.0 Hz) on channel 136
      Warning: No frequencies found for delta (1.0-4.0 Hz) on channel 137
      Warning: No frequencies found for delta (1.0-4.0 Hz) on channel 138
      Warning: No frequencies found for delta (1.0-4.0 Hz) on channel 139
      Warning: No frequencies found for delta (1.0-4.0 Hz) on channel 140
      Warning: No frequencies found for delta (1.0-4.0 Hz) on channel 141
      Warning: No frequencies found for delta (1.0-4.0 Hz) on channel 142
      Warning: No frequencies found for delta (1.0-4.0 Hz) on channel 143
      Warning: No frequencies found for delta (1.0-4.0 Hz) on channel 144
      Warning: No frequencies found for delta (1.0-4.0 Hz) on channel 145
      Warning: No frequencies found for delta (1.0-4.0 Hz) on channel 146
      Warning: No frequencies found for delta (1.0-4.0 Hz) on channel 147
      Warning: No frequencies found for delta (1.0-4.0 Hz) on channel 148
      Warning: No frequencies found for delta (1.0-4.0 Hz) on channel 149
      Warning: No frequencies found for delta (1.0-4.0 Hz) on channel 150
      Warning: No frequencies found for delta (1.0-4.0 Hz) on channel 151
      Warning: No frequencies found for delta (1.0-4.0 Hz) on channel 152
      Warning: No frequencies found for delta (1.0-4.0 Hz) on channel 153
      Warning: No frequencies found for delta (1.0-4.0 Hz) on channel 154
      Warning: No frequencies found for delta (1.0-4.0 Hz) on channel 155
      Warning: No frequencies found for delta (1.0-4.0 Hz) on channel 156
      Warning: No frequencies found for delta (1.0-4.0 Hz) on channel 157
      Warning: No frequencies found for delta (1.0-4.0 Hz) on channel 158
      Warning: No frequencies found for delta (1.0-4.0 Hz) on channel 159
      Warning: No frequencies found for delta (1.0-4.0 Hz) on channel 160
      Warning: No frequencies found for delta (1.0-4.0 Hz) on channel 161
      Warning: No frequencies found for delta (1.0-4.0 Hz) on channel 162
      Warning: No frequencies found for delta (1.0-4.0 Hz) on channel 163
      Warning: No frequencies found for delta (1.0-4.0 Hz) on channel 164
    Chunk 18/120 (15.0%)      Warning: No frequencies found for delta (1.0-4.0 Hz) on channel 0
      Warning: No frequencies found for delta (1.0-4.0 Hz) on channel 1
      Warning: No frequencies found for delta (1.0-4.0 Hz) on channel 2
      Warning: No frequencies found for delta (1.0-4.0 Hz) on channel 3
      Warning: No frequencies found for delta (1.0-4.0 Hz) on channel 4
      Warning: No frequencies found for delta (1.0-4.0 Hz) on channel 5
      Warning: No frequencies found for delta (1.0-4.0 Hz) on channel 6
      Warning: No frequencies found for delta (1.0-4.0 Hz) on channel 7
      Warning: No frequencies found for delta (1.0-4.0 Hz) on channel 8
      Warning: No frequencies found for delta (1.0-4.0 Hz) on channel 9
      Warning: No frequencies found for delta (1.0-4.0 Hz) on channel 10
      Warning: No frequencies found for delta (1.0-4.0 Hz) on channel 11
      Warning: No frequencies found for delta (1.0-4.0 Hz) on channel 12
      Warning: No frequencies found for delta (1.0-4.0 Hz) on channel 13
      Warning: No frequencies found for delta (1.0-4.0 Hz) on channel 14
      Warning: No frequencies found for delta (1.0-4.0 Hz) on channel 15
      Warning: No frequencies found for delta (1.0-4.0 Hz) on channel 16
      Warning: No frequencies found for delta (1.0-4.0 Hz) on channel 17
      Warning: No frequencies found for delta (1.0-4.0 Hz) on channel 18
      Warning: No frequencies found for delta (1.0-4.0 Hz) on channel 19
      Warning: No frequencies found for delta (1.0-4.0 Hz) on channel 20
      Warning: No frequencies found for delta (1.0-4.0 Hz) on channel 21
      Warning: No frequencies found for delta (1.0-4.0 Hz) on channel 22
      Warning: No frequencies found for delta (1.0-4.0 Hz) on channel 23
      Warning: No frequencies found for delta (1.0-4.0 Hz) on channel 24
      Warning: No frequencies found for delta (1.0-4.0 Hz) on channel 25
      Warning: No frequencies found for delta (1.0-4.0 Hz) on channel 26
      Warning: No frequencies found for delta (1.0-4.0 Hz) on channel 27
      Warning: No frequencies found for delta (1.0-4.0 Hz) on channel 28
      Warning: No frequencies found for delta (1.0-4.0 Hz) on channel 29
      Warning: No frequencies found for delta (1.0-4.0 Hz) on channel 30
      Warning: No frequencies found for delta (1.0-4.0 Hz) on channel 31
      Warning: No frequencies found for delta (1.0-4.0 Hz) on channel 32
      Warning: No frequencies found for delta (1.0-4.0 Hz) on channel 33
      Warning: No frequencies found for delta (1.0-4.0 Hz) on channel 34
      Warning: No frequencies found for delta (1.0-4.0 Hz) on channel 35
      Warning: No frequencies found for delta (1.0-4.0 Hz) on channel 36
      Warning: No frequencies found for delta (1.0-4.0 Hz) on channel 37
      Warning: No frequencies found for delta (1.0-4.0 Hz) on channel 38
      Warning: No frequencies found for delta (1.0-4.0 Hz) on channel 39
      Warning: No frequencies found for delta (1.0-4.0 Hz) on channel 40
      Warning: No frequencies found for delta (1.0-4.0 Hz) on channel 41
      Warning: No frequencies found for delta (1.0-4.0 Hz) on channel 42
      Warning: No frequencies found for delta (1.0-4.0 Hz) on channel 43
      Warning: No frequencies found for delta (1.0-4.0 Hz) on channel 44
      Warning: No frequencies found for delta (1.0-4.0 Hz) on channel 45
      Warning: No frequencies found for delta (1.0-4.0 Hz) on channel 46
      Warning: No frequencies found for delta (1.0-4.0 Hz) on channel 47
      Warning: No frequencies found for delta (1.0-4.0 Hz) on channel 48
      Warning: No frequencies found for delta (1.0-4.0 Hz) on channel 49
      Warning: No frequencies found for delta (1.0-4.0 Hz) on channel 50
      Warning: No frequencies found for delta (1.0-4.0 Hz) on channel 51
      Warning: No frequencies found for delta (1.0-4.0 Hz) on channel 52
      Warning: No frequencies found for delta (1.0-4.0 Hz) on channel 53
      Warning: No frequencies found for delta (1.0-4.0 Hz) on channel 54
      Warning: No frequencies found for delta (1.0-4.0 Hz) on channel 55
      Warning: No frequencies found for delta (1.0-4.0 Hz) on channel 56
      Warning: No frequencies found for delta (1.0-4.0 Hz) on channel 57
      Warning: No frequencies found for delta (1.0-4.0 Hz) on channel 58
      Warning: No frequencies found for delta (1.0-4.0 Hz) on channel 59
      Warning: No frequencies found for delta (1.0-4.0 Hz) on channel 60
      Warning: No frequencies found for delta (1.0-4.0 Hz) on channel 61
      Warning: No frequencies found for delta (1.0-4.0 Hz) on channel 62
      Warning: No frequencies found for delta (1.0-4.0 Hz) on channel 63
      Warning: No frequencies found for delta (1.0-4.0 Hz) on channel 64
      Warning: No frequencies found for delta (1.0-4.0 Hz) on channel 65
      Warning: No frequencies found for delta (1.0-4.0 Hz) on channel 66
      Warning: No frequencies found for delta (1.0-4.0 Hz) on channel 67
      Warning: No frequencies found for delta (1.0-4.0 Hz) on channel 68
      Warning: No frequencies found for delta (1.0-4.0 Hz) on channel 69
      Warning: No frequencies found for delta (1.0-4.0 Hz) on channel 70
      Warning: No frequencies found for delta (1.0-4.0 Hz) on channel 71
      Warning: No frequencies found for delta (1.0-4.0 Hz) on channel 72
      Warning: No frequencies found for delta (1.0-4.0 Hz) on channel 73
      Warning: No frequencies found for delta (1.0-4.0 Hz) on channel 74
      Warning: No frequencies found for delta (1.0-4.0 Hz) on channel 75
      Warning: No frequencies found for delta (1.0-4.0 Hz) on channel 76
      Warning: No frequencies found for delta (1.0-4.0 Hz) on channel 77
      Warning: No frequencies found for delta (1.0-4.0 Hz) on channel 78
      Warning: No frequencies found for delta (1.0-4.0 Hz) on channel 79
      Warning: No frequencies found for delta (1.0-4.0 Hz) on channel 80
      Warning: No frequencies found for delta (1.0-4.0 Hz) on channel 81
      Warning: No frequencies found for delta (1.0-4.0 Hz) on channel 82
      Warning: No frequencies found for delta (1.0-4.0 Hz) on channel 83
      Warning: No frequencies found for delta (1.0-4.0 Hz) on channel 84
      Warning: No frequencies found for delta (1.0-4.0 Hz) on channel 85
      Warning: No frequencies found for delta (1.0-4.0 Hz) on channel 86
      Warning: No frequencies found for delta (1.0-4.0 Hz) on channel 87
      Warning: No frequencies found for delta (1.0-4.0 Hz) on channel 88
      Warning: No frequencies found for delta (1.0-4.0 Hz) on channel 89
      Warning: No frequencies found for delta (1.0-4.0 Hz) on channel 90
      Warning: No frequencies found for delta (1.0-4.0 Hz) on channel 91
      Warning: No frequencies found for delta (1.0-4.0 Hz) on channel 92
      Warning: No frequencies found for delta (1.0-4.0 Hz) on channel 93
      Warning: No frequencies found for delta (1.0-4.0 Hz) on channel 94
      Warning: No frequencies found for delta (1.0-4.0 Hz) on channel 95
      Warning: No frequencies found for delta (1.0-4.0 Hz) on channel 96
      Warning: No frequencies found for delta (1.0-4.0 Hz) on channel 97
      Warning: No frequencies found for delta (1.0-4.0 Hz) on channel 98
      Warning: No frequencies found for delta (1.0-4.0 Hz) on channel 99
      Warning: No frequencies found for delta (1.0-4.0 Hz) on channel 100
      Warning: No frequencies found for delta (1.0-4.0 Hz) on channel 101
      Warning: No frequencies found for delta (1.0-4.0 Hz) on channel 102
      Warning: No frequencies found for delta (1.0-4.0 Hz) on channel 103
      Warning: No frequencies found for delta (1.0-4.0 Hz) on channel 104
      Warning: No frequencies found for delta (1.0-4.0 Hz) on channel 105
      Warning: No frequencies found for delta (1.0-4.0 Hz) on channel 106
      Warning: No frequencies found for delta (1.0-4.0 Hz) on channel 107
      Warning: No frequencies found for delta (1.0-4.0 Hz) on channel 108
      Warning: No frequencies found for delta (1.0-4.0 Hz) on channel 109
      Warning: No frequencies found for delta (1.0-4.0 Hz) on channel 110
      Warning: No frequencies found for delta (1.0-4.0 Hz) on channel 111
      Warning: No frequencies found for delta (1.0-4.0 Hz) on channel 112
      Warning: No frequencies found for delta (1.0-4.0 Hz) on channel 113
      Warning: No frequencies found for delta (1.0-4.0 Hz) on channel 114
      Warning: No frequencies found for delta (1.0-4.0 Hz) on channel 115
      Warning: No frequencies found for delta (1.0-4.0 Hz) on channel 116
      Warning: No frequencies found for delta (1.0-4.0 Hz) on channel 117
      Warning: No frequencies found for delta (1.0-4.0 Hz) on channel 118
      Warning: No frequencies found for delta (1.0-4.0 Hz) on channel 119
      Warning: No frequencies found for delta (1.0-4.0 Hz) on channel 120
      Warning: No frequencies found for delta (1.0-4.0 Hz) on channel 121
      Warning: No frequencies found for delta (1.0-4.0 Hz) on channel 122
      Warning: No frequencies found for delta (1.0-4.0 Hz) on channel 123
      Warning: No frequencies found for delta (1.0-4.0 Hz) on channel 124
      Warning: No frequencies found for delta (1.0-4.0 Hz) on channel 125
      Warning: No frequencies found for delta (1.0-4.0 Hz) on channel 126
      Warning: No frequencies found for delta (1.0-4.0 Hz) on channel 127
      Warning: No frequencies found for delta (1.0-4.0 Hz) on channel 128
      Warning: No frequencies found for delta (1.0-4.0 Hz) on channel 129
      Warning: No frequencies found for delta (1.0-4.0 Hz) on channel 130
      Warning: No frequencies found for delta (1.0-4.0 Hz) on channel 131
      Warning: No frequencies found for delta (1.0-4.0 Hz) on channel 132
      Warning: No frequencies found for delta (1.0-4.0 Hz) on channel 133
      Warning: No frequencies found for delta (1.0-4.0 Hz) on channel 134
      Warning: No frequencies found for delta (1.0-4.0 Hz) on channel 135
      Warning: No frequencies found for delta (1.0-4.0 Hz) on channel 136
      Warning: No frequencies found for delta (1.0-4.0 Hz) on channel 137
      Warning: No frequencies found for delta (1.0-4.0 Hz) on channel 138
      Warning: No frequencies found for delta (1.0-4.0 Hz) on channel 139
      Warning: No frequencies found for delta (1.0-4.0 Hz) on channel 140
      Warning: No frequencies found for delta (1.0-4.0 Hz) on channel 141
      Warning: No frequencies found for delta (1.0-4.0 Hz) on channel 142
      Warning: No frequencies found for delta (1.0-4.0 Hz) on channel 143
      Warning: No frequencies found for delta (1.0-4.0 Hz) on channel 144
      Warning: No frequencies found for delta (1.0-4.0 Hz) on channel 145
      Warning: No frequencies found for delta (1.0-4.0 Hz) on channel 146
      Warning: No frequencies found for delta (1.0-4.0 Hz) on channel 147
      Warning: No frequencies found for delta (1.0-4.0 Hz) on channel 148
      Warning: No frequencies found for delta (1.0-4.0 Hz) on channel 149
      Warning: No frequencies found for delta (1.0-4.0 Hz) on channel 150
      Warning: No frequencies found for delta (1.0-4.0 Hz) on channel 151
      Warning: No frequencies found for delta (1.0-4.0 Hz) on channel 152
      Warning: No frequencies found for delta (1.0-4.0 Hz) on channel 153
      Warning: No frequencies found for delta (1.0-4.0 Hz) on channel 154
      Warning: No frequencies found for delta (1.0-4.0 Hz) on channel 155
      Warning: No frequencies found for delta (1.0-4.0 Hz) on channel 156
      Warning: No frequencies found for delta (1.0-4.0 Hz) on channel 157
      Warning: No frequencies found for delta (1.0-4.0 Hz) on channel 158
      Warning: No frequencies found for delta (1.0-4.0 Hz) on channel 159
      Warning: No frequencies found for delta (1.0-4.0 Hz) on channel 160
      Warning: No frequencies found for delta (1.0-4.0 Hz) on channel 161
      Warning: No frequencies found for delta (1.0-4.0 Hz) on channel 162
      Warning: No frequencies found for delta (1.0-4.0 Hz) on channel 163
      Warning: No frequencies found for delta (1.0-4.0 Hz) on channel 164
    Chunk 19/120 (15.8%)      Warning: No frequencies found for delta (1.0-4.0 Hz) on channel 0
      Warning: No frequencies found for delta (1.0-4.0 Hz) on channel 1
      Warning: No frequencies found for delta (1.0-4.0 Hz) on channel 2
      Warning: No frequencies found for delta (1.0-4.0 Hz) on channel 3
      Warning: No frequencies found for delta (1.0-4.0 Hz) on channel 4
      Warning: No frequencies found for delta (1.0-4.0 Hz) on channel 5
      Warning: No frequencies found for delta (1.0-4.0 Hz) on channel 6
      Warning: No frequencies found for delta (1.0-4.0 Hz) on channel 7
      Warning: No frequencies found for delta (1.0-4.0 Hz) on channel 8
      Warning: No frequencies found for delta (1.0-4.0 Hz) on channel 9
      Warning: No frequencies found for delta (1.0-4.0 Hz) on channel 10
      Warning: No frequencies found for delta (1.0-4.0 Hz) on channel 11
      Warning: No frequencies found for delta (1.0-4.0 Hz) on channel 12
      Warning: No frequencies found for delta (1.0-4.0 Hz) on channel 13
      Warning: No frequencies found for delta (1.0-4.0 Hz) on channel 14
      Warning: No frequencies found for delta (1.0-4.0 Hz) on channel 15
      Warning: No frequencies found for delta (1.0-4.0 Hz) on channel 16
      Warning: No frequencies found for delta (1.0-4.0 Hz) on channel 17
      Warning: No frequencies found for delta (1.0-4.0 Hz) on channel 18
      Warning: No frequencies found for delta (1.0-4.0 Hz) on channel 19
      Warning: No frequencies found for delta (1.0-4.0 Hz) on channel 20
      Warning: No frequencies found for delta (1.0-4.0 Hz) on channel 21
      Warning: No frequencies found for delta (1.0-4.0 Hz) on channel 22
      Warning: No frequencies found for delta (1.0-4.0 Hz) on channel 23
      Warning: No frequencies found for delta (1.0-4.0 Hz) on channel 24
      Warning: No frequencies found for delta (1.0-4.0 Hz) on channel 25
      Warning: No frequencies found for delta (1.0-4.0 Hz) on channel 26
      Warning: No frequencies found for delta (1.0-4.0 Hz) on channel 27
      Warning: No frequencies found for delta (1.0-4.0 Hz) on channel 28
      Warning: No frequencies found for delta (1.0-4.0 Hz) on channel 29
      Warning: No frequencies found for delta (1.0-4.0 Hz) on channel 30
      Warning: No frequencies found for delta (1.0-4.0 Hz) on channel 31
      Warning: No frequencies found for delta (1.0-4.0 Hz) on channel 32
      Warning: No frequencies found for delta (1.0-4.0 Hz) on channel 33
      Warning: No frequencies found for delta (1.0-4.0 Hz) on channel 34
      Warning: No frequencies found for delta (1.0-4.0 Hz) on channel 35
      Warning: No frequencies found for delta (1.0-4.0 Hz) on channel 36
      Warning: No frequencies found for delta (1.0-4.0 Hz) on channel 37
      Warning: No frequencies found for delta (1.0-4.0 Hz) on channel 38
      Warning: No frequencies found for delta (1.0-4.0 Hz) on channel 39
      Warning: No frequencies found for delta (1.0-4.0 Hz) on channel 40
      Warning: No frequencies found for delta (1.0-4.0 Hz) on channel 41
      Warning: No frequencies found for delta (1.0-4.0 Hz) on channel 42
      Warning: No frequencies found for delta (1.0-4.0 Hz) on channel 43
      Warning: No frequencies found for delta (1.0-4.0 Hz) on channel 44
      Warning: No frequencies found for delta (1.0-4.0 Hz) on channel 45
      Warning: No frequencies found for delta (1.0-4.0 Hz) on channel 46
      Warning: No frequencies found for delta (1.0-4.0 Hz) on channel 47
      Warning: No frequencies found for delta (1.0-4.0 Hz) on channel 48
      Warning: No frequencies found for delta (1.0-4.0 Hz) on channel 49
      Warning: No frequencies found for delta (1.0-4.0 Hz) on channel 50
      Warning: No frequencies found for delta (1.0-4.0 Hz) on channel 51
      Warning: No frequencies found for delta (1.0-4.0 Hz) on channel 52
      Warning: No frequencies found for delta (1.0-4.0 Hz) on channel 53
      Warning: No frequencies found for delta (1.0-4.0 Hz) on channel 54
      Warning: No frequencies found for delta (1.0-4.0 Hz) on channel 55
      Warning: No frequencies found for delta (1.0-4.0 Hz) on channel 56
      Warning: No frequencies found for delta (1.0-4.0 Hz) on channel 57
      Warning: No frequencies found for delta (1.0-4.0 Hz) on channel 58
      Warning: No frequencies found for delta (1.0-4.0 Hz) on channel 59
      Warning: No frequencies found for delta (1.0-4.0 Hz) on channel 60
      Warning: No frequencies found for delta (1.0-4.0 Hz) on channel 61
      Warning: No frequencies found for delta (1.0-4.0 Hz) on channel 62
      Warning: No frequencies found for delta (1.0-4.0 Hz) on channel 63
      Warning: No frequencies found for delta (1.0-4.0 Hz) on channel 64
      Warning: No frequencies found for delta (1.0-4.0 Hz) on channel 65
      Warning: No frequencies found for delta (1.0-4.0 Hz) on channel 66
      Warning: No frequencies found for delta (1.0-4.0 Hz) on channel 67
      Warning: No frequencies found for delta (1.0-4.0 Hz) on channel 68
      Warning: No frequencies found for delta (1.0-4.0 Hz) on channel 69
      Warning: No frequencies found for delta (1.0-4.0 Hz) on channel 70
      Warning: No frequencies found for delta (1.0-4.0 Hz) on channel 71
      Warning: No frequencies found for delta (1.0-4.0 Hz) on channel 72
      Warning: No frequencies found for delta (1.0-4.0 Hz) on channel 73
      Warning: No frequencies found for delta (1.0-4.0 Hz) on channel 74
      Warning: No frequencies found for delta (1.0-4.0 Hz) on channel 75
      Warning: No frequencies found for delta (1.0-4.0 Hz) on channel 76
      Warning: No frequencies found for delta (1.0-4.0 Hz) on channel 77
      Warning: No frequencies found for delta (1.0-4.0 Hz) on channel 78
      Warning: No frequencies found for delta (1.0-4.0 Hz) on channel 79
      Warning: No frequencies found for delta (1.0-4.0 Hz) on channel 80
      Warning: No frequencies found for delta (1.0-4.0 Hz) on channel 81
      Warning: No frequencies found for delta (1.0-4.0 Hz) on channel 82
      Warning: No frequencies found for delta (1.0-4.0 Hz) on channel 83
      Warning: No frequencies found for delta (1.0-4.0 Hz) on channel 84
      Warning: No frequencies found for delta (1.0-4.0 Hz) on channel 85
      Warning: No frequencies found for delta (1.0-4.0 Hz) on channel 86
      Warning: No frequencies found for delta (1.0-4.0 Hz) on channel 87
      Warning: No frequencies found for delta (1.0-4.0 Hz) on channel 88
      Warning: No frequencies found for delta (1.0-4.0 Hz) on channel 89
      Warning: No frequencies found for delta (1.0-4.0 Hz) on channel 90
      Warning: No frequencies found for delta (1.0-4.0 Hz) on channel 91
      Warning: No frequencies found for delta (1.0-4.0 Hz) on channel 92
      Warning: No frequencies found for delta (1.0-4.0 Hz) on channel 93
      Warning: No frequencies found for delta (1.0-4.0 Hz) on channel 94
      Warning: No frequencies found for delta (1.0-4.0 Hz) on channel 95
      Warning: No frequencies found for delta (1.0-4.0 Hz) on channel 96
      Warning: No frequencies found for delta (1.0-4.0 Hz) on channel 97
      Warning: No frequencies found for delta (1.0-4.0 Hz) on channel 98
      Warning: No frequencies found for delta (1.0-4.0 Hz) on channel 99
      Warning: No frequencies found for delta (1.0-4.0 Hz) on channel 100
      Warning: No frequencies found for delta (1.0-4.0 Hz) on channel 101
      Warning: No frequencies found for delta (1.0-4.0 Hz) on channel 102
      Warning: No frequencies found for delta (1.0-4.0 Hz) on channel 103
      Warning: No frequencies found for delta (1.0-4.0 Hz) on channel 104
      Warning: No frequencies found for delta (1.0-4.0 Hz) on channel 105
      Warning: No frequencies found for delta (1.0-4.0 Hz) on channel 106
      Warning: No frequencies found for delta (1.0-4.0 Hz) on channel 107
      Warning: No frequencies found for delta (1.0-4.0 Hz) on channel 108
      Warning: No frequencies found for delta (1.0-4.0 Hz) on channel 109
      Warning: No frequencies found for delta (1.0-4.0 Hz) on channel 110
      Warning: No frequencies found for delta (1.0-4.0 Hz) on channel 111
      Warning: No frequencies found for delta (1.0-4.0 Hz) on channel 112
      Warning: No frequencies found for delta (1.0-4.0 Hz) on channel 113
      Warning: No frequencies found for delta (1.0-4.0 Hz) on channel 114
      Warning: No frequencies found for delta (1.0-4.0 Hz) on channel 115
      Warning: No frequencies found for delta (1.0-4.0 Hz) on channel 116
      Warning: No frequencies found for delta (1.0-4.0 Hz) on channel 117
      Warning: No frequencies found for delta (1.0-4.0 Hz) on channel 118
      Warning: No frequencies found for delta (1.0-4.0 Hz) on channel 119
      Warning: No frequencies found for delta (1.0-4.0 Hz) on channel 120
      Warning: No frequencies found for delta (1.0-4.0 Hz) on channel 121
      Warning: No frequencies found for delta (1.0-4.0 Hz) on channel 122
      Warning: No frequencies found for delta (1.0-4.0 Hz) on channel 123
      Warning: No frequencies found for delta (1.0-4.0 Hz) on channel 124
      Warning: No frequencies found for delta (1.0-4.0 Hz) on channel 125
      Warning: No frequencies found for delta (1.0-4.0 Hz) on channel 126
      Warning: No frequencies found for delta (1.0-4.0 Hz) on channel 127
      Warning: No frequencies found for delta (1.0-4.0 Hz) on channel 128
      Warning: No frequencies found for delta (1.0-4.0 Hz) on channel 129
      Warning: No frequencies found for delta (1.0-4.0 Hz) on channel 130
      Warning: No frequencies found for delta (1.0-4.0 Hz) on channel 131
      Warning: No frequencies found for delta (1.0-4.0 Hz) on channel 132
      Warning: No frequencies found for delta (1.0-4.0 Hz) on channel 133
      Warning: No frequencies found for delta (1.0-4.0 Hz) on channel 134
      Warning: No frequencies found for delta (1.0-4.0 Hz) on channel 135
      Warning: No frequencies found for delta (1.0-4.0 Hz) on channel 136
      Warning: No frequencies found for delta (1.0-4.0 Hz) on channel 137
      Warning: No frequencies found for delta (1.0-4.0 Hz) on channel 138
      Warning: No frequencies found for delta (1.0-4.0 Hz) on channel 139
      Warning: No frequencies found for delta (1.0-4.0 Hz) on channel 140
      Warning: No frequencies found for delta (1.0-4.0 Hz) on channel 141
      Warning: No frequencies found for delta (1.0-4.0 Hz) on channel 142
      Warning: No frequencies found for delta (1.0-4.0 Hz) on channel 143
      Warning: No frequencies found for delta (1.0-4.0 Hz) on channel 144
      Warning: No frequencies found for delta (1.0-4.0 Hz) on channel 145
      Warning: No frequencies found for delta (1.0-4.0 Hz) on channel 146
      Warning: No frequencies found for delta (1.0-4.0 Hz) on channel 147
      Warning: No frequencies found for delta (1.0-4.0 Hz) on channel 148
      Warning: No frequencies found for delta (1.0-4.0 Hz) on channel 149
      Warning: No frequencies found for delta (1.0-4.0 Hz) on channel 150
      Warning: No frequencies found for delta (1.0-4.0 Hz) on channel 151
      Warning: No frequencies found for delta (1.0-4.0 Hz) on channel 152
      Warning: No frequencies found for delta (1.0-4.0 Hz) on channel 153
      Warning: No frequencies found for delta (1.0-4.0 Hz) on channel 154
      Warning: No frequencies found for delta (1.0-4.0 Hz) on channel 155
      Warning: No frequencies found for delta (1.0-4.0 Hz) on channel 156
      Warning: No frequencies found for delta (1.0-4.0 Hz) on channel 157
      Warning: No frequencies found for delta (1.0-4.0 Hz) on channel 158
      Warning: No frequencies found for delta (1.0-4.0 Hz) on channel 159
      Warning: No frequencies found for delta (1.0-4.0 Hz) on channel 160
      Warning: No frequencies found for delta (1.0-4.0 Hz) on channel 161
      Warning: No frequencies found for delta (1.0-4.0 Hz) on channel 162
      Warning: No frequencies found for delta (1.0-4.0 Hz) on channel 163
      Warning: No frequencies found for delta (1.0-4.0 Hz) on channel 164
    Chunk 20/120 (16.7%)      Warning: No frequencies found for delta (1.0-4.0 Hz) on channel 0
      Warning: No frequencies found for delta (1.0-4.0 Hz) on channel 1
      Warning: No frequencies found for delta (1.0-4.0 Hz) on channel 2
      Warning: No frequencies found for delta (1.0-4.0 Hz) on channel 3
      Warning: No frequencies found for delta (1.0-4.0 Hz) on channel 4
      Warning: No frequencies found for delta (1.0-4.0 Hz) on channel 5
      Warning: No frequencies found for delta (1.0-4.0 Hz) on channel 6
      Warning: No frequencies found for delta (1.0-4.0 Hz) on channel 7
      Warning: No frequencies found for delta (1.0-4.0 Hz) on channel 8
      Warning: No frequencies found for delta (1.0-4.0 Hz) on channel 9
      Warning: No frequencies found for delta (1.0-4.0 Hz) on channel 10
      Warning: No frequencies found for delta (1.0-4.0 Hz) on channel 11
      Warning: No frequencies found for delta (1.0-4.0 Hz) on channel 12
      Warning: No frequencies found for delta (1.0-4.0 Hz) on channel 13
      Warning: No frequencies found for delta (1.0-4.0 Hz) on channel 14
      Warning: No frequencies found for delta (1.0-4.0 Hz) on channel 15
      Warning: No frequencies found for delta (1.0-4.0 Hz) on channel 16
      Warning: No frequencies found for delta (1.0-4.0 Hz) on channel 17
      Warning: No frequencies found for delta (1.0-4.0 Hz) on channel 18
      Warning: No frequencies found for delta (1.0-4.0 Hz) on channel 19
      Warning: No frequencies found for delta (1.0-4.0 Hz) on channel 20
      Warning: No frequencies found for delta (1.0-4.0 Hz) on channel 21
      Warning: No frequencies found for delta (1.0-4.0 Hz) on channel 22
      Warning: No frequencies found for delta (1.0-4.0 Hz) on channel 23
      Warning: No frequencies found for delta (1.0-4.0 Hz) on channel 24
      Warning: No frequencies found for delta (1.0-4.0 Hz) on channel 25
      Warning: No frequencies found for delta (1.0-4.0 Hz) on channel 26
      Warning: No frequencies found for delta (1.0-4.0 Hz) on channel 27
      Warning: No frequencies found for delta (1.0-4.0 Hz) on channel 28
      Warning: No frequencies found for delta (1.0-4.0 Hz) on channel 29
      Warning: No frequencies found for delta (1.0-4.0 Hz) on channel 30
      Warning: No frequencies found for delta (1.0-4.0 Hz) on channel 31
      Warning: No frequencies found for delta (1.0-4.0 Hz) on channel 32
      Warning: No frequencies found for delta (1.0-4.0 Hz) on channel 33
      Warning: No frequencies found for delta (1.0-4.0 Hz) on channel 34
      Warning: No frequencies found for delta (1.0-4.0 Hz) on channel 35
      Warning: No frequencies found for delta (1.0-4.0 Hz) on channel 36
      Warning: No frequencies found for delta (1.0-4.0 Hz) on channel 37
      Warning: No frequencies found for delta (1.0-4.0 Hz) on channel 38
      Warning: No frequencies found for delta (1.0-4.0 Hz) on channel 39
      Warning: No frequencies found for delta (1.0-4.0 Hz) on channel 40
      Warning: No frequencies found for delta (1.0-4.0 Hz) on channel 41
      Warning: No frequencies found for delta (1.0-4.0 Hz) on channel 42
      Warning: No frequencies found for delta (1.0-4.0 Hz) on channel 43
      Warning: No frequencies found for delta (1.0-4.0 Hz) on channel 44
      Warning: No frequencies found for delta (1.0-4.0 Hz) on channel 45
      Warning: No frequencies found for delta (1.0-4.0 Hz) on channel 46
      Warning: No frequencies found for delta (1.0-4.0 Hz) on channel 47
      Warning: No frequencies found for delta (1.0-4.0 Hz) on channel 48
      Warning: No frequencies found for delta (1.0-4.0 Hz) on channel 49
      Warning: No frequencies found for delta (1.0-4.0 Hz) on channel 50
      Warning: No frequencies found for delta (1.0-4.0 Hz) on channel 51
      Warning: No frequencies found for delta (1.0-4.0 Hz) on channel 52
      Warning: No frequencies found for delta (1.0-4.0 Hz) on channel 53
      Warning: No frequencies found for delta (1.0-4.0 Hz) on channel 54
      Warning: No frequencies found for delta (1.0-4.0 Hz) on channel 55
      Warning: No frequencies found for delta (1.0-4.0 Hz) on channel 56
      Warning: No frequencies found for delta (1.0-4.0 Hz) on channel 57
      Warning: No frequencies found for delta (1.0-4.0 Hz) on channel 58
      Warning: No frequencies found for delta (1.0-4.0 Hz) on channel 59
      Warning: No frequencies found for delta (1.0-4.0 Hz) on channel 60
      Warning: No frequencies found for delta (1.0-4.0 Hz) on channel 61
      Warning: No frequencies found for delta (1.0-4.0 Hz) on channel 62
      Warning: No frequencies found for delta (1.0-4.0 Hz) on channel 63
      Warning: No frequencies found for delta (1.0-4.0 Hz) on channel 64
      Warning: No frequencies found for delta (1.0-4.0 Hz) on channel 65
      Warning: No frequencies found for delta (1.0-4.0 Hz) on channel 66
      Warning: No frequencies found for delta (1.0-4.0 Hz) on channel 67
      Warning: No frequencies found for delta (1.0-4.0 Hz) on channel 68
      Warning: No frequencies found for delta (1.0-4.0 Hz) on channel 69
      Warning: No frequencies found for delta (1.0-4.0 Hz) on channel 70
      Warning: No frequencies found for delta (1.0-4.0 Hz) on channel 71
      Warning: No frequencies found for delta (1.0-4.0 Hz) on channel 72
      Warning: No frequencies found for delta (1.0-4.0 Hz) on channel 73
      Warning: No frequencies found for delta (1.0-4.0 Hz) on channel 74
      Warning: No frequencies found for delta (1.0-4.0 Hz) on channel 75
      Warning: No frequencies found for delta (1.0-4.0 Hz) on channel 76
      Warning: No frequencies found for delta (1.0-4.0 Hz) on channel 77
      Warning: No frequencies found for delta (1.0-4.0 Hz) on channel 78
      Warning: No frequencies found for delta (1.0-4.0 Hz) on channel 79
      Warning: No frequencies found for delta (1.0-4.0 Hz) on channel 80
      Warning: No frequencies found for delta (1.0-4.0 Hz) on channel 81
      Warning: No frequencies found for delta (1.0-4.0 Hz) on channel 82
      Warning: No frequencies found for delta (1.0-4.0 Hz) on channel 83
      Warning: No frequencies found for delta (1.0-4.0 Hz) on channel 84
      Warning: No frequencies found for delta (1.0-4.0 Hz) on channel 85
      Warning: No frequencies found for delta (1.0-4.0 Hz) on channel 86
      Warning: No frequencies found for delta (1.0-4.0 Hz) on channel 87
      Warning: No frequencies found for delta (1.0-4.0 Hz) on channel 88
      Warning: No frequencies found for delta (1.0-4.0 Hz) on channel 89
      Warning: No frequencies found for delta (1.0-4.0 Hz) on channel 90
      Warning: No frequencies found for delta (1.0-4.0 Hz) on channel 91
      Warning: No frequencies found for delta (1.0-4.0 Hz) on channel 92
      Warning: No frequencies found for delta (1.0-4.0 Hz) on channel 93
      Warning: No frequencies found for delta (1.0-4.0 Hz) on channel 94
      Warning: No frequencies found for delta (1.0-4.0 Hz) on channel 95
      Warning: No frequencies found for delta (1.0-4.0 Hz) on channel 96
      Warning: No frequencies found for delta (1.0-4.0 Hz) on channel 97
      Warning: No frequencies found for delta (1.0-4.0 Hz) on channel 98
      Warning: No frequencies found for delta (1.0-4.0 Hz) on channel 99
      Warning: No frequencies found for delta (1.0-4.0 Hz) on channel 100
      Warning: No frequencies found for delta (1.0-4.0 Hz) on channel 101
      Warning: No frequencies found for delta (1.0-4.0 Hz) on channel 102
      Warning: No frequencies found for delta (1.0-4.0 Hz) on channel 103
      Warning: No frequencies found for delta (1.0-4.0 Hz) on channel 104
      Warning: No frequencies found for delta (1.0-4.0 Hz) on channel 105
      Warning: No frequencies found for delta (1.0-4.0 Hz) on channel 106
      Warning: No frequencies found for delta (1.0-4.0 Hz) on channel 107
      Warning: No frequencies found for delta (1.0-4.0 Hz) on channel 108
      Warning: No frequencies found for delta (1.0-4.0 Hz) on channel 109
      Warning: No frequencies found for delta (1.0-4.0 Hz) on channel 110
      Warning: No frequencies found for delta (1.0-4.0 Hz) on channel 111
      Warning: No frequencies found for delta (1.0-4.0 Hz) on channel 112
      Warning: No frequencies found for delta (1.0-4.0 Hz) on channel 113
      Warning: No frequencies found for delta (1.0-4.0 Hz) on channel 114
      Warning: No frequencies found for delta (1.0-4.0 Hz) on channel 115
      Warning: No frequencies found for delta (1.0-4.0 Hz) on channel 116
      Warning: No frequencies found for delta (1.0-4.0 Hz) on channel 117
      Warning: No frequencies found for delta (1.0-4.0 Hz) on channel 118
      Warning: No frequencies found for delta (1.0-4.0 Hz) on channel 119
      Warning: No frequencies found for delta (1.0-4.0 Hz) on channel 120
      Warning: No frequencies found for delta (1.0-4.0 Hz) on channel 121
      Warning: No frequencies found for delta (1.0-4.0 Hz) on channel 122
      Warning: No frequencies found for delta (1.0-4.0 Hz) on channel 123
      Warning: No frequencies found for delta (1.0-4.0 Hz) on channel 124
      Warning: No frequencies found for delta (1.0-4.0 Hz) on channel 125
      Warning: No frequencies found for delta (1.0-4.0 Hz) on channel 126
      Warning: No frequencies found for delta (1.0-4.0 Hz) on channel 127
      Warning: No frequencies found for delta (1.0-4.0 Hz) on channel 128
      Warning: No frequencies found for delta (1.0-4.0 Hz) on channel 129
      Warning: No frequencies found for delta (1.0-4.0 Hz) on channel 130
      Warning: No frequencies found for delta (1.0-4.0 Hz) on channel 131
      Warning: No frequencies found for delta (1.0-4.0 Hz) on channel 132
      Warning: No frequencies found for delta (1.0-4.0 Hz) on channel 133
      Warning: No frequencies found for delta (1.0-4.0 Hz) on channel 134
      Warning: No frequencies found for delta (1.0-4.0 Hz) on channel 135
      Warning: No frequencies found for delta (1.0-4.0 Hz) on channel 136
      Warning: No frequencies found for delta (1.0-4.0 Hz) on channel 137
      Warning: No frequencies found for delta (1.0-4.0 Hz) on channel 138
      Warning: No frequencies found for delta (1.0-4.0 Hz) on channel 139
      Warning: No frequencies found for delta (1.0-4.0 Hz) on channel 140
      Warning: No frequencies found for delta (1.0-4.0 Hz) on channel 141
      Warning: No frequencies found for delta (1.0-4.0 Hz) on channel 142
      Warning: No frequencies found for delta (1.0-4.0 Hz) on channel 143
      Warning: No frequencies found for delta (1.0-4.0 Hz) on channel 144
      Warning: No frequencies found for delta (1.0-4.0 Hz) on channel 145
      Warning: No frequencies found for delta (1.0-4.0 Hz) on channel 146
      Warning: No frequencies found for delta (1.0-4.0 Hz) on channel 147
      Warning: No frequencies found for delta (1.0-4.0 Hz) on channel 148
      Warning: No frequencies found for delta (1.0-4.0 Hz) on channel 149
      Warning: No frequencies found for delta (1.0-4.0 Hz) on channel 150
      Warning: No frequencies found for delta (1.0-4.0 Hz) on channel 151
      Warning: No frequencies found for delta (1.0-4.0 Hz) on channel 152
      Warning: No frequencies found for delta (1.0-4.0 Hz) on channel 153
      Warning: No frequencies found for delta (1.0-4.0 Hz) on channel 154
      Warning: No frequencies found for delta (1.0-4.0 Hz) on channel 155
      Warning: No frequencies found for delta (1.0-4.0 Hz) on channel 156
      Warning: No frequencies found for delta (1.0-4.0 Hz) on channel 157
      Warning: No frequencies found for delta (1.0-4.0 Hz) on channel 158
      Warning: No frequencies found for delta (1.0-4.0 Hz) on channel 159
      Warning: No frequencies found for delta (1.0-4.0 Hz) on channel 160
      Warning: No frequencies found for delta (1.0-4.0 Hz) on channel 161
      Warning: No frequencies found for delta (1.0-4.0 Hz) on channel 162
      Warning: No frequencies found for delta (1.0-4.0 Hz) on channel 163
      Warning: No frequencies found for delta (1.0-4.0 Hz) on channel 164
    Chunk 21/120 (17.5%)      Warning: No frequencies found for delta (1.0-4.0 Hz) on channel 0
      Warning: No frequencies found for delta (1.0-4.0 Hz) on channel 1
      Warning: No frequencies found for delta (1.0-4.0 Hz) on channel 2
      Warning: No frequencies found for delta (1.0-4.0 Hz) on channel 3
      Warning: No frequencies found for delta (1.0-4.0 Hz) on channel 4
      Warning: No frequencies found for delta (1.0-4.0 Hz) on channel 5
      Warning: No frequencies found for delta (1.0-4.0 Hz) on channel 6
      Warning: No frequencies found for delta (1.0-4.0 Hz) on channel 7
      Warning: No frequencies found for delta (1.0-4.0 Hz) on channel 8
      Warning: No frequencies found for delta (1.0-4.0 Hz) on channel 9
      Warning: No frequencies found for delta (1.0-4.0 Hz) on channel 10
      Warning: No frequencies found for delta (1.0-4.0 Hz) on channel 11
      Warning: No frequencies found for delta (1.0-4.0 Hz) on channel 12
      Warning: No frequencies found for delta (1.0-4.0 Hz) on channel 13
      Warning: No frequencies found for delta (1.0-4.0 Hz) on channel 14
      Warning: No frequencies found for delta (1.0-4.0 Hz) on channel 15
      Warning: No frequencies found for delta (1.0-4.0 Hz) on channel 16
      Warning: No frequencies found for delta (1.0-4.0 Hz) on channel 17
      Warning: No frequencies found for delta (1.0-4.0 Hz) on channel 18
      Warning: No frequencies found for delta (1.0-4.0 Hz) on channel 19
      Warning: No frequencies found for delta (1.0-4.0 Hz) on channel 20
      Warning: No frequencies found for delta (1.0-4.0 Hz) on channel 21
      Warning: No frequencies found for delta (1.0-4.0 Hz) on channel 22
      Warning: No frequencies found for delta (1.0-4.0 Hz) on channel 23
      Warning: No frequencies found for delta (1.0-4.0 Hz) on channel 24
      Warning: No frequencies found for delta (1.0-4.0 Hz) on channel 25
      Warning: No frequencies found for delta (1.0-4.0 Hz) on channel 26
      Warning: No frequencies found for delta (1.0-4.0 Hz) on channel 27
      Warning: No frequencies found for delta (1.0-4.0 Hz) on channel 28
      Warning: No frequencies found for delta (1.0-4.0 Hz) on channel 29
      Warning: No frequencies found for delta (1.0-4.0 Hz) on channel 30
      Warning: No frequencies found for delta (1.0-4.0 Hz) on channel 31
      Warning: No frequencies found for delta (1.0-4.0 Hz) on channel 32
      Warning: No frequencies found for delta (1.0-4.0 Hz) on channel 33
      Warning: No frequencies found for delta (1.0-4.0 Hz) on channel 34
      Warning: No frequencies found for delta (1.0-4.0 Hz) on channel 35
      Warning: No frequencies found for delta (1.0-4.0 Hz) on channel 36
      Warning: No frequencies found for delta (1.0-4.0 Hz) on channel 37
      Warning: No frequencies found for delta (1.0-4.0 Hz) on channel 38
      Warning: No frequencies found for delta (1.0-4.0 Hz) on channel 39
      Warning: No frequencies found for delta (1.0-4.0 Hz) on channel 40
      Warning: No frequencies found for delta (1.0-4.0 Hz) on channel 41
      Warning: No frequencies found for delta (1.0-4.0 Hz) on channel 42
      Warning: No frequencies found for delta (1.0-4.0 Hz) on channel 43
      Warning: No frequencies found for delta (1.0-4.0 Hz) on channel 44
      Warning: No frequencies found for delta (1.0-4.0 Hz) on channel 45
      Warning: No frequencies found for delta (1.0-4.0 Hz) on channel 46
      Warning: No frequencies found for delta (1.0-4.0 Hz) on channel 47
      Warning: No frequencies found for delta (1.0-4.0 Hz) on channel 48
      Warning: No frequencies found for delta (1.0-4.0 Hz) on channel 49
      Warning: No frequencies found for delta (1.0-4.0 Hz) on channel 50
      Warning: No frequencies found for delta (1.0-4.0 Hz) on channel 51
      Warning: No frequencies found for delta (1.0-4.0 Hz) on channel 52
      Warning: No frequencies found for delta (1.0-4.0 Hz) on channel 53
      Warning: No frequencies found for delta (1.0-4.0 Hz) on channel 54
      Warning: No frequencies found for delta (1.0-4.0 Hz) on channel 55
      Warning: No frequencies found for delta (1.0-4.0 Hz) on channel 56
      Warning: No frequencies found for delta (1.0-4.0 Hz) on channel 57
      Warning: No frequencies found for delta (1.0-4.0 Hz) on channel 58
      Warning: No frequencies found for delta (1.0-4.0 Hz) on channel 59
      Warning: No frequencies found for delta (1.0-4.0 Hz) on channel 60
      Warning: No frequencies found for delta (1.0-4.0 Hz) on channel 61
      Warning: No frequencies found for delta (1.0-4.0 Hz) on channel 62
      Warning: No frequencies found for delta (1.0-4.0 Hz) on channel 63
      Warning: No frequencies found for delta (1.0-4.0 Hz) on channel 64
      Warning: No frequencies found for delta (1.0-4.0 Hz) on channel 65
      Warning: No frequencies found for delta (1.0-4.0 Hz) on channel 66
      Warning: No frequencies found for delta (1.0-4.0 Hz) on channel 67
      Warning: No frequencies found for delta (1.0-4.0 Hz) on channel 68
      Warning: No frequencies found for delta (1.0-4.0 Hz) on channel 69
      Warning: No frequencies found for delta (1.0-4.0 Hz) on channel 70
      Warning: No frequencies found for delta (1.0-4.0 Hz) on channel 71
      Warning: No frequencies found for delta (1.0-4.0 Hz) on channel 72
      Warning: No frequencies found for delta (1.0-4.0 Hz) on channel 73
      Warning: No frequencies found for delta (1.0-4.0 Hz) on channel 74
      Warning: No frequencies found for delta (1.0-4.0 Hz) on channel 75
      Warning: No frequencies found for delta (1.0-4.0 Hz) on channel 76
      Warning: No frequencies found for delta (1.0-4.0 Hz) on channel 77
      Warning: No frequencies found for delta (1.0-4.0 Hz) on channel 78
      Warning: No frequencies found for delta (1.0-4.0 Hz) on channel 79
      Warning: No frequencies found for delta (1.0-4.0 Hz) on channel 80
      Warning: No frequencies found for delta (1.0-4.0 Hz) on channel 81
      Warning: No frequencies found for delta (1.0-4.0 Hz) on channel 82
      Warning: No frequencies found for delta (1.0-4.0 Hz) on channel 83
      Warning: No frequencies found for delta (1.0-4.0 Hz) on channel 84
      Warning: No frequencies found for delta (1.0-4.0 Hz) on channel 85
      Warning: No frequencies found for delta (1.0-4.0 Hz) on channel 86
      Warning: No frequencies found for delta (1.0-4.0 Hz) on channel 87
      Warning: No frequencies found for delta (1.0-4.0 Hz) on channel 88
      Warning: No frequencies found for delta (1.0-4.0 Hz) on channel 89
      Warning: No frequencies found for delta (1.0-4.0 Hz) on channel 90
      Warning: No frequencies found for delta (1.0-4.0 Hz) on channel 91
      Warning: No frequencies found for delta (1.0-4.0 Hz) on channel 92
      Warning: No frequencies found for delta (1.0-4.0 Hz) on channel 93
      Warning: No frequencies found for delta (1.0-4.0 Hz) on channel 94
      Warning: No frequencies found for delta (1.0-4.0 Hz) on channel 95
      Warning: No frequencies found for delta (1.0-4.0 Hz) on channel 96
      Warning: No frequencies found for delta (1.0-4.0 Hz) on channel 97
      Warning: No frequencies found for delta (1.0-4.0 Hz) on channel 98
      Warning: No frequencies found for delta (1.0-4.0 Hz) on channel 99
      Warning: No frequencies found for delta (1.0-4.0 Hz) on channel 100
      Warning: No frequencies found for delta (1.0-4.0 Hz) on channel 101
      Warning: No frequencies found for delta (1.0-4.0 Hz) on channel 102
      Warning: No frequencies found for delta (1.0-4.0 Hz) on channel 103
      Warning: No frequencies found for delta (1.0-4.0 Hz) on channel 104
      Warning: No frequencies found for delta (1.0-4.0 Hz) on channel 105
      Warning: No frequencies found for delta (1.0-4.0 Hz) on channel 106
      Warning: No frequencies found for delta (1.0-4.0 Hz) on channel 107
      Warning: No frequencies found for delta (1.0-4.0 Hz) on channel 108
      Warning: No frequencies found for delta (1.0-4.0 Hz) on channel 109
      Warning: No frequencies found for delta (1.0-4.0 Hz) on channel 110
      Warning: No frequencies found for delta (1.0-4.0 Hz) on channel 111
      Warning: No frequencies found for delta (1.0-4.0 Hz) on channel 112
      Warning: No frequencies found for delta (1.0-4.0 Hz) on channel 113
      Warning: No frequencies found for delta (1.0-4.0 Hz) on channel 114
      Warning: No frequencies found for delta (1.0-4.0 Hz) on channel 115
      Warning: No frequencies found for delta (1.0-4.0 Hz) on channel 116
      Warning: No frequencies found for delta (1.0-4.0 Hz) on channel 117
      Warning: No frequencies found for delta (1.0-4.0 Hz) on channel 118
      Warning: No frequencies found for delta (1.0-4.0 Hz) on channel 119
      Warning: No frequencies found for delta (1.0-4.0 Hz) on channel 120
      Warning: No frequencies found for delta (1.0-4.0 Hz) on channel 121
      Warning: No frequencies found for delta (1.0-4.0 Hz) on channel 122
      Warning: No frequencies found for delta (1.0-4.0 Hz) on channel 123
      Warning: No frequencies found for delta (1.0-4.0 Hz) on channel 124
      Warning: No frequencies found for delta (1.0-4.0 Hz) on channel 125
      Warning: No frequencies found for delta (1.0-4.0 Hz) on channel 126
      Warning: No frequencies found for delta (1.0-4.0 Hz) on channel 127
      Warning: No frequencies found for delta (1.0-4.0 Hz) on channel 128
      Warning: No frequencies found for delta (1.0-4.0 Hz) on channel 129
      Warning: No frequencies found for delta (1.0-4.0 Hz) on channel 130
      Warning: No frequencies found for delta (1.0-4.0 Hz) on channel 131
      Warning: No frequencies found for delta (1.0-4.0 Hz) on channel 132
      Warning: No frequencies found for delta (1.0-4.0 Hz) on channel 133
      Warning: No frequencies found for delta (1.0-4.0 Hz) on channel 134
      Warning: No frequencies found for delta (1.0-4.0 Hz) on channel 135
      Warning: No frequencies found for delta (1.0-4.0 Hz) on channel 136
      Warning: No frequencies found for delta (1.0-4.0 Hz) on channel 137
      Warning: No frequencies found for delta (1.0-4.0 Hz) on channel 138
      Warning: No frequencies found for delta (1.0-4.0 Hz) on channel 139
      Warning: No frequencies found for delta (1.0-4.0 Hz) on channel 140
      Warning: No frequencies found for delta (1.0-4.0 Hz) on channel 141
      Warning: No frequencies found for delta (1.0-4.0 Hz) on channel 142
      Warning: No frequencies found for delta (1.0-4.0 Hz) on channel 143
      Warning: No frequencies found for delta (1.0-4.0 Hz) on channel 144
      Warning: No frequencies found for delta (1.0-4.0 Hz) on channel 145
      Warning: No frequencies found for delta (1.0-4.0 Hz) on channel 146
      Warning: No frequencies found for delta (1.0-4.0 Hz) on channel 147
      Warning: No frequencies found for delta (1.0-4.0 Hz) on channel 148
      Warning: No frequencies found for delta (1.0-4.0 Hz) on channel 149
      Warning: No frequencies found for delta (1.0-4.0 Hz) on channel 150
      Warning: No frequencies found for delta (1.0-4.0 Hz) on channel 151
      Warning: No frequencies found for delta (1.0-4.0 Hz) on channel 152
      Warning: No frequencies found for delta (1.0-4.0 Hz) on channel 153
      Warning: No frequencies found for delta (1.0-4.0 Hz) on channel 154
      Warning: No frequencies found for delta (1.0-4.0 Hz) on channel 155
      Warning: No frequencies found for delta (1.0-4.0 Hz) on channel 156
      Warning: No frequencies found for delta (1.0-4.0 Hz) on channel 157
      Warning: No frequencies found for delta (1.0-4.0 Hz) on channel 158
      Warning: No frequencies found for delta (1.0-4.0 Hz) on channel 159
      Warning: No frequencies found for delta (1.0-4.0 Hz) on channel 160
      Warning: No frequencies found for delta (1.0-4.0 Hz) on channel 161
      Warning: No frequencies found for delta (1.0-4.0 Hz) on channel 162
      Warning: No frequencies found for delta (1.0-4.0 Hz) on channel 163
      Warning: No frequencies found for delta (1.0-4.0 Hz) on channel 164
    Chunk 22/120 (18.3%)      Warning: No frequencies found for delta (1.0-4.0 Hz) on channel 0
      Warning: No frequencies found for delta (1.0-4.0 Hz) on channel 1
      Warning: No frequencies found for delta (1.0-4.0 Hz) on channel 2
      Warning: No frequencies found for delta (1.0-4.0 Hz) on channel 3
      Warning: No frequencies found for delta (1.0-4.0 Hz) on channel 4
      Warning: No frequencies found for delta (1.0-4.0 Hz) on channel 5
      Warning: No frequencies found for delta (1.0-4.0 Hz) on channel 6
      Warning: No frequencies found for delta (1.0-4.0 Hz) on channel 7
      Warning: No frequencies found for delta (1.0-4.0 Hz) on channel 8
      Warning: No frequencies found for delta (1.0-4.0 Hz) on channel 9
      Warning: No frequencies found for delta (1.0-4.0 Hz) on channel 10
      Warning: No frequencies found for delta (1.0-4.0 Hz) on channel 11
      Warning: No frequencies found for delta (1.0-4.0 Hz) on channel 12
      Warning: No frequencies found for delta (1.0-4.0 Hz) on channel 13
      Warning: No frequencies found for delta (1.0-4.0 Hz) on channel 14
      Warning: No frequencies found for delta (1.0-4.0 Hz) on channel 15
      Warning: No frequencies found for delta (1.0-4.0 Hz) on channel 16
      Warning: No frequencies found for delta (1.0-4.0 Hz) on channel 17
      Warning: No frequencies found for delta (1.0-4.0 Hz) on channel 18
      Warning: No frequencies found for delta (1.0-4.0 Hz) on channel 19
      Warning: No frequencies found for delta (1.0-4.0 Hz) on channel 20
      Warning: No frequencies found for delta (1.0-4.0 Hz) on channel 21
      Warning: No frequencies found for delta (1.0-4.0 Hz) on channel 22
      Warning: No frequencies found for delta (1.0-4.0 Hz) on channel 23
      Warning: No frequencies found for delta (1.0-4.0 Hz) on channel 24
      Warning: No frequencies found for delta (1.0-4.0 Hz) on channel 25
      Warning: No frequencies found for delta (1.0-4.0 Hz) on channel 26
      Warning: No frequencies found for delta (1.0-4.0 Hz) on channel 27
      Warning: No frequencies found for delta (1.0-4.0 Hz) on channel 28
      Warning: No frequencies found for delta (1.0-4.0 Hz) on channel 29
      Warning: No frequencies found for delta (1.0-4.0 Hz) on channel 30
      Warning: No frequencies found for delta (1.0-4.0 Hz) on channel 31
      Warning: No frequencies found for delta (1.0-4.0 Hz) on channel 32
      Warning: No frequencies found for delta (1.0-4.0 Hz) on channel 33
      Warning: No frequencies found for delta (1.0-4.0 Hz) on channel 34
      Warning: No frequencies found for delta (1.0-4.0 Hz) on channel 35
      Warning: No frequencies found for delta (1.0-4.0 Hz) on channel 36
      Warning: No frequencies found for delta (1.0-4.0 Hz) on channel 37
      Warning: No frequencies found for delta (1.0-4.0 Hz) on channel 38
      Warning: No frequencies found for delta (1.0-4.0 Hz) on channel 39
      Warning: No frequencies found for delta (1.0-4.0 Hz) on channel 40
      Warning: No frequencies found for delta (1.0-4.0 Hz) on channel 41
      Warning: No frequencies found for delta (1.0-4.0 Hz) on channel 42
      Warning: No frequencies found for delta (1.0-4.0 Hz) on channel 43
      Warning: No frequencies found for delta (1.0-4.0 Hz) on channel 44
      Warning: No frequencies found for delta (1.0-4.0 Hz) on channel 45
      Warning: No frequencies found for delta (1.0-4.0 Hz) on channel 46
      Warning: No frequencies found for delta (1.0-4.0 Hz) on channel 47
      Warning: No frequencies found for delta (1.0-4.0 Hz) on channel 48
      Warning: No frequencies found for delta (1.0-4.0 Hz) on channel 49
      Warning: No frequencies found for delta (1.0-4.0 Hz) on channel 50
      Warning: No frequencies found for delta (1.0-4.0 Hz) on channel 51
      Warning: No frequencies found for delta (1.0-4.0 Hz) on channel 52
      Warning: No frequencies found for delta (1.0-4.0 Hz) on channel 53
      Warning: No frequencies found for delta (1.0-4.0 Hz) on channel 54
      Warning: No frequencies found for delta (1.0-4.0 Hz) on channel 55
      Warning: No frequencies found for delta (1.0-4.0 Hz) on channel 56
      Warning: No frequencies found for delta (1.0-4.0 Hz) on channel 57
      Warning: No frequencies found for delta (1.0-4.0 Hz) on channel 58
      Warning: No frequencies found for delta (1.0-4.0 Hz) on channel 59
      Warning: No frequencies found for delta (1.0-4.0 Hz) on channel 60
      Warning: No frequencies found for delta (1.0-4.0 Hz) on channel 61
      Warning: No frequencies found for delta (1.0-4.0 Hz) on channel 62
      Warning: No frequencies found for delta (1.0-4.0 Hz) on channel 63
      Warning: No frequencies found for delta (1.0-4.0 Hz) on channel 64
      Warning: No frequencies found for delta (1.0-4.0 Hz) on channel 65
      Warning: No frequencies found for delta (1.0-4.0 Hz) on channel 66
      Warning: No frequencies found for delta (1.0-4.0 Hz) on channel 67
      Warning: No frequencies found for delta (1.0-4.0 Hz) on channel 68
      Warning: No frequencies found for delta (1.0-4.0 Hz) on channel 69
      Warning: No frequencies found for delta (1.0-4.0 Hz) on channel 70
      Warning: No frequencies found for delta (1.0-4.0 Hz) on channel 71
      Warning: No frequencies found for delta (1.0-4.0 Hz) on channel 72
      Warning: No frequencies found for delta (1.0-4.0 Hz) on channel 73
      Warning: No frequencies found for delta (1.0-4.0 Hz) on channel 74
      Warning: No frequencies found for delta (1.0-4.0 Hz) on channel 75
      Warning: No frequencies found for delta (1.0-4.0 Hz) on channel 76
      Warning: No frequencies found for delta (1.0-4.0 Hz) on channel 77
      Warning: No frequencies found for delta (1.0-4.0 Hz) on channel 78
      Warning: No frequencies found for delta (1.0-4.0 Hz) on channel 79
      Warning: No frequencies found for delta (1.0-4.0 Hz) on channel 80
      Warning: No frequencies found for delta (1.0-4.0 Hz) on channel 81
      Warning: No frequencies found for delta (1.0-4.0 Hz) on channel 82
      Warning: No frequencies found for delta (1.0-4.0 Hz) on channel 83
      Warning: No frequencies found for delta (1.0-4.0 Hz) on channel 84
      Warning: No frequencies found for delta (1.0-4.0 Hz) on channel 85
      Warning: No frequencies found for delta (1.0-4.0 Hz) on channel 86
      Warning: No frequencies found for delta (1.0-4.0 Hz) on channel 87
      Warning: No frequencies found for delta (1.0-4.0 Hz) on channel 88
      Warning: No frequencies found for delta (1.0-4.0 Hz) on channel 89
      Warning: No frequencies found for delta (1.0-4.0 Hz) on channel 90
      Warning: No frequencies found for delta (1.0-4.0 Hz) on channel 91
      Warning: No frequencies found for delta (1.0-4.0 Hz) on channel 92
      Warning: No frequencies found for delta (1.0-4.0 Hz) on channel 93
      Warning: No frequencies found for delta (1.0-4.0 Hz) on channel 94
      Warning: No frequencies found for delta (1.0-4.0 Hz) on channel 95
      Warning: No frequencies found for delta (1.0-4.0 Hz) on channel 96
      Warning: No frequencies found for delta (1.0-4.0 Hz) on channel 97
      Warning: No frequencies found for delta (1.0-4.0 Hz) on channel 98
      Warning: No frequencies found for delta (1.0-4.0 Hz) on channel 99
      Warning: No frequencies found for delta (1.0-4.0 Hz) on channel 100
      Warning: No frequencies found for delta (1.0-4.0 Hz) on channel 101
      Warning: No frequencies found for delta (1.0-4.0 Hz) on channel 102
      Warning: No frequencies found for delta (1.0-4.0 Hz) on channel 103
      Warning: No frequencies found for delta (1.0-4.0 Hz) on channel 104
      Warning: No frequencies found for delta (1.0-4.0 Hz) on channel 105
      Warning: No frequencies found for delta (1.0-4.0 Hz) on channel 106
      Warning: No frequencies found for delta (1.0-4.0 Hz) on channel 107
      Warning: No frequencies found for delta (1.0-4.0 Hz) on channel 108
      Warning: No frequencies found for delta (1.0-4.0 Hz) on channel 109
      Warning: No frequencies found for delta (1.0-4.0 Hz) on channel 110
      Warning: No frequencies found for delta (1.0-4.0 Hz) on channel 111
      Warning: No frequencies found for delta (1.0-4.0 Hz) on channel 112
      Warning: No frequencies found for delta (1.0-4.0 Hz) on channel 113
      Warning: No frequencies found for delta (1.0-4.0 Hz) on channel 114
      Warning: No frequencies found for delta (1.0-4.0 Hz) on channel 115
      Warning: No frequencies found for delta (1.0-4.0 Hz) on channel 116
      Warning: No frequencies found for delta (1.0-4.0 Hz) on channel 117
      Warning: No frequencies found for delta (1.0-4.0 Hz) on channel 118
      Warning: No frequencies found for delta (1.0-4.0 Hz) on channel 119
      Warning: No frequencies found for delta (1.0-4.0 Hz) on channel 120
      Warning: No frequencies found for delta (1.0-4.0 Hz) on channel 121
      Warning: No frequencies found for delta (1.0-4.0 Hz) on channel 122
      Warning: No frequencies found for delta (1.0-4.0 Hz) on channel 123
      Warning: No frequencies found for delta (1.0-4.0 Hz) on channel 124
      Warning: No frequencies found for delta (1.0-4.0 Hz) on channel 125
      Warning: No frequencies found for delta (1.0-4.0 Hz) on channel 126
      Warning: No frequencies found for delta (1.0-4.0 Hz) on channel 127
      Warning: No frequencies found for delta (1.0-4.0 Hz) on channel 128
      Warning: No frequencies found for delta (1.0-4.0 Hz) on channel 129
      Warning: No frequencies found for delta (1.0-4.0 Hz) on channel 130
      Warning: No frequencies found for delta (1.0-4.0 Hz) on channel 131
      Warning: No frequencies found for delta (1.0-4.0 Hz) on channel 132
      Warning: No frequencies found for delta (1.0-4.0 Hz) on channel 133
      Warning: No frequencies found for delta (1.0-4.0 Hz) on channel 134
      Warning: No frequencies found for delta (1.0-4.0 Hz) on channel 135
      Warning: No frequencies found for delta (1.0-4.0 Hz) on channel 136
      Warning: No frequencies found for delta (1.0-4.0 Hz) on channel 137
      Warning: No frequencies found for delta (1.0-4.0 Hz) on channel 138
      Warning: No frequencies found for delta (1.0-4.0 Hz) on channel 139
      Warning: No frequencies found for delta (1.0-4.0 Hz) on channel 140
      Warning: No frequencies found for delta (1.0-4.0 Hz) on channel 141
      Warning: No frequencies found for delta (1.0-4.0 Hz) on channel 142
      Warning: No frequencies found for delta (1.0-4.0 Hz) on channel 143
      Warning: No frequencies found for delta (1.0-4.0 Hz) on channel 144
      Warning: No frequencies found for delta (1.0-4.0 Hz) on channel 145
      Warning: No frequencies found for delta (1.0-4.0 Hz) on channel 146
      Warning: No frequencies found for delta (1.0-4.0 Hz) on channel 147
      Warning: No frequencies found for delta (1.0-4.0 Hz) on channel 148
      Warning: No frequencies found for delta (1.0-4.0 Hz) on channel 149
      Warning: No frequencies found for delta (1.0-4.0 Hz) on channel 150
      Warning: No frequencies found for delta (1.0-4.0 Hz) on channel 151
      Warning: No frequencies found for delta (1.0-4.0 Hz) on channel 152
      Warning: No frequencies found for delta (1.0-4.0 Hz) on channel 153
      Warning: No frequencies found for delta (1.0-4.0 Hz) on channel 154
      Warning: No frequencies found for delta (1.0-4.0 Hz) on channel 155
      Warning: No frequencies found for delta (1.0-4.0 Hz) on channel 156
      Warning: No frequencies found for delta (1.0-4.0 Hz) on channel 157
      Warning: No frequencies found for delta (1.0-4.0 Hz) on channel 158
      Warning: No frequencies found for delta (1.0-4.0 Hz) on channel 159
      Warning: No frequencies found for delta (1.0-4.0 Hz) on channel 160
      Warning: No frequencies found for delta (1.0-4.0 Hz) on channel 161
      Warning: No frequencies found for delta (1.0-4.0 Hz) on channel 162
      Warning: No frequencies found for delta (1.0-4.0 Hz) on channel 163
      Warning: No frequencies found for delta (1.0-4.0 Hz) on channel 164
    Chunk 23/120 (19.2%)      Warning: No frequencies found for delta (1.0-4.0 Hz) on channel 0
      Warning: No frequencies found for delta (1.0-4.0 Hz) on channel 1
      Warning: No frequencies found for delta (1.0-4.0 Hz) on channel 2
      Warning: No frequencies found for delta (1.0-4.0 Hz) on channel 3
      Warning: No frequencies found for delta (1.0-4.0 Hz) on channel 4
      Warning: No frequencies found for delta (1.0-4.0 Hz) on channel 5
      Warning: No frequencies found for delta (1.0-4.0 Hz) on channel 6
      Warning: No frequencies found for delta (1.0-4.0 Hz) on channel 7
      Warning: No frequencies found for delta (1.0-4.0 Hz) on channel 8
      Warning: No frequencies found for delta (1.0-4.0 Hz) on channel 9
      Warning: No frequencies found for delta (1.0-4.0 Hz) on channel 10
      Warning: No frequencies found for delta (1.0-4.0 Hz) on channel 11
      Warning: No frequencies found for delta (1.0-4.0 Hz) on channel 12
      Warning: No frequencies found for delta (1.0-4.0 Hz) on channel 13
      Warning: No frequencies found for delta (1.0-4.0 Hz) on channel 14
      Warning: No frequencies found for delta (1.0-4.0 Hz) on channel 15
      Warning: No frequencies found for delta (1.0-4.0 Hz) on channel 16
      Warning: No frequencies found for delta (1.0-4.0 Hz) on channel 17
      Warning: No frequencies found for delta (1.0-4.0 Hz) on channel 18
      Warning: No frequencies found for delta (1.0-4.0 Hz) on channel 19
      Warning: No frequencies found for delta (1.0-4.0 Hz) on channel 20
      Warning: No frequencies found for delta (1.0-4.0 Hz) on channel 21
      Warning: No frequencies found for delta (1.0-4.0 Hz) on channel 22
      Warning: No frequencies found for delta (1.0-4.0 Hz) on channel 23
      Warning: No frequencies found for delta (1.0-4.0 Hz) on channel 24
      Warning: No frequencies found for delta (1.0-4.0 Hz) on channel 25
      Warning: No frequencies found for delta (1.0-4.0 Hz) on channel 26
      Warning: No frequencies found for delta (1.0-4.0 Hz) on channel 27
      Warning: No frequencies found for delta (1.0-4.0 Hz) on channel 28
      Warning: No frequencies found for delta (1.0-4.0 Hz) on channel 29
      Warning: No frequencies found for delta (1.0-4.0 Hz) on channel 30
      Warning: No frequencies found for delta (1.0-4.0 Hz) on channel 31
      Warning: No frequencies found for delta (1.0-4.0 Hz) on channel 32
      Warning: No frequencies found for delta (1.0-4.0 Hz) on channel 33
      Warning: No frequencies found for delta (1.0-4.0 Hz) on channel 34
      Warning: No frequencies found for delta (1.0-4.0 Hz) on channel 35
      Warning: No frequencies found for delta (1.0-4.0 Hz) on channel 36
      Warning: No frequencies found for delta (1.0-4.0 Hz) on channel 37
      Warning: No frequencies found for delta (1.0-4.0 Hz) on channel 38
      Warning: No frequencies found for delta (1.0-4.0 Hz) on channel 39
      Warning: No frequencies found for delta (1.0-4.0 Hz) on channel 40
      Warning: No frequencies found for delta (1.0-4.0 Hz) on channel 41
      Warning: No frequencies found for delta (1.0-4.0 Hz) on channel 42
      Warning: No frequencies found for delta (1.0-4.0 Hz) on channel 43
      Warning: No frequencies found for delta (1.0-4.0 Hz) on channel 44
      Warning: No frequencies found for delta (1.0-4.0 Hz) on channel 45
      Warning: No frequencies found for delta (1.0-4.0 Hz) on channel 46
      Warning: No frequencies found for delta (1.0-4.0 Hz) on channel 47
      Warning: No frequencies found for delta (1.0-4.0 Hz) on channel 48
      Warning: No frequencies found for delta (1.0-4.0 Hz) on channel 49
      Warning: No frequencies found for delta (1.0-4.0 Hz) on channel 50
      Warning: No frequencies found for delta (1.0-4.0 Hz) on channel 51
      Warning: No frequencies found for delta (1.0-4.0 Hz) on channel 52
      Warning: No frequencies found for delta (1.0-4.0 Hz) on channel 53
      Warning: No frequencies found for delta (1.0-4.0 Hz) on channel 54
      Warning: No frequencies found for delta (1.0-4.0 Hz) on channel 55
      Warning: No frequencies found for delta (1.0-4.0 Hz) on channel 56
      Warning: No frequencies found for delta (1.0-4.0 Hz) on channel 57
      Warning: No frequencies found for delta (1.0-4.0 Hz) on channel 58
      Warning: No frequencies found for delta (1.0-4.0 Hz) on channel 59
      Warning: No frequencies found for delta (1.0-4.0 Hz) on channel 60
      Warning: No frequencies found for delta (1.0-4.0 Hz) on channel 61
      Warning: No frequencies found for delta (1.0-4.0 Hz) on channel 62
      Warning: No frequencies found for delta (1.0-4.0 Hz) on channel 63
      Warning: No frequencies found for delta (1.0-4.0 Hz) on channel 64
      Warning: No frequencies found for delta (1.0-4.0 Hz) on channel 65
      Warning: No frequencies found for delta (1.0-4.0 Hz) on channel 66
      Warning: No frequencies found for delta (1.0-4.0 Hz) on channel 67
      Warning: No frequencies found for delta (1.0-4.0 Hz) on channel 68
      Warning: No frequencies found for delta (1.0-4.0 Hz) on channel 69
      Warning: No frequencies found for delta (1.0-4.0 Hz) on channel 70
      Warning: No frequencies found for delta (1.0-4.0 Hz) on channel 71
      Warning: No frequencies found for delta (1.0-4.0 Hz) on channel 72
      Warning: No frequencies found for delta (1.0-4.0 Hz) on channel 73
      Warning: No frequencies found for delta (1.0-4.0 Hz) on channel 74
      Warning: No frequencies found for delta (1.0-4.0 Hz) on channel 75
      Warning: No frequencies found for delta (1.0-4.0 Hz) on channel 76
      Warning: No frequencies found for delta (1.0-4.0 Hz) on channel 77
      Warning: No frequencies found for delta (1.0-4.0 Hz) on channel 78
      Warning: No frequencies found for delta (1.0-4.0 Hz) on channel 79
      Warning: No frequencies found for delta (1.0-4.0 Hz) on channel 80
      Warning: No frequencies found for delta (1.0-4.0 Hz) on channel 81
      Warning: No frequencies found for delta (1.0-4.0 Hz) on channel 82
      Warning: No frequencies found for delta (1.0-4.0 Hz) on channel 83
      Warning: No frequencies found for delta (1.0-4.0 Hz) on channel 84
      Warning: No frequencies found for delta (1.0-4.0 Hz) on channel 85
      Warning: No frequencies found for delta (1.0-4.0 Hz) on channel 86
      Warning: No frequencies found for delta (1.0-4.0 Hz) on channel 87
      Warning: No frequencies found for delta (1.0-4.0 Hz) on channel 88
      Warning: No frequencies found for delta (1.0-4.0 Hz) on channel 89
      Warning: No frequencies found for delta (1.0-4.0 Hz) on channel 90
      Warning: No frequencies found for delta (1.0-4.0 Hz) on channel 91
      Warning: No frequencies found for delta (1.0-4.0 Hz) on channel 92
      Warning: No frequencies found for delta (1.0-4.0 Hz) on channel 93
      Warning: No frequencies found for delta (1.0-4.0 Hz) on channel 94
      Warning: No frequencies found for delta (1.0-4.0 Hz) on channel 95
      Warning: No frequencies found for delta (1.0-4.0 Hz) on channel 96
      Warning: No frequencies found for delta (1.0-4.0 Hz) on channel 97
      Warning: No frequencies found for delta (1.0-4.0 Hz) on channel 98
      Warning: No frequencies found for delta (1.0-4.0 Hz) on channel 99
      Warning: No frequencies found for delta (1.0-4.0 Hz) on channel 100
      Warning: No frequencies found for delta (1.0-4.0 Hz) on channel 101
      Warning: No frequencies found for delta (1.0-4.0 Hz) on channel 102
      Warning: No frequencies found for delta (1.0-4.0 Hz) on channel 103
      Warning: No frequencies found for delta (1.0-4.0 Hz) on channel 104
      Warning: No frequencies found for delta (1.0-4.0 Hz) on channel 105
      Warning: No frequencies found for delta (1.0-4.0 Hz) on channel 106
      Warning: No frequencies found for delta (1.0-4.0 Hz) on channel 107
      Warning: No frequencies found for delta (1.0-4.0 Hz) on channel 108
      Warning: No frequencies found for delta (1.0-4.0 Hz) on channel 109
      Warning: No frequencies found for delta (1.0-4.0 Hz) on channel 110
      Warning: No frequencies found for delta (1.0-4.0 Hz) on channel 111
      Warning: No frequencies found for delta (1.0-4.0 Hz) on channel 112
      Warning: No frequencies found for delta (1.0-4.0 Hz) on channel 113
      Warning: No frequencies found for delta (1.0-4.0 Hz) on channel 114
      Warning: No frequencies found for delta (1.0-4.0 Hz) on channel 115
      Warning: No frequencies found for delta (1.0-4.0 Hz) on channel 116
      Warning: No frequencies found for delta (1.0-4.0 Hz) on channel 117
      Warning: No frequencies found for delta (1.0-4.0 Hz) on channel 118
      Warning: No frequencies found for delta (1.0-4.0 Hz) on channel 119
      Warning: No frequencies found for delta (1.0-4.0 Hz) on channel 120
      Warning: No frequencies found for delta (1.0-4.0 Hz) on channel 121
      Warning: No frequencies found for delta (1.0-4.0 Hz) on channel 122
      Warning: No frequencies found for delta (1.0-4.0 Hz) on channel 123
      Warning: No frequencies found for delta (1.0-4.0 Hz) on channel 124
      Warning: No frequencies found for delta (1.0-4.0 Hz) on channel 125
      Warning: No frequencies found for delta (1.0-4.0 Hz) on channel 126
      Warning: No frequencies found for delta (1.0-4.0 Hz) on channel 127
      Warning: No frequencies found for delta (1.0-4.0 Hz) on channel 128
      Warning: No frequencies found for delta (1.0-4.0 Hz) on channel 129
      Warning: No frequencies found for delta (1.0-4.0 Hz) on channel 130
      Warning: No frequencies found for delta (1.0-4.0 Hz) on channel 131
      Warning: No frequencies found for delta (1.0-4.0 Hz) on channel 132
      Warning: No frequencies found for delta (1.0-4.0 Hz) on channel 133
      Warning: No frequencies found for delta (1.0-4.0 Hz) on channel 134
      Warning: No frequencies found for delta (1.0-4.0 Hz) on channel 135
      Warning: No frequencies found for delta (1.0-4.0 Hz) on channel 136
      Warning: No frequencies found for delta (1.0-4.0 Hz) on channel 137
      Warning: No frequencies found for delta (1.0-4.0 Hz) on channel 138
      Warning: No frequencies found for delta (1.0-4.0 Hz) on channel 139
      Warning: No frequencies found for delta (1.0-4.0 Hz) on channel 140
      Warning: No frequencies found for delta (1.0-4.0 Hz) on channel 141
      Warning: No frequencies found for delta (1.0-4.0 Hz) on channel 142
      Warning: No frequencies found for delta (1.0-4.0 Hz) on channel 143
      Warning: No frequencies found for delta (1.0-4.0 Hz) on channel 144
      Warning: No frequencies found for delta (1.0-4.0 Hz) on channel 145
      Warning: No frequencies found for delta (1.0-4.0 Hz) on channel 146
      Warning: No frequencies found for delta (1.0-4.0 Hz) on channel 147
      Warning: No frequencies found for delta (1.0-4.0 Hz) on channel 148
      Warning: No frequencies found for delta (1.0-4.0 Hz) on channel 149
      Warning: No frequencies found for delta (1.0-4.0 Hz) on channel 150
      Warning: No frequencies found for delta (1.0-4.0 Hz) on channel 151
      Warning: No frequencies found for delta (1.0-4.0 Hz) on channel 152
      Warning: No frequencies found for delta (1.0-4.0 Hz) on channel 153
      Warning: No frequencies found for delta (1.0-4.0 Hz) on channel 154
      Warning: No frequencies found for delta (1.0-4.0 Hz) on channel 155
      Warning: No frequencies found for delta (1.0-4.0 Hz) on channel 156
      Warning: No frequencies found for delta (1.0-4.0 Hz) on channel 157
      Warning: No frequencies found for delta (1.0-4.0 Hz) on channel 158
      Warning: No frequencies found for delta (1.0-4.0 Hz) on channel 159
      Warning: No frequencies found for delta (1.0-4.0 Hz) on channel 160
      Warning: No frequencies found for delta (1.0-4.0 Hz) on channel 161
      Warning: No frequencies found for delta (1.0-4.0 Hz) on channel 162
      Warning: No frequencies found for delta (1.0-4.0 Hz) on channel 163
      Warning: No frequencies found for delta (1.0-4.0 Hz) on channel 164
    Chunk 24/120 (20.0%)      Warning: No frequencies found for delta (1.0-4.0 Hz) on channel 0
      Warning: No frequencies found for delta (1.0-4.0 Hz) on channel 1
      Warning: No frequencies found for delta (1.0-4.0 Hz) on channel 2
      Warning: No frequencies found for delta (1.0-4.0 Hz) on channel 3
      Warning: No frequencies found for delta (1.0-4.0 Hz) on channel 4
      Warning: No frequencies found for delta (1.0-4.0 Hz) on channel 5
      Warning: No frequencies found for delta (1.0-4.0 Hz) on channel 6
      Warning: No frequencies found for delta (1.0-4.0 Hz) on channel 7
      Warning: No frequencies found for delta (1.0-4.0 Hz) on channel 8
      Warning: No frequencies found for delta (1.0-4.0 Hz) on channel 9
      Warning: No frequencies found for delta (1.0-4.0 Hz) on channel 10
      Warning: No frequencies found for delta (1.0-4.0 Hz) on channel 11
      Warning: No frequencies found for delta (1.0-4.0 Hz) on channel 12
      Warning: No frequencies found for delta (1.0-4.0 Hz) on channel 13
      Warning: No frequencies found for delta (1.0-4.0 Hz) on channel 14
      Warning: No frequencies found for delta (1.0-4.0 Hz) on channel 15
      Warning: No frequencies found for delta (1.0-4.0 Hz) on channel 16
      Warning: No frequencies found for delta (1.0-4.0 Hz) on channel 17
      Warning: No frequencies found for delta (1.0-4.0 Hz) on channel 18
      Warning: No frequencies found for delta (1.0-4.0 Hz) on channel 19
      Warning: No frequencies found for delta (1.0-4.0 Hz) on channel 20
      Warning: No frequencies found for delta (1.0-4.0 Hz) on channel 21
      Warning: No frequencies found for delta (1.0-4.0 Hz) on channel 22
      Warning: No frequencies found for delta (1.0-4.0 Hz) on channel 23
      Warning: No frequencies found for delta (1.0-4.0 Hz) on channel 24
      Warning: No frequencies found for delta (1.0-4.0 Hz) on channel 25
      Warning: No frequencies found for delta (1.0-4.0 Hz) on channel 26
      Warning: No frequencies found for delta (1.0-4.0 Hz) on channel 27
      Warning: No frequencies found for delta (1.0-4.0 Hz) on channel 28
      Warning: No frequencies found for delta (1.0-4.0 Hz) on channel 29
      Warning: No frequencies found for delta (1.0-4.0 Hz) on channel 30
      Warning: No frequencies found for delta (1.0-4.0 Hz) on channel 31
      Warning: No frequencies found for delta (1.0-4.0 Hz) on channel 32
      Warning: No frequencies found for delta (1.0-4.0 Hz) on channel 33
      Warning: No frequencies found for delta (1.0-4.0 Hz) on channel 34
      Warning: No frequencies found for delta (1.0-4.0 Hz) on channel 35
      Warning: No frequencies found for delta (1.0-4.0 Hz) on channel 36
      Warning: No frequencies found for delta (1.0-4.0 Hz) on channel 37
      Warning: No frequencies found for delta (1.0-4.0 Hz) on channel 38
      Warning: No frequencies found for delta (1.0-4.0 Hz) on channel 39
      Warning: No frequencies found for delta (1.0-4.0 Hz) on channel 40
      Warning: No frequencies found for delta (1.0-4.0 Hz) on channel 41
      Warning: No frequencies found for delta (1.0-4.0 Hz) on channel 42
      Warning: No frequencies found for delta (1.0-4.0 Hz) on channel 43
      Warning: No frequencies found for delta (1.0-4.0 Hz) on channel 44
      Warning: No frequencies found for delta (1.0-4.0 Hz) on channel 45
      Warning: No frequencies found for delta (1.0-4.0 Hz) on channel 46
      Warning: No frequencies found for delta (1.0-4.0 Hz) on channel 47
      Warning: No frequencies found for delta (1.0-4.0 Hz) on channel 48
      Warning: No frequencies found for delta (1.0-4.0 Hz) on channel 49
      Warning: No frequencies found for delta (1.0-4.0 Hz) on channel 50
      Warning: No frequencies found for delta (1.0-4.0 Hz) on channel 51
      Warning: No frequencies found for delta (1.0-4.0 Hz) on channel 52
      Warning: No frequencies found for delta (1.0-4.0 Hz) on channel 53
      Warning: No frequencies found for delta (1.0-4.0 Hz) on channel 54
      Warning: No frequencies found for delta (1.0-4.0 Hz) on channel 55
      Warning: No frequencies found for delta (1.0-4.0 Hz) on channel 56
      Warning: No frequencies found for delta (1.0-4.0 Hz) on channel 57
      Warning: No frequencies found for delta (1.0-4.0 Hz) on channel 58
      Warning: No frequencies found for delta (1.0-4.0 Hz) on channel 59
      Warning: No frequencies found for delta (1.0-4.0 Hz) on channel 60
      Warning: No frequencies found for delta (1.0-4.0 Hz) on channel 61
      Warning: No frequencies found for delta (1.0-4.0 Hz) on channel 62
      Warning: No frequencies found for delta (1.0-4.0 Hz) on channel 63
      Warning: No frequencies found for delta (1.0-4.0 Hz) on channel 64
      Warning: No frequencies found for delta (1.0-4.0 Hz) on channel 65
      Warning: No frequencies found for delta (1.0-4.0 Hz) on channel 66
      Warning: No frequencies found for delta (1.0-4.0 Hz) on channel 67
      Warning: No frequencies found for delta (1.0-4.0 Hz) on channel 68
      Warning: No frequencies found for delta (1.0-4.0 Hz) on channel 69
      Warning: No frequencies found for delta (1.0-4.0 Hz) on channel 70
      Warning: No frequencies found for delta (1.0-4.0 Hz) on channel 71
      Warning: No frequencies found for delta (1.0-4.0 Hz) on channel 72
      Warning: No frequencies found for delta (1.0-4.0 Hz) on channel 73
      Warning: No frequencies found for delta (1.0-4.0 Hz) on channel 74
      Warning: No frequencies found for delta (1.0-4.0 Hz) on channel 75
      Warning: No frequencies found for delta (1.0-4.0 Hz) on channel 76
      Warning: No frequencies found for delta (1.0-4.0 Hz) on channel 77
      Warning: No frequencies found for delta (1.0-4.0 Hz) on channel 78
      Warning: No frequencies found for delta (1.0-4.0 Hz) on channel 79
      Warning: No frequencies found for delta (1.0-4.0 Hz) on channel 80
      Warning: No frequencies found for delta (1.0-4.0 Hz) on channel 81
      Warning: No frequencies found for delta (1.0-4.0 Hz) on channel 82
      Warning: No frequencies found for delta (1.0-4.0 Hz) on channel 83
      Warning: No frequencies found for delta (1.0-4.0 Hz) on channel 84
      Warning: No frequencies found for delta (1.0-4.0 Hz) on channel 85
      Warning: No frequencies found for delta (1.0-4.0 Hz) on channel 86
      Warning: No frequencies found for delta (1.0-4.0 Hz) on channel 87
      Warning: No frequencies found for delta (1.0-4.0 Hz) on channel 88
      Warning: No frequencies found for delta (1.0-4.0 Hz) on channel 89
      Warning: No frequencies found for delta (1.0-4.0 Hz) on channel 90
      Warning: No frequencies found for delta (1.0-4.0 Hz) on channel 91
      Warning: No frequencies found for delta (1.0-4.0 Hz) on channel 92
      Warning: No frequencies found for delta (1.0-4.0 Hz) on channel 93
      Warning: No frequencies found for delta (1.0-4.0 Hz) on channel 94
      Warning: No frequencies found for delta (1.0-4.0 Hz) on channel 95
      Warning: No frequencies found for delta (1.0-4.0 Hz) on channel 96
      Warning: No frequencies found for delta (1.0-4.0 Hz) on channel 97
      Warning: No frequencies found for delta (1.0-4.0 Hz) on channel 98
      Warning: No frequencies found for delta (1.0-4.0 Hz) on channel 99
      Warning: No frequencies found for delta (1.0-4.0 Hz) on channel 100
      Warning: No frequencies found for delta (1.0-4.0 Hz) on channel 101
      Warning: No frequencies found for delta (1.0-4.0 Hz) on channel 102
      Warning: No frequencies found for delta (1.0-4.0 Hz) on channel 103
      Warning: No frequencies found for delta (1.0-4.0 Hz) on channel 104
      Warning: No frequencies found for delta (1.0-4.0 Hz) on channel 105
      Warning: No frequencies found for delta (1.0-4.0 Hz) on channel 106
      Warning: No frequencies found for delta (1.0-4.0 Hz) on channel 107
      Warning: No frequencies found for delta (1.0-4.0 Hz) on channel 108
      Warning: No frequencies found for delta (1.0-4.0 Hz) on channel 109
      Warning: No frequencies found for delta (1.0-4.0 Hz) on channel 110
      Warning: No frequencies found for delta (1.0-4.0 Hz) on channel 111
      Warning: No frequencies found for delta (1.0-4.0 Hz) on channel 112
      Warning: No frequencies found for delta (1.0-4.0 Hz) on channel 113
      Warning: No frequencies found for delta (1.0-4.0 Hz) on channel 114
      Warning: No frequencies found for delta (1.0-4.0 Hz) on channel 115
      Warning: No frequencies found for delta (1.0-4.0 Hz) on channel 116
      Warning: No frequencies found for delta (1.0-4.0 Hz) on channel 117
      Warning: No frequencies found for delta (1.0-4.0 Hz) on channel 118
      Warning: No frequencies found for delta (1.0-4.0 Hz) on channel 119
      Warning: No frequencies found for delta (1.0-4.0 Hz) on channel 120
      Warning: No frequencies found for delta (1.0-4.0 Hz) on channel 121
      Warning: No frequencies found for delta (1.0-4.0 Hz) on channel 122
      Warning: No frequencies found for delta (1.0-4.0 Hz) on channel 123
      Warning: No frequencies found for delta (1.0-4.0 Hz) on channel 124
      Warning: No frequencies found for delta (1.0-4.0 Hz) on channel 125
      Warning: No frequencies found for delta (1.0-4.0 Hz) on channel 126
      Warning: No frequencies found for delta (1.0-4.0 Hz) on channel 127
      Warning: No frequencies found for delta (1.0-4.0 Hz) on channel 128
      Warning: No frequencies found for delta (1.0-4.0 Hz) on channel 129
      Warning: No frequencies found for delta (1.0-4.0 Hz) on channel 130
      Warning: No frequencies found for delta (1.0-4.0 Hz) on channel 131
      Warning: No frequencies found for delta (1.0-4.0 Hz) on channel 132
      Warning: No frequencies found for delta (1.0-4.0 Hz) on channel 133
      Warning: No frequencies found for delta (1.0-4.0 Hz) on channel 134
      Warning: No frequencies found for delta (1.0-4.0 Hz) on channel 135
      Warning: No frequencies found for delta (1.0-4.0 Hz) on channel 136
      Warning: No frequencies found for delta (1.0-4.0 Hz) on channel 137
      Warning: No frequencies found for delta (1.0-4.0 Hz) on channel 138
      Warning: No frequencies found for delta (1.0-4.0 Hz) on channel 139
      Warning: No frequencies found for delta (1.0-4.0 Hz) on channel 140
      Warning: No frequencies found for delta (1.0-4.0 Hz) on channel 141
      Warning: No frequencies found for delta (1.0-4.0 Hz) on channel 142
      Warning: No frequencies found for delta (1.0-4.0 Hz) on channel 143
      Warning: No frequencies found for delta (1.0-4.0 Hz) on channel 144
      Warning: No frequencies found for delta (1.0-4.0 Hz) on channel 145
      Warning: No frequencies found for delta (1.0-4.0 Hz) on channel 146
      Warning: No frequencies found for delta (1.0-4.0 Hz) on channel 147
      Warning: No frequencies found for delta (1.0-4.0 Hz) on channel 148
      Warning: No frequencies found for delta (1.0-4.0 Hz) on channel 149
      Warning: No frequencies found for delta (1.0-4.0 Hz) on channel 150
      Warning: No frequencies found for delta (1.0-4.0 Hz) on channel 151
      Warning: No frequencies found for delta (1.0-4.0 Hz) on channel 152
      Warning: No frequencies found for delta (1.0-4.0 Hz) on channel 153
      Warning: No frequencies found for delta (1.0-4.0 Hz) on channel 154
      Warning: No frequencies found for delta (1.0-4.0 Hz) on channel 155
      Warning: No frequencies found for delta (1.0-4.0 Hz) on channel 156
      Warning: No frequencies found for delta (1.0-4.0 Hz) on channel 157
      Warning: No frequencies found for delta (1.0-4.0 Hz) on channel 158
      Warning: No frequencies found for delta (1.0-4.0 Hz) on channel 159
      Warning: No frequencies found for delta (1.0-4.0 Hz) on channel 160
      Warning: No frequencies found for delta (1.0-4.0 Hz) on channel 161
      Warning: No frequencies found for delta (1.0-4.0 Hz) on channel 162
      Warning: No frequencies found for delta (1.0-4.0 Hz) on channel 163
      Warning: No frequencies found for delta (1.0-4.0 Hz) on channel 164
    Chunk 25/120 (20.8%)      Warning: No frequencies found for delta (1.0-4.0 Hz) on channel 0
      Warning: No frequencies found for delta (1.0-4.0 Hz) on channel 1
      Warning: No frequencies found for delta (1.0-4.0 Hz) on channel 2
      Warning: No frequencies found for delta (1.0-4.0 Hz) on channel 3
      Warning: No frequencies found for delta (1.0-4.0 Hz) on channel 4
      Warning: No frequencies found for delta (1.0-4.0 Hz) on channel 5
      Warning: No frequencies found for delta (1.0-4.0 Hz) on channel 6
      Warning: No frequencies found for delta (1.0-4.0 Hz) on channel 7
      Warning: No frequencies found for delta (1.0-4.0 Hz) on channel 8
      Warning: No frequencies found for delta (1.0-4.0 Hz) on channel 9
      Warning: No frequencies found for delta (1.0-4.0 Hz) on channel 10
      Warning: No frequencies found for delta (1.0-4.0 Hz) on channel 11
      Warning: No frequencies found for delta (1.0-4.0 Hz) on channel 12
      Warning: No frequencies found for delta (1.0-4.0 Hz) on channel 13
      Warning: No frequencies found for delta (1.0-4.0 Hz) on channel 14
      Warning: No frequencies found for delta (1.0-4.0 Hz) on channel 15
      Warning: No frequencies found for delta (1.0-4.0 Hz) on channel 16
      Warning: No frequencies found for delta (1.0-4.0 Hz) on channel 17
      Warning: No frequencies found for delta (1.0-4.0 Hz) on channel 18
      Warning: No frequencies found for delta (1.0-4.0 Hz) on channel 19
      Warning: No frequencies found for delta (1.0-4.0 Hz) on channel 20
      Warning: No frequencies found for delta (1.0-4.0 Hz) on channel 21
      Warning: No frequencies found for delta (1.0-4.0 Hz) on channel 22
      Warning: No frequencies found for delta (1.0-4.0 Hz) on channel 23
      Warning: No frequencies found for delta (1.0-4.0 Hz) on channel 24
      Warning: No frequencies found for delta (1.0-4.0 Hz) on channel 25
      Warning: No frequencies found for delta (1.0-4.0 Hz) on channel 26
      Warning: No frequencies found for delta (1.0-4.0 Hz) on channel 27
      Warning: No frequencies found for delta (1.0-4.0 Hz) on channel 28
      Warning: No frequencies found for delta (1.0-4.0 Hz) on channel 29
      Warning: No frequencies found for delta (1.0-4.0 Hz) on channel 30
      Warning: No frequencies found for delta (1.0-4.0 Hz) on channel 31
      Warning: No frequencies found for delta (1.0-4.0 Hz) on channel 32
      Warning: No frequencies found for delta (1.0-4.0 Hz) on channel 33
      Warning: No frequencies found for delta (1.0-4.0 Hz) on channel 34
      Warning: No frequencies found for delta (1.0-4.0 Hz) on channel 35
      Warning: No frequencies found for delta (1.0-4.0 Hz) on channel 36
      Warning: No frequencies found for delta (1.0-4.0 Hz) on channel 37
      Warning: No frequencies found for delta (1.0-4.0 Hz) on channel 38
      Warning: No frequencies found for delta (1.0-4.0 Hz) on channel 39
      Warning: No frequencies found for delta (1.0-4.0 Hz) on channel 40
      Warning: No frequencies found for delta (1.0-4.0 Hz) on channel 41
      Warning: No frequencies found for delta (1.0-4.0 Hz) on channel 42
      Warning: No frequencies found for delta (1.0-4.0 Hz) on channel 43
      Warning: No frequencies found for delta (1.0-4.0 Hz) on channel 44
      Warning: No frequencies found for delta (1.0-4.0 Hz) on channel 45
      Warning: No frequencies found for delta (1.0-4.0 Hz) on channel 46
      Warning: No frequencies found for delta (1.0-4.0 Hz) on channel 47
      Warning: No frequencies found for delta (1.0-4.0 Hz) on channel 48
      Warning: No frequencies found for delta (1.0-4.0 Hz) on channel 49
      Warning: No frequencies found for delta (1.0-4.0 Hz) on channel 50
      Warning: No frequencies found for delta (1.0-4.0 Hz) on channel 51
      Warning: No frequencies found for delta (1.0-4.0 Hz) on channel 52
      Warning: No frequencies found for delta (1.0-4.0 Hz) on channel 53
      Warning: No frequencies found for delta (1.0-4.0 Hz) on channel 54
      Warning: No frequencies found for delta (1.0-4.0 Hz) on channel 55
      Warning: No frequencies found for delta (1.0-4.0 Hz) on channel 56
      Warning: No frequencies found for delta (1.0-4.0 Hz) on channel 57
      Warning: No frequencies found for delta (1.0-4.0 Hz) on channel 58
      Warning: No frequencies found for delta (1.0-4.0 Hz) on channel 59
      Warning: No frequencies found for delta (1.0-4.0 Hz) on channel 60
      Warning: No frequencies found for delta (1.0-4.0 Hz) on channel 61
      Warning: No frequencies found for delta (1.0-4.0 Hz) on channel 62
      Warning: No frequencies found for delta (1.0-4.0 Hz) on channel 63
      Warning: No frequencies found for delta (1.0-4.0 Hz) on channel 64
      Warning: No frequencies found for delta (1.0-4.0 Hz) on channel 65
      Warning: No frequencies found for delta (1.0-4.0 Hz) on channel 66
      Warning: No frequencies found for delta (1.0-4.0 Hz) on channel 67
      Warning: No frequencies found for delta (1.0-4.0 Hz) on channel 68
      Warning: No frequencies found for delta (1.0-4.0 Hz) on channel 69
      Warning: No frequencies found for delta (1.0-4.0 Hz) on channel 70
      Warning: No frequencies found for delta (1.0-4.0 Hz) on channel 71
      Warning: No frequencies found for delta (1.0-4.0 Hz) on channel 72
      Warning: No frequencies found for delta (1.0-4.0 Hz) on channel 73
      Warning: No frequencies found for delta (1.0-4.0 Hz) on channel 74
      Warning: No frequencies found for delta (1.0-4.0 Hz) on channel 75
      Warning: No frequencies found for delta (1.0-4.0 Hz) on channel 76
      Warning: No frequencies found for delta (1.0-4.0 Hz) on channel 77
      Warning: No frequencies found for delta (1.0-4.0 Hz) on channel 78
      Warning: No frequencies found for delta (1.0-4.0 Hz) on channel 79
      Warning: No frequencies found for delta (1.0-4.0 Hz) on channel 80
      Warning: No frequencies found for delta (1.0-4.0 Hz) on channel 81
      Warning: No frequencies found for delta (1.0-4.0 Hz) on channel 82
      Warning: No frequencies found for delta (1.0-4.0 Hz) on channel 83
      Warning: No frequencies found for delta (1.0-4.0 Hz) on channel 84
      Warning: No frequencies found for delta (1.0-4.0 Hz) on channel 85
      Warning: No frequencies found for delta (1.0-4.0 Hz) on channel 86
      Warning: No frequencies found for delta (1.0-4.0 Hz) on channel 87
      Warning: No frequencies found for delta (1.0-4.0 Hz) on channel 88
      Warning: No frequencies found for delta (1.0-4.0 Hz) on channel 89
      Warning: No frequencies found for delta (1.0-4.0 Hz) on channel 90
      Warning: No frequencies found for delta (1.0-4.0 Hz) on channel 91
      Warning: No frequencies found for delta (1.0-4.0 Hz) on channel 92
      Warning: No frequencies found for delta (1.0-4.0 Hz) on channel 93
      Warning: No frequencies found for delta (1.0-4.0 Hz) on channel 94
      Warning: No frequencies found for delta (1.0-4.0 Hz) on channel 95
      Warning: No frequencies found for delta (1.0-4.0 Hz) on channel 96
      Warning: No frequencies found for delta (1.0-4.0 Hz) on channel 97
      Warning: No frequencies found for delta (1.0-4.0 Hz) on channel 98
      Warning: No frequencies found for delta (1.0-4.0 Hz) on channel 99
      Warning: No frequencies found for delta (1.0-4.0 Hz) on channel 100
      Warning: No frequencies found for delta (1.0-4.0 Hz) on channel 101
      Warning: No frequencies found for delta (1.0-4.0 Hz) on channel 102
      Warning: No frequencies found for delta (1.0-4.0 Hz) on channel 103
      Warning: No frequencies found for delta (1.0-4.0 Hz) on channel 104
      Warning: No frequencies found for delta (1.0-4.0 Hz) on channel 105
      Warning: No frequencies found for delta (1.0-4.0 Hz) on channel 106
      Warning: No frequencies found for delta (1.0-4.0 Hz) on channel 107
      Warning: No frequencies found for delta (1.0-4.0 Hz) on channel 108
      Warning: No frequencies found for delta (1.0-4.0 Hz) on channel 109
      Warning: No frequencies found for delta (1.0-4.0 Hz) on channel 110
      Warning: No frequencies found for delta (1.0-4.0 Hz) on channel 111
      Warning: No frequencies found for delta (1.0-4.0 Hz) on channel 112
      Warning: No frequencies found for delta (1.0-4.0 Hz) on channel 113
      Warning: No frequencies found for delta (1.0-4.0 Hz) on channel 114
      Warning: No frequencies found for delta (1.0-4.0 Hz) on channel 115
      Warning: No frequencies found for delta (1.0-4.0 Hz) on channel 116
      Warning: No frequencies found for delta (1.0-4.0 Hz) on channel 117
      Warning: No frequencies found for delta (1.0-4.0 Hz) on channel 118
      Warning: No frequencies found for delta (1.0-4.0 Hz) on channel 119
      Warning: No frequencies found for delta (1.0-4.0 Hz) on channel 120
      Warning: No frequencies found for delta (1.0-4.0 Hz) on channel 121
      Warning: No frequencies found for delta (1.0-4.0 Hz) on channel 122
      Warning: No frequencies found for delta (1.0-4.0 Hz) on channel 123
      Warning: No frequencies found for delta (1.0-4.0 Hz) on channel 124
      Warning: No frequencies found for delta (1.0-4.0 Hz) on channel 125
      Warning: No frequencies found for delta (1.0-4.0 Hz) on channel 126
      Warning: No frequencies found for delta (1.0-4.0 Hz) on channel 127
      Warning: No frequencies found for delta (1.0-4.0 Hz) on channel 128
      Warning: No frequencies found for delta (1.0-4.0 Hz) on channel 129
      Warning: No frequencies found for delta (1.0-4.0 Hz) on channel 130
      Warning: No frequencies found for delta (1.0-4.0 Hz) on channel 131
      Warning: No frequencies found for delta (1.0-4.0 Hz) on channel 132
      Warning: No frequencies found for delta (1.0-4.0 Hz) on channel 133
      Warning: No frequencies found for delta (1.0-4.0 Hz) on channel 134
      Warning: No frequencies found for delta (1.0-4.0 Hz) on channel 135
      Warning: No frequencies found for delta (1.0-4.0 Hz) on channel 136
      Warning: No frequencies found for delta (1.0-4.0 Hz) on channel 137
      Warning: No frequencies found for delta (1.0-4.0 Hz) on channel 138
      Warning: No frequencies found for delta (1.0-4.0 Hz) on channel 139
      Warning: No frequencies found for delta (1.0-4.0 Hz) on channel 140
      Warning: No frequencies found for delta (1.0-4.0 Hz) on channel 141
      Warning: No frequencies found for delta (1.0-4.0 Hz) on channel 142
      Warning: No frequencies found for delta (1.0-4.0 Hz) on channel 143
      Warning: No frequencies found for delta (1.0-4.0 Hz) on channel 144
      Warning: No frequencies found for delta (1.0-4.0 Hz) on channel 145
      Warning: No frequencies found for delta (1.0-4.0 Hz) on channel 146
      Warning: No frequencies found for delta (1.0-4.0 Hz) on channel 147
      Warning: No frequencies found for delta (1.0-4.0 Hz) on channel 148
      Warning: No frequencies found for delta (1.0-4.0 Hz) on channel 149
      Warning: No frequencies found for delta (1.0-4.0 Hz) on channel 150
      Warning: No frequencies found for delta (1.0-4.0 Hz) on channel 151
      Warning: No frequencies found for delta (1.0-4.0 Hz) on channel 152
      Warning: No frequencies found for delta (1.0-4.0 Hz) on channel 153
      Warning: No frequencies found for delta (1.0-4.0 Hz) on channel 154
      Warning: No frequencies found for delta (1.0-4.0 Hz) on channel 155
      Warning: No frequencies found for delta (1.0-4.0 Hz) on channel 156
      Warning: No frequencies found for delta (1.0-4.0 Hz) on channel 157
      Warning: No frequencies found for delta (1.0-4.0 Hz) on channel 158
      Warning: No frequencies found for delta (1.0-4.0 Hz) on channel 159
      Warning: No frequencies found for delta (1.0-4.0 Hz) on channel 160
      Warning: No frequencies found for delta (1.0-4.0 Hz) on channel 161
      Warning: No frequencies found for delta (1.0-4.0 Hz) on channel 162
      Warning: No frequencies found for delta (1.0-4.0 Hz) on channel 163
      Warning: No frequencies found for delta (1.0-4.0 Hz) on channel 164
    Chunk 26/120 (21.7%)      Warning: No frequencies found for delta (1.0-4.0 Hz) on channel 0
      Warning: No frequencies found for delta (1.0-4.0 Hz) on channel 1
      Warning: No frequencies found for delta (1.0-4.0 Hz) on channel 2
      Warning: No frequencies found for delta (1.0-4.0 Hz) on channel 3
      Warning: No frequencies found for delta (1.0-4.0 Hz) on channel 4
      Warning: No frequencies found for delta (1.0-4.0 Hz) on channel 5
      Warning: No frequencies found for delta (1.0-4.0 Hz) on channel 6
      Warning: No frequencies found for delta (1.0-4.0 Hz) on channel 7
      Warning: No frequencies found for delta (1.0-4.0 Hz) on channel 8
      Warning: No frequencies found for delta (1.0-4.0 Hz) on channel 9
      Warning: No frequencies found for delta (1.0-4.0 Hz) on channel 10
      Warning: No frequencies found for delta (1.0-4.0 Hz) on channel 11
      Warning: No frequencies found for delta (1.0-4.0 Hz) on channel 12
      Warning: No frequencies found for delta (1.0-4.0 Hz) on channel 13
      Warning: No frequencies found for delta (1.0-4.0 Hz) on channel 14
      Warning: No frequencies found for delta (1.0-4.0 Hz) on channel 15
      Warning: No frequencies found for delta (1.0-4.0 Hz) on channel 16
      Warning: No frequencies found for delta (1.0-4.0 Hz) on channel 17
      Warning: No frequencies found for delta (1.0-4.0 Hz) on channel 18
      Warning: No frequencies found for delta (1.0-4.0 Hz) on channel 19
      Warning: No frequencies found for delta (1.0-4.0 Hz) on channel 20
      Warning: No frequencies found for delta (1.0-4.0 Hz) on channel 21
      Warning: No frequencies found for delta (1.0-4.0 Hz) on channel 22
      Warning: No frequencies found for delta (1.0-4.0 Hz) on channel 23
      Warning: No frequencies found for delta (1.0-4.0 Hz) on channel 24
      Warning: No frequencies found for delta (1.0-4.0 Hz) on channel 25
      Warning: No frequencies found for delta (1.0-4.0 Hz) on channel 26
      Warning: No frequencies found for delta (1.0-4.0 Hz) on channel 27
      Warning: No frequencies found for delta (1.0-4.0 Hz) on channel 28
      Warning: No frequencies found for delta (1.0-4.0 Hz) on channel 29
      Warning: No frequencies found for delta (1.0-4.0 Hz) on channel 30
      Warning: No frequencies found for delta (1.0-4.0 Hz) on channel 31
      Warning: No frequencies found for delta (1.0-4.0 Hz) on channel 32
      Warning: No frequencies found for delta (1.0-4.0 Hz) on channel 33
      Warning: No frequencies found for delta (1.0-4.0 Hz) on channel 34
      Warning: No frequencies found for delta (1.0-4.0 Hz) on channel 35
      Warning: No frequencies found for delta (1.0-4.0 Hz) on channel 36
      Warning: No frequencies found for delta (1.0-4.0 Hz) on channel 37
      Warning: No frequencies found for delta (1.0-4.0 Hz) on channel 38
      Warning: No frequencies found for delta (1.0-4.0 Hz) on channel 39
      Warning: No frequencies found for delta (1.0-4.0 Hz) on channel 40
      Warning: No frequencies found for delta (1.0-4.0 Hz) on channel 41
      Warning: No frequencies found for delta (1.0-4.0 Hz) on channel 42
      Warning: No frequencies found for delta (1.0-4.0 Hz) on channel 43
      Warning: No frequencies found for delta (1.0-4.0 Hz) on channel 44
      Warning: No frequencies found for delta (1.0-4.0 Hz) on channel 45
      Warning: No frequencies found for delta (1.0-4.0 Hz) on channel 46
      Warning: No frequencies found for delta (1.0-4.0 Hz) on channel 47
      Warning: No frequencies found for delta (1.0-4.0 Hz) on channel 48
      Warning: No frequencies found for delta (1.0-4.0 Hz) on channel 49
      Warning: No frequencies found for delta (1.0-4.0 Hz) on channel 50
      Warning: No frequencies found for delta (1.0-4.0 Hz) on channel 51
      Warning: No frequencies found for delta (1.0-4.0 Hz) on channel 52
      Warning: No frequencies found for delta (1.0-4.0 Hz) on channel 53
      Warning: No frequencies found for delta (1.0-4.0 Hz) on channel 54
      Warning: No frequencies found for delta (1.0-4.0 Hz) on channel 55
      Warning: No frequencies found for delta (1.0-4.0 Hz) on channel 56
      Warning: No frequencies found for delta (1.0-4.0 Hz) on channel 57
      Warning: No frequencies found for delta (1.0-4.0 Hz) on channel 58
      Warning: No frequencies found for delta (1.0-4.0 Hz) on channel 59
      Warning: No frequencies found for delta (1.0-4.0 Hz) on channel 60
      Warning: No frequencies found for delta (1.0-4.0 Hz) on channel 61
      Warning: No frequencies found for delta (1.0-4.0 Hz) on channel 62
      Warning: No frequencies found for delta (1.0-4.0 Hz) on channel 63
      Warning: No frequencies found for delta (1.0-4.0 Hz) on channel 64
      Warning: No frequencies found for delta (1.0-4.0 Hz) on channel 65
      Warning: No frequencies found for delta (1.0-4.0 Hz) on channel 66
      Warning: No frequencies found for delta (1.0-4.0 Hz) on channel 67
      Warning: No frequencies found for delta (1.0-4.0 Hz) on channel 68
      Warning: No frequencies found for delta (1.0-4.0 Hz) on channel 69
      Warning: No frequencies found for delta (1.0-4.0 Hz) on channel 70
      Warning: No frequencies found for delta (1.0-4.0 Hz) on channel 71
      Warning: No frequencies found for delta (1.0-4.0 Hz) on channel 72
      Warning: No frequencies found for delta (1.0-4.0 Hz) on channel 73
      Warning: No frequencies found for delta (1.0-4.0 Hz) on channel 74
      Warning: No frequencies found for delta (1.0-4.0 Hz) on channel 75
      Warning: No frequencies found for delta (1.0-4.0 Hz) on channel 76
      Warning: No frequencies found for delta (1.0-4.0 Hz) on channel 77
      Warning: No frequencies found for delta (1.0-4.0 Hz) on channel 78
      Warning: No frequencies found for delta (1.0-4.0 Hz) on channel 79
      Warning: No frequencies found for delta (1.0-4.0 Hz) on channel 80
      Warning: No frequencies found for delta (1.0-4.0 Hz) on channel 81
      Warning: No frequencies found for delta (1.0-4.0 Hz) on channel 82
      Warning: No frequencies found for delta (1.0-4.0 Hz) on channel 83
      Warning: No frequencies found for delta (1.0-4.0 Hz) on channel 84
      Warning: No frequencies found for delta (1.0-4.0 Hz) on channel 85
      Warning: No frequencies found for delta (1.0-4.0 Hz) on channel 86
      Warning: No frequencies found for delta (1.0-4.0 Hz) on channel 87
      Warning: No frequencies found for delta (1.0-4.0 Hz) on channel 88
      Warning: No frequencies found for delta (1.0-4.0 Hz) on channel 89
      Warning: No frequencies found for delta (1.0-4.0 Hz) on channel 90
      Warning: No frequencies found for delta (1.0-4.0 Hz) on channel 91
      Warning: No frequencies found for delta (1.0-4.0 Hz) on channel 92
      Warning: No frequencies found for delta (1.0-4.0 Hz) on channel 93
      Warning: No frequencies found for delta (1.0-4.0 Hz) on channel 94
      Warning: No frequencies found for delta (1.0-4.0 Hz) on channel 95
      Warning: No frequencies found for delta (1.0-4.0 Hz) on channel 96
      Warning: No frequencies found for delta (1.0-4.0 Hz) on channel 97
      Warning: No frequencies found for delta (1.0-4.0 Hz) on channel 98
      Warning: No frequencies found for delta (1.0-4.0 Hz) on channel 99
      Warning: No frequencies found for delta (1.0-4.0 Hz) on channel 100
      Warning: No frequencies found for delta (1.0-4.0 Hz) on channel 101
      Warning: No frequencies found for delta (1.0-4.0 Hz) on channel 102
      Warning: No frequencies found for delta (1.0-4.0 Hz) on channel 103
      Warning: No frequencies found for delta (1.0-4.0 Hz) on channel 104
      Warning: No frequencies found for delta (1.0-4.0 Hz) on channel 105
      Warning: No frequencies found for delta (1.0-4.0 Hz) on channel 106
      Warning: No frequencies found for delta (1.0-4.0 Hz) on channel 107
      Warning: No frequencies found for delta (1.0-4.0 Hz) on channel 108
      Warning: No frequencies found for delta (1.0-4.0 Hz) on channel 109
      Warning: No frequencies found for delta (1.0-4.0 Hz) on channel 110
      Warning: No frequencies found for delta (1.0-4.0 Hz) on channel 111
      Warning: No frequencies found for delta (1.0-4.0 Hz) on channel 112
      Warning: No frequencies found for delta (1.0-4.0 Hz) on channel 113
      Warning: No frequencies found for delta (1.0-4.0 Hz) on channel 114
      Warning: No frequencies found for delta (1.0-4.0 Hz) on channel 115
      Warning: No frequencies found for delta (1.0-4.0 Hz) on channel 116
      Warning: No frequencies found for delta (1.0-4.0 Hz) on channel 117
      Warning: No frequencies found for delta (1.0-4.0 Hz) on channel 118
      Warning: No frequencies found for delta (1.0-4.0 Hz) on channel 119
      Warning: No frequencies found for delta (1.0-4.0 Hz) on channel 120
      Warning: No frequencies found for delta (1.0-4.0 Hz) on channel 121
      Warning: No frequencies found for delta (1.0-4.0 Hz) on channel 122
      Warning: No frequencies found for delta (1.0-4.0 Hz) on channel 123
      Warning: No frequencies found for delta (1.0-4.0 Hz) on channel 124
      Warning: No frequencies found for delta (1.0-4.0 Hz) on channel 125
      Warning: No frequencies found for delta (1.0-4.0 Hz) on channel 126
      Warning: No frequencies found for delta (1.0-4.0 Hz) on channel 127
      Warning: No frequencies found for delta (1.0-4.0 Hz) on channel 128
      Warning: No frequencies found for delta (1.0-4.0 Hz) on channel 129
      Warning: No frequencies found for delta (1.0-4.0 Hz) on channel 130
      Warning: No frequencies found for delta (1.0-4.0 Hz) on channel 131
      Warning: No frequencies found for delta (1.0-4.0 Hz) on channel 132
      Warning: No frequencies found for delta (1.0-4.0 Hz) on channel 133
      Warning: No frequencies found for delta (1.0-4.0 Hz) on channel 134
      Warning: No frequencies found for delta (1.0-4.0 Hz) on channel 135
      Warning: No frequencies found for delta (1.0-4.0 Hz) on channel 136
      Warning: No frequencies found for delta (1.0-4.0 Hz) on channel 137
      Warning: No frequencies found for delta (1.0-4.0 Hz) on channel 138
      Warning: No frequencies found for delta (1.0-4.0 Hz) on channel 139
      Warning: No frequencies found for delta (1.0-4.0 Hz) on channel 140
      Warning: No frequencies found for delta (1.0-4.0 Hz) on channel 141
      Warning: No frequencies found for delta (1.0-4.0 Hz) on channel 142
      Warning: No frequencies found for delta (1.0-4.0 Hz) on channel 143
      Warning: No frequencies found for delta (1.0-4.0 Hz) on channel 144
      Warning: No frequencies found for delta (1.0-4.0 Hz) on channel 145
      Warning: No frequencies found for delta (1.0-4.0 Hz) on channel 146
      Warning: No frequencies found for delta (1.0-4.0 Hz) on channel 147
      Warning: No frequencies found for delta (1.0-4.0 Hz) on channel 148
      Warning: No frequencies found for delta (1.0-4.0 Hz) on channel 149
      Warning: No frequencies found for delta (1.0-4.0 Hz) on channel 150
      Warning: No frequencies found for delta (1.0-4.0 Hz) on channel 151
      Warning: No frequencies found for delta (1.0-4.0 Hz) on channel 152
      Warning: No frequencies found for delta (1.0-4.0 Hz) on channel 153
      Warning: No frequencies found for delta (1.0-4.0 Hz) on channel 154
      Warning: No frequencies found for delta (1.0-4.0 Hz) on channel 155
      Warning: No frequencies found for delta (1.0-4.0 Hz) on channel 156
      Warning: No frequencies found for delta (1.0-4.0 Hz) on channel 157
      Warning: No frequencies found for delta (1.0-4.0 Hz) on channel 158
      Warning: No frequencies found for delta (1.0-4.0 Hz) on channel 159
      Warning: No frequencies found for delta (1.0-4.0 Hz) on channel 160
      Warning: No frequencies found for delta (1.0-4.0 Hz) on channel 161
      Warning: No frequencies found for delta (1.0-4.0 Hz) on channel 162
      Warning: No frequencies found for delta (1.0-4.0 Hz) on channel 163
      Warning: No frequencies found for delta (1.0-4.0 Hz) on channel 164
    Chunk 27/120 (22.5%)      Warning: No frequencies found for delta (1.0-4.0 Hz) on channel 0
      Warning: No frequencies found for delta (1.0-4.0 Hz) on channel 1
      Warning: No frequencies found for delta (1.0-4.0 Hz) on channel 2
      Warning: No frequencies found for delta (1.0-4.0 Hz) on channel 3
      Warning: No frequencies found for delta (1.0-4.0 Hz) on channel 4
      Warning: No frequencies found for delta (1.0-4.0 Hz) on channel 5
      Warning: No frequencies found for delta (1.0-4.0 Hz) on channel 6
      Warning: No frequencies found for delta (1.0-4.0 Hz) on channel 7
      Warning: No frequencies found for delta (1.0-4.0 Hz) on channel 8
      Warning: No frequencies found for delta (1.0-4.0 Hz) on channel 9
      Warning: No frequencies found for delta (1.0-4.0 Hz) on channel 10
      Warning: No frequencies found for delta (1.0-4.0 Hz) on channel 11
      Warning: No frequencies found for delta (1.0-4.0 Hz) on channel 12
      Warning: No frequencies found for delta (1.0-4.0 Hz) on channel 13
      Warning: No frequencies found for delta (1.0-4.0 Hz) on channel 14
      Warning: No frequencies found for delta (1.0-4.0 Hz) on channel 15
      Warning: No frequencies found for delta (1.0-4.0 Hz) on channel 16
      Warning: No frequencies found for delta (1.0-4.0 Hz) on channel 17
      Warning: No frequencies found for delta (1.0-4.0 Hz) on channel 18
      Warning: No frequencies found for delta (1.0-4.0 Hz) on channel 19
      Warning: No frequencies found for delta (1.0-4.0 Hz) on channel 20
      Warning: No frequencies found for delta (1.0-4.0 Hz) on channel 21
      Warning: No frequencies found for delta (1.0-4.0 Hz) on channel 22
      Warning: No frequencies found for delta (1.0-4.0 Hz) on channel 23
      Warning: No frequencies found for delta (1.0-4.0 Hz) on channel 24
      Warning: No frequencies found for delta (1.0-4.0 Hz) on channel 25
      Warning: No frequencies found for delta (1.0-4.0 Hz) on channel 26
      Warning: No frequencies found for delta (1.0-4.0 Hz) on channel 27
      Warning: No frequencies found for delta (1.0-4.0 Hz) on channel 28
      Warning: No frequencies found for delta (1.0-4.0 Hz) on channel 29
      Warning: No frequencies found for delta (1.0-4.0 Hz) on channel 30
      Warning: No frequencies found for delta (1.0-4.0 Hz) on channel 31
      Warning: No frequencies found for delta (1.0-4.0 Hz) on channel 32
      Warning: No frequencies found for delta (1.0-4.0 Hz) on channel 33
      Warning: No frequencies found for delta (1.0-4.0 Hz) on channel 34
      Warning: No frequencies found for delta (1.0-4.0 Hz) on channel 35
      Warning: No frequencies found for delta (1.0-4.0 Hz) on channel 36
      Warning: No frequencies found for delta (1.0-4.0 Hz) on channel 37
      Warning: No frequencies found for delta (1.0-4.0 Hz) on channel 38
      Warning: No frequencies found for delta (1.0-4.0 Hz) on channel 39
      Warning: No frequencies found for delta (1.0-4.0 Hz) on channel 40
      Warning: No frequencies found for delta (1.0-4.0 Hz) on channel 41
      Warning: No frequencies found for delta (1.0-4.0 Hz) on channel 42
      Warning: No frequencies found for delta (1.0-4.0 Hz) on channel 43
      Warning: No frequencies found for delta (1.0-4.0 Hz) on channel 44
      Warning: No frequencies found for delta (1.0-4.0 Hz) on channel 45
      Warning: No frequencies found for delta (1.0-4.0 Hz) on channel 46
      Warning: No frequencies found for delta (1.0-4.0 Hz) on channel 47
      Warning: No frequencies found for delta (1.0-4.0 Hz) on channel 48
      Warning: No frequencies found for delta (1.0-4.0 Hz) on channel 49
      Warning: No frequencies found for delta (1.0-4.0 Hz) on channel 50
      Warning: No frequencies found for delta (1.0-4.0 Hz) on channel 51
      Warning: No frequencies found for delta (1.0-4.0 Hz) on channel 52
      Warning: No frequencies found for delta (1.0-4.0 Hz) on channel 53
      Warning: No frequencies found for delta (1.0-4.0 Hz) on channel 54
      Warning: No frequencies found for delta (1.0-4.0 Hz) on channel 55
      Warning: No frequencies found for delta (1.0-4.0 Hz) on channel 56
      Warning: No frequencies found for delta (1.0-4.0 Hz) on channel 57
      Warning: No frequencies found for delta (1.0-4.0 Hz) on channel 58
      Warning: No frequencies found for delta (1.0-4.0 Hz) on channel 59
      Warning: No frequencies found for delta (1.0-4.0 Hz) on channel 60
      Warning: No frequencies found for delta (1.0-4.0 Hz) on channel 61
      Warning: No frequencies found for delta (1.0-4.0 Hz) on channel 62
      Warning: No frequencies found for delta (1.0-4.0 Hz) on channel 63
      Warning: No frequencies found for delta (1.0-4.0 Hz) on channel 64
      Warning: No frequencies found for delta (1.0-4.0 Hz) on channel 65
      Warning: No frequencies found for delta (1.0-4.0 Hz) on channel 66
      Warning: No frequencies found for delta (1.0-4.0 Hz) on channel 67
      Warning: No frequencies found for delta (1.0-4.0 Hz) on channel 68
      Warning: No frequencies found for delta (1.0-4.0 Hz) on channel 69
      Warning: No frequencies found for delta (1.0-4.0 Hz) on channel 70
      Warning: No frequencies found for delta (1.0-4.0 Hz) on channel 71
      Warning: No frequencies found for delta (1.0-4.0 Hz) on channel 72
      Warning: No frequencies found for delta (1.0-4.0 Hz) on channel 73
      Warning: No frequencies found for delta (1.0-4.0 Hz) on channel 74
      Warning: No frequencies found for delta (1.0-4.0 Hz) on channel 75
      Warning: No frequencies found for delta (1.0-4.0 Hz) on channel 76
      Warning: No frequencies found for delta (1.0-4.0 Hz) on channel 77
      Warning: No frequencies found for delta (1.0-4.0 Hz) on channel 78
      Warning: No frequencies found for delta (1.0-4.0 Hz) on channel 79
      Warning: No frequencies found for delta (1.0-4.0 Hz) on channel 80
      Warning: No frequencies found for delta (1.0-4.0 Hz) on channel 81
      Warning: No frequencies found for delta (1.0-4.0 Hz) on channel 82
      Warning: No frequencies found for delta (1.0-4.0 Hz) on channel 83
      Warning: No frequencies found for delta (1.0-4.0 Hz) on channel 84
      Warning: No frequencies found for delta (1.0-4.0 Hz) on channel 85
      Warning: No frequencies found for delta (1.0-4.0 Hz) on channel 86
      Warning: No frequencies found for delta (1.0-4.0 Hz) on channel 87
      Warning: No frequencies found for delta (1.0-4.0 Hz) on channel 88
      Warning: No frequencies found for delta (1.0-4.0 Hz) on channel 89
      Warning: No frequencies found for delta (1.0-4.0 Hz) on channel 90
      Warning: No frequencies found for delta (1.0-4.0 Hz) on channel 91
      Warning: No frequencies found for delta (1.0-4.0 Hz) on channel 92
      Warning: No frequencies found for delta (1.0-4.0 Hz) on channel 93
      Warning: No frequencies found for delta (1.0-4.0 Hz) on channel 94
      Warning: No frequencies found for delta (1.0-4.0 Hz) on channel 95
      Warning: No frequencies found for delta (1.0-4.0 Hz) on channel 96
      Warning: No frequencies found for delta (1.0-4.0 Hz) on channel 97
      Warning: No frequencies found for delta (1.0-4.0 Hz) on channel 98
      Warning: No frequencies found for delta (1.0-4.0 Hz) on channel 99
      Warning: No frequencies found for delta (1.0-4.0 Hz) on channel 100
      Warning: No frequencies found for delta (1.0-4.0 Hz) on channel 101
      Warning: No frequencies found for delta (1.0-4.0 Hz) on channel 102
      Warning: No frequencies found for delta (1.0-4.0 Hz) on channel 103
      Warning: No frequencies found for delta (1.0-4.0 Hz) on channel 104
      Warning: No frequencies found for delta (1.0-4.0 Hz) on channel 105
      Warning: No frequencies found for delta (1.0-4.0 Hz) on channel 106
      Warning: No frequencies found for delta (1.0-4.0 Hz) on channel 107
      Warning: No frequencies found for delta (1.0-4.0 Hz) on channel 108
      Warning: No frequencies found for delta (1.0-4.0 Hz) on channel 109
      Warning: No frequencies found for delta (1.0-4.0 Hz) on channel 110
      Warning: No frequencies found for delta (1.0-4.0 Hz) on channel 111
      Warning: No frequencies found for delta (1.0-4.0 Hz) on channel 112
      Warning: No frequencies found for delta (1.0-4.0 Hz) on channel 113
      Warning: No frequencies found for delta (1.0-4.0 Hz) on channel 114
      Warning: No frequencies found for delta (1.0-4.0 Hz) on channel 115
      Warning: No frequencies found for delta (1.0-4.0 Hz) on channel 116
      Warning: No frequencies found for delta (1.0-4.0 Hz) on channel 117
      Warning: No frequencies found for delta (1.0-4.0 Hz) on channel 118
      Warning: No frequencies found for delta (1.0-4.0 Hz) on channel 119
      Warning: No frequencies found for delta (1.0-4.0 Hz) on channel 120
      Warning: No frequencies found for delta (1.0-4.0 Hz) on channel 121
      Warning: No frequencies found for delta (1.0-4.0 Hz) on channel 122
      Warning: No frequencies found for delta (1.0-4.0 Hz) on channel 123
      Warning: No frequencies found for delta (1.0-4.0 Hz) on channel 124
      Warning: No frequencies found for delta (1.0-4.0 Hz) on channel 125
      Warning: No frequencies found for delta (1.0-4.0 Hz) on channel 126
      Warning: No frequencies found for delta (1.0-4.0 Hz) on channel 127
      Warning: No frequencies found for delta (1.0-4.0 Hz) on channel 128
      Warning: No frequencies found for delta (1.0-4.0 Hz) on channel 129
      Warning: No frequencies found for delta (1.0-4.0 Hz) on channel 130
      Warning: No frequencies found for delta (1.0-4.0 Hz) on channel 131
      Warning: No frequencies found for delta (1.0-4.0 Hz) on channel 132
      Warning: No frequencies found for delta (1.0-4.0 Hz) on channel 133
      Warning: No frequencies found for delta (1.0-4.0 Hz) on channel 134
      Warning: No frequencies found for delta (1.0-4.0 Hz) on channel 135
      Warning: No frequencies found for delta (1.0-4.0 Hz) on channel 136
      Warning: No frequencies found for delta (1.0-4.0 Hz) on channel 137
      Warning: No frequencies found for delta (1.0-4.0 Hz) on channel 138
      Warning: No frequencies found for delta (1.0-4.0 Hz) on channel 139
      Warning: No frequencies found for delta (1.0-4.0 Hz) on channel 140
      Warning: No frequencies found for delta (1.0-4.0 Hz) on channel 141
      Warning: No frequencies found for delta (1.0-4.0 Hz) on channel 142
      Warning: No frequencies found for delta (1.0-4.0 Hz) on channel 143
      Warning: No frequencies found for delta (1.0-4.0 Hz) on channel 144
      Warning: No frequencies found for delta (1.0-4.0 Hz) on channel 145
      Warning: No frequencies found for delta (1.0-4.0 Hz) on channel 146
      Warning: No frequencies found for delta (1.0-4.0 Hz) on channel 147
      Warning: No frequencies found for delta (1.0-4.0 Hz) on channel 148
      Warning: No frequencies found for delta (1.0-4.0 Hz) on channel 149
      Warning: No frequencies found for delta (1.0-4.0 Hz) on channel 150
      Warning: No frequencies found for delta (1.0-4.0 Hz) on channel 151
      Warning: No frequencies found for delta (1.0-4.0 Hz) on channel 152
      Warning: No frequencies found for delta (1.0-4.0 Hz) on channel 153
      Warning: No frequencies found for delta (1.0-4.0 Hz) on channel 154
      Warning: No frequencies found for delta (1.0-4.0 Hz) on channel 155
      Warning: No frequencies found for delta (1.0-4.0 Hz) on channel 156
      Warning: No frequencies found for delta (1.0-4.0 Hz) on channel 157
      Warning: No frequencies found for delta (1.0-4.0 Hz) on channel 158
      Warning: No frequencies found for delta (1.0-4.0 Hz) on channel 159
      Warning: No frequencies found for delta (1.0-4.0 Hz) on channel 160
      Warning: No frequencies found for delta (1.0-4.0 Hz) on channel 161
      Warning: No frequencies found for delta (1.0-4.0 Hz) on channel 162
      Warning: No frequencies found for delta (1.0-4.0 Hz) on channel 163
      Warning: No frequencies found for delta (1.0-4.0 Hz) on channel 164
    Chunk 28/120 (23.3%)      Warning: No frequencies found for delta (1.0-4.0 Hz) on channel 0
      Warning: No frequencies found for delta (1.0-4.0 Hz) on channel 1
      Warning: No frequencies found for delta (1.0-4.0 Hz) on channel 2
      Warning: No frequencies found for delta (1.0-4.0 Hz) on channel 3
      Warning: No frequencies found for delta (1.0-4.0 Hz) on channel 4
      Warning: No frequencies found for delta (1.0-4.0 Hz) on channel 5
      Warning: No frequencies found for delta (1.0-4.0 Hz) on channel 6
      Warning: No frequencies found for delta (1.0-4.0 Hz) on channel 7
      Warning: No frequencies found for delta (1.0-4.0 Hz) on channel 8
      Warning: No frequencies found for delta (1.0-4.0 Hz) on channel 9
      Warning: No frequencies found for delta (1.0-4.0 Hz) on channel 10
      Warning: No frequencies found for delta (1.0-4.0 Hz) on channel 11
      Warning: No frequencies found for delta (1.0-4.0 Hz) on channel 12
      Warning: No frequencies found for delta (1.0-4.0 Hz) on channel 13
      Warning: No frequencies found for delta (1.0-4.0 Hz) on channel 14
      Warning: No frequencies found for delta (1.0-4.0 Hz) on channel 15
      Warning: No frequencies found for delta (1.0-4.0 Hz) on channel 16
      Warning: No frequencies found for delta (1.0-4.0 Hz) on channel 17
      Warning: No frequencies found for delta (1.0-4.0 Hz) on channel 18
      Warning: No frequencies found for delta (1.0-4.0 Hz) on channel 19
      Warning: No frequencies found for delta (1.0-4.0 Hz) on channel 20
      Warning: No frequencies found for delta (1.0-4.0 Hz) on channel 21
      Warning: No frequencies found for delta (1.0-4.0 Hz) on channel 22
      Warning: No frequencies found for delta (1.0-4.0 Hz) on channel 23
      Warning: No frequencies found for delta (1.0-4.0 Hz) on channel 24
      Warning: No frequencies found for delta (1.0-4.0 Hz) on channel 25
      Warning: No frequencies found for delta (1.0-4.0 Hz) on channel 26
      Warning: No frequencies found for delta (1.0-4.0 Hz) on channel 27
      Warning: No frequencies found for delta (1.0-4.0 Hz) on channel 28
      Warning: No frequencies found for delta (1.0-4.0 Hz) on channel 29
      Warning: No frequencies found for delta (1.0-4.0 Hz) on channel 30
      Warning: No frequencies found for delta (1.0-4.0 Hz) on channel 31
      Warning: No frequencies found for delta (1.0-4.0 Hz) on channel 32
      Warning: No frequencies found for delta (1.0-4.0 Hz) on channel 33
      Warning: No frequencies found for delta (1.0-4.0 Hz) on channel 34
      Warning: No frequencies found for delta (1.0-4.0 Hz) on channel 35
      Warning: No frequencies found for delta (1.0-4.0 Hz) on channel 36
      Warning: No frequencies found for delta (1.0-4.0 Hz) on channel 37
      Warning: No frequencies found for delta (1.0-4.0 Hz) on channel 38
      Warning: No frequencies found for delta (1.0-4.0 Hz) on channel 39
      Warning: No frequencies found for delta (1.0-4.0 Hz) on channel 40
      Warning: No frequencies found for delta (1.0-4.0 Hz) on channel 41
      Warning: No frequencies found for delta (1.0-4.0 Hz) on channel 42
      Warning: No frequencies found for delta (1.0-4.0 Hz) on channel 43
      Warning: No frequencies found for delta (1.0-4.0 Hz) on channel 44
      Warning: No frequencies found for delta (1.0-4.0 Hz) on channel 45
      Warning: No frequencies found for delta (1.0-4.0 Hz) on channel 46
      Warning: No frequencies found for delta (1.0-4.0 Hz) on channel 47
      Warning: No frequencies found for delta (1.0-4.0 Hz) on channel 48
      Warning: No frequencies found for delta (1.0-4.0 Hz) on channel 49
      Warning: No frequencies found for delta (1.0-4.0 Hz) on channel 50
      Warning: No frequencies found for delta (1.0-4.0 Hz) on channel 51
      Warning: No frequencies found for delta (1.0-4.0 Hz) on channel 52
      Warning: No frequencies found for delta (1.0-4.0 Hz) on channel 53
      Warning: No frequencies found for delta (1.0-4.0 Hz) on channel 54
      Warning: No frequencies found for delta (1.0-4.0 Hz) on channel 55
      Warning: No frequencies found for delta (1.0-4.0 Hz) on channel 56
      Warning: No frequencies found for delta (1.0-4.0 Hz) on channel 57
      Warning: No frequencies found for delta (1.0-4.0 Hz) on channel 58
      Warning: No frequencies found for delta (1.0-4.0 Hz) on channel 59
      Warning: No frequencies found for delta (1.0-4.0 Hz) on channel 60
      Warning: No frequencies found for delta (1.0-4.0 Hz) on channel 61
      Warning: No frequencies found for delta (1.0-4.0 Hz) on channel 62
      Warning: No frequencies found for delta (1.0-4.0 Hz) on channel 63
      Warning: No frequencies found for delta (1.0-4.0 Hz) on channel 64
      Warning: No frequencies found for delta (1.0-4.0 Hz) on channel 65
      Warning: No frequencies found for delta (1.0-4.0 Hz) on channel 66
      Warning: No frequencies found for delta (1.0-4.0 Hz) on channel 67
      Warning: No frequencies found for delta (1.0-4.0 Hz) on channel 68
      Warning: No frequencies found for delta (1.0-4.0 Hz) on channel 69
      Warning: No frequencies found for delta (1.0-4.0 Hz) on channel 70
      Warning: No frequencies found for delta (1.0-4.0 Hz) on channel 71
      Warning: No frequencies found for delta (1.0-4.0 Hz) on channel 72
      Warning: No frequencies found for delta (1.0-4.0 Hz) on channel 73
      Warning: No frequencies found for delta (1.0-4.0 Hz) on channel 74
      Warning: No frequencies found for delta (1.0-4.0 Hz) on channel 75
      Warning: No frequencies found for delta (1.0-4.0 Hz) on channel 76
      Warning: No frequencies found for delta (1.0-4.0 Hz) on channel 77
      Warning: No frequencies found for delta (1.0-4.0 Hz) on channel 78
      Warning: No frequencies found for delta (1.0-4.0 Hz) on channel 79
      Warning: No frequencies found for delta (1.0-4.0 Hz) on channel 80
      Warning: No frequencies found for delta (1.0-4.0 Hz) on channel 81
      Warning: No frequencies found for delta (1.0-4.0 Hz) on channel 82
      Warning: No frequencies found for delta (1.0-4.0 Hz) on channel 83
      Warning: No frequencies found for delta (1.0-4.0 Hz) on channel 84
      Warning: No frequencies found for delta (1.0-4.0 Hz) on channel 85
      Warning: No frequencies found for delta (1.0-4.0 Hz) on channel 86
      Warning: No frequencies found for delta (1.0-4.0 Hz) on channel 87
      Warning: No frequencies found for delta (1.0-4.0 Hz) on channel 88
      Warning: No frequencies found for delta (1.0-4.0 Hz) on channel 89
      Warning: No frequencies found for delta (1.0-4.0 Hz) on channel 90
      Warning: No frequencies found for delta (1.0-4.0 Hz) on channel 91
      Warning: No frequencies found for delta (1.0-4.0 Hz) on channel 92
      Warning: No frequencies found for delta (1.0-4.0 Hz) on channel 93
      Warning: No frequencies found for delta (1.0-4.0 Hz) on channel 94
      Warning: No frequencies found for delta (1.0-4.0 Hz) on channel 95
      Warning: No frequencies found for delta (1.0-4.0 Hz) on channel 96
      Warning: No frequencies found for delta (1.0-4.0 Hz) on channel 97
      Warning: No frequencies found for delta (1.0-4.0 Hz) on channel 98
      Warning: No frequencies found for delta (1.0-4.0 Hz) on channel 99
      Warning: No frequencies found for delta (1.0-4.0 Hz) on channel 100
      Warning: No frequencies found for delta (1.0-4.0 Hz) on channel 101
      Warning: No frequencies found for delta (1.0-4.0 Hz) on channel 102
      Warning: No frequencies found for delta (1.0-4.0 Hz) on channel 103
      Warning: No frequencies found for delta (1.0-4.0 Hz) on channel 104
      Warning: No frequencies found for delta (1.0-4.0 Hz) on channel 105
      Warning: No frequencies found for delta (1.0-4.0 Hz) on channel 106
      Warning: No frequencies found for delta (1.0-4.0 Hz) on channel 107
      Warning: No frequencies found for delta (1.0-4.0 Hz) on channel 108
      Warning: No frequencies found for delta (1.0-4.0 Hz) on channel 109
      Warning: No frequencies found for delta (1.0-4.0 Hz) on channel 110
      Warning: No frequencies found for delta (1.0-4.0 Hz) on channel 111
      Warning: No frequencies found for delta (1.0-4.0 Hz) on channel 112
      Warning: No frequencies found for delta (1.0-4.0 Hz) on channel 113
      Warning: No frequencies found for delta (1.0-4.0 Hz) on channel 114
      Warning: No frequencies found for delta (1.0-4.0 Hz) on channel 115
      Warning: No frequencies found for delta (1.0-4.0 Hz) on channel 116
      Warning: No frequencies found for delta (1.0-4.0 Hz) on channel 117
      Warning: No frequencies found for delta (1.0-4.0 Hz) on channel 118
      Warning: No frequencies found for delta (1.0-4.0 Hz) on channel 119
      Warning: No frequencies found for delta (1.0-4.0 Hz) on channel 120
      Warning: No frequencies found for delta (1.0-4.0 Hz) on channel 121
      Warning: No frequencies found for delta (1.0-4.0 Hz) on channel 122
      Warning: No frequencies found for delta (1.0-4.0 Hz) on channel 123
      Warning: No frequencies found for delta (1.0-4.0 Hz) on channel 124
      Warning: No frequencies found for delta (1.0-4.0 Hz) on channel 125
      Warning: No frequencies found for delta (1.0-4.0 Hz) on channel 126
      Warning: No frequencies found for delta (1.0-4.0 Hz) on channel 127
      Warning: No frequencies found for delta (1.0-4.0 Hz) on channel 128
      Warning: No frequencies found for delta (1.0-4.0 Hz) on channel 129
      Warning: No frequencies found for delta (1.0-4.0 Hz) on channel 130
      Warning: No frequencies found for delta (1.0-4.0 Hz) on channel 131
      Warning: No frequencies found for delta (1.0-4.0 Hz) on channel 132
      Warning: No frequencies found for delta (1.0-4.0 Hz) on channel 133
      Warning: No frequencies found for delta (1.0-4.0 Hz) on channel 134
      Warning: No frequencies found for delta (1.0-4.0 Hz) on channel 135
      Warning: No frequencies found for delta (1.0-4.0 Hz) on channel 136
      Warning: No frequencies found for delta (1.0-4.0 Hz) on channel 137
      Warning: No frequencies found for delta (1.0-4.0 Hz) on channel 138
      Warning: No frequencies found for delta (1.0-4.0 Hz) on channel 139
      Warning: No frequencies found for delta (1.0-4.0 Hz) on channel 140
      Warning: No frequencies found for delta (1.0-4.0 Hz) on channel 141
      Warning: No frequencies found for delta (1.0-4.0 Hz) on channel 142
      Warning: No frequencies found for delta (1.0-4.0 Hz) on channel 143
      Warning: No frequencies found for delta (1.0-4.0 Hz) on channel 144
      Warning: No frequencies found for delta (1.0-4.0 Hz) on channel 145
      Warning: No frequencies found for delta (1.0-4.0 Hz) on channel 146
      Warning: No frequencies found for delta (1.0-4.0 Hz) on channel 147
      Warning: No frequencies found for delta (1.0-4.0 Hz) on channel 148
      Warning: No frequencies found for delta (1.0-4.0 Hz) on channel 149
      Warning: No frequencies found for delta (1.0-4.0 Hz) on channel 150
      Warning: No frequencies found for delta (1.0-4.0 Hz) on channel 151
      Warning: No frequencies found for delta (1.0-4.0 Hz) on channel 152
      Warning: No frequencies found for delta (1.0-4.0 Hz) on channel 153
      Warning: No frequencies found for delta (1.0-4.0 Hz) on channel 154
      Warning: No frequencies found for delta (1.0-4.0 Hz) on channel 155
      Warning: No frequencies found for delta (1.0-4.0 Hz) on channel 156
      Warning: No frequencies found for delta (1.0-4.0 Hz) on channel 157
      Warning: No frequencies found for delta (1.0-4.0 Hz) on channel 158
      Warning: No frequencies found for delta (1.0-4.0 Hz) on channel 159
      Warning: No frequencies found for delta (1.0-4.0 Hz) on channel 160
      Warning: No frequencies found for delta (1.0-4.0 Hz) on channel 161
      Warning: No frequencies found for delta (1.0-4.0 Hz) on channel 162
      Warning: No frequencies found for delta (1.0-4.0 Hz) on channel 163
      Warning: No frequencies found for delta (1.0-4.0 Hz) on channel 164
    Chunk 29/120 (24.2%)      Warning: No frequencies found for delta (1.0-4.0 Hz) on channel 0
      Warning: No frequencies found for delta (1.0-4.0 Hz) on channel 1
      Warning: No frequencies found for delta (1.0-4.0 Hz) on channel 2
      Warning: No frequencies found for delta (1.0-4.0 Hz) on channel 3
      Warning: No frequencies found for delta (1.0-4.0 Hz) on channel 4
      Warning: No frequencies found for delta (1.0-4.0 Hz) on channel 5
      Warning: No frequencies found for delta (1.0-4.0 Hz) on channel 6
      Warning: No frequencies found for delta (1.0-4.0 Hz) on channel 7
      Warning: No frequencies found for delta (1.0-4.0 Hz) on channel 8
      Warning: No frequencies found for delta (1.0-4.0 Hz) on channel 9
      Warning: No frequencies found for delta (1.0-4.0 Hz) on channel 10
      Warning: No frequencies found for delta (1.0-4.0 Hz) on channel 11
      Warning: No frequencies found for delta (1.0-4.0 Hz) on channel 12
      Warning: No frequencies found for delta (1.0-4.0 Hz) on channel 13
      Warning: No frequencies found for delta (1.0-4.0 Hz) on channel 14
      Warning: No frequencies found for delta (1.0-4.0 Hz) on channel 15
      Warning: No frequencies found for delta (1.0-4.0 Hz) on channel 16
      Warning: No frequencies found for delta (1.0-4.0 Hz) on channel 17
      Warning: No frequencies found for delta (1.0-4.0 Hz) on channel 18
      Warning: No frequencies found for delta (1.0-4.0 Hz) on channel 19
      Warning: No frequencies found for delta (1.0-4.0 Hz) on channel 20
      Warning: No frequencies found for delta (1.0-4.0 Hz) on channel 21
      Warning: No frequencies found for delta (1.0-4.0 Hz) on channel 22
      Warning: No frequencies found for delta (1.0-4.0 Hz) on channel 23
      Warning: No frequencies found for delta (1.0-4.0 Hz) on channel 24
      Warning: No frequencies found for delta (1.0-4.0 Hz) on channel 25
      Warning: No frequencies found for delta (1.0-4.0 Hz) on channel 26
      Warning: No frequencies found for delta (1.0-4.0 Hz) on channel 27
      Warning: No frequencies found for delta (1.0-4.0 Hz) on channel 28
      Warning: No frequencies found for delta (1.0-4.0 Hz) on channel 29
      Warning: No frequencies found for delta (1.0-4.0 Hz) on channel 30
      Warning: No frequencies found for delta (1.0-4.0 Hz) on channel 31
      Warning: No frequencies found for delta (1.0-4.0 Hz) on channel 32
      Warning: No frequencies found for delta (1.0-4.0 Hz) on channel 33
      Warning: No frequencies found for delta (1.0-4.0 Hz) on channel 34
      Warning: No frequencies found for delta (1.0-4.0 Hz) on channel 35
      Warning: No frequencies found for delta (1.0-4.0 Hz) on channel 36
      Warning: No frequencies found for delta (1.0-4.0 Hz) on channel 37
      Warning: No frequencies found for delta (1.0-4.0 Hz) on channel 38
      Warning: No frequencies found for delta (1.0-4.0 Hz) on channel 39
      Warning: No frequencies found for delta (1.0-4.0 Hz) on channel 40
      Warning: No frequencies found for delta (1.0-4.0 Hz) on channel 41
      Warning: No frequencies found for delta (1.0-4.0 Hz) on channel 42
      Warning: No frequencies found for delta (1.0-4.0 Hz) on channel 43
      Warning: No frequencies found for delta (1.0-4.0 Hz) on channel 44
      Warning: No frequencies found for delta (1.0-4.0 Hz) on channel 45
      Warning: No frequencies found for delta (1.0-4.0 Hz) on channel 46
      Warning: No frequencies found for delta (1.0-4.0 Hz) on channel 47
      Warning: No frequencies found for delta (1.0-4.0 Hz) on channel 48
      Warning: No frequencies found for delta (1.0-4.0 Hz) on channel 49
      Warning: No frequencies found for delta (1.0-4.0 Hz) on channel 50
      Warning: No frequencies found for delta (1.0-4.0 Hz) on channel 51
      Warning: No frequencies found for delta (1.0-4.0 Hz) on channel 52
      Warning: No frequencies found for delta (1.0-4.0 Hz) on channel 53
      Warning: No frequencies found for delta (1.0-4.0 Hz) on channel 54
      Warning: No frequencies found for delta (1.0-4.0 Hz) on channel 55
      Warning: No frequencies found for delta (1.0-4.0 Hz) on channel 56
      Warning: No frequencies found for delta (1.0-4.0 Hz) on channel 57
      Warning: No frequencies found for delta (1.0-4.0 Hz) on channel 58
      Warning: No frequencies found for delta (1.0-4.0 Hz) on channel 59
      Warning: No frequencies found for delta (1.0-4.0 Hz) on channel 60
      Warning: No frequencies found for delta (1.0-4.0 Hz) on channel 61
      Warning: No frequencies found for delta (1.0-4.0 Hz) on channel 62
      Warning: No frequencies found for delta (1.0-4.0 Hz) on channel 63
      Warning: No frequencies found for delta (1.0-4.0 Hz) on channel 64
      Warning: No frequencies found for delta (1.0-4.0 Hz) on channel 65
      Warning: No frequencies found for delta (1.0-4.0 Hz) on channel 66
      Warning: No frequencies found for delta (1.0-4.0 Hz) on channel 67
      Warning: No frequencies found for delta (1.0-4.0 Hz) on channel 68
      Warning: No frequencies found for delta (1.0-4.0 Hz) on channel 69
      Warning: No frequencies found for delta (1.0-4.0 Hz) on channel 70
      Warning: No frequencies found for delta (1.0-4.0 Hz) on channel 71
      Warning: No frequencies found for delta (1.0-4.0 Hz) on channel 72
      Warning: No frequencies found for delta (1.0-4.0 Hz) on channel 73
      Warning: No frequencies found for delta (1.0-4.0 Hz) on channel 74
      Warning: No frequencies found for delta (1.0-4.0 Hz) on channel 75
      Warning: No frequencies found for delta (1.0-4.0 Hz) on channel 76
      Warning: No frequencies found for delta (1.0-4.0 Hz) on channel 77
      Warning: No frequencies found for delta (1.0-4.0 Hz) on channel 78
      Warning: No frequencies found for delta (1.0-4.0 Hz) on channel 79
      Warning: No frequencies found for delta (1.0-4.0 Hz) on channel 80
      Warning: No frequencies found for delta (1.0-4.0 Hz) on channel 81
      Warning: No frequencies found for delta (1.0-4.0 Hz) on channel 82
      Warning: No frequencies found for delta (1.0-4.0 Hz) on channel 83
      Warning: No frequencies found for delta (1.0-4.0 Hz) on channel 84
      Warning: No frequencies found for delta (1.0-4.0 Hz) on channel 85
      Warning: No frequencies found for delta (1.0-4.0 Hz) on channel 86
      Warning: No frequencies found for delta (1.0-4.0 Hz) on channel 87
      Warning: No frequencies found for delta (1.0-4.0 Hz) on channel 88
      Warning: No frequencies found for delta (1.0-4.0 Hz) on channel 89
      Warning: No frequencies found for delta (1.0-4.0 Hz) on channel 90
      Warning: No frequencies found for delta (1.0-4.0 Hz) on channel 91
      Warning: No frequencies found for delta (1.0-4.0 Hz) on channel 92
      Warning: No frequencies found for delta (1.0-4.0 Hz) on channel 93
      Warning: No frequencies found for delta (1.0-4.0 Hz) on channel 94
      Warning: No frequencies found for delta (1.0-4.0 Hz) on channel 95
      Warning: No frequencies found for delta (1.0-4.0 Hz) on channel 96
      Warning: No frequencies found for delta (1.0-4.0 Hz) on channel 97
      Warning: No frequencies found for delta (1.0-4.0 Hz) on channel 98
      Warning: No frequencies found for delta (1.0-4.0 Hz) on channel 99
      Warning: No frequencies found for delta (1.0-4.0 Hz) on channel 100
      Warning: No frequencies found for delta (1.0-4.0 Hz) on channel 101
      Warning: No frequencies found for delta (1.0-4.0 Hz) on channel 102
      Warning: No frequencies found for delta (1.0-4.0 Hz) on channel 103
      Warning: No frequencies found for delta (1.0-4.0 Hz) on channel 104
      Warning: No frequencies found for delta (1.0-4.0 Hz) on channel 105
      Warning: No frequencies found for delta (1.0-4.0 Hz) on channel 106
      Warning: No frequencies found for delta (1.0-4.0 Hz) on channel 107
      Warning: No frequencies found for delta (1.0-4.0 Hz) on channel 108
      Warning: No frequencies found for delta (1.0-4.0 Hz) on channel 109
      Warning: No frequencies found for delta (1.0-4.0 Hz) on channel 110
      Warning: No frequencies found for delta (1.0-4.0 Hz) on channel 111
      Warning: No frequencies found for delta (1.0-4.0 Hz) on channel 112
      Warning: No frequencies found for delta (1.0-4.0 Hz) on channel 113
      Warning: No frequencies found for delta (1.0-4.0 Hz) on channel 114
      Warning: No frequencies found for delta (1.0-4.0 Hz) on channel 115
      Warning: No frequencies found for delta (1.0-4.0 Hz) on channel 116
      Warning: No frequencies found for delta (1.0-4.0 Hz) on channel 117
      Warning: No frequencies found for delta (1.0-4.0 Hz) on channel 118
      Warning: No frequencies found for delta (1.0-4.0 Hz) on channel 119
      Warning: No frequencies found for delta (1.0-4.0 Hz) on channel 120
      Warning: No frequencies found for delta (1.0-4.0 Hz) on channel 121
      Warning: No frequencies found for delta (1.0-4.0 Hz) on channel 122
      Warning: No frequencies found for delta (1.0-4.0 Hz) on channel 123
      Warning: No frequencies found for delta (1.0-4.0 Hz) on channel 124
      Warning: No frequencies found for delta (1.0-4.0 Hz) on channel 125
      Warning: No frequencies found for delta (1.0-4.0 Hz) on channel 126
      Warning: No frequencies found for delta (1.0-4.0 Hz) on channel 127
      Warning: No frequencies found for delta (1.0-4.0 Hz) on channel 128
      Warning: No frequencies found for delta (1.0-4.0 Hz) on channel 129
      Warning: No frequencies found for delta (1.0-4.0 Hz) on channel 130
      Warning: No frequencies found for delta (1.0-4.0 Hz) on channel 131
      Warning: No frequencies found for delta (1.0-4.0 Hz) on channel 132
      Warning: No frequencies found for delta (1.0-4.0 Hz) on channel 133
      Warning: No frequencies found for delta (1.0-4.0 Hz) on channel 134
      Warning: No frequencies found for delta (1.0-4.0 Hz) on channel 135
      Warning: No frequencies found for delta (1.0-4.0 Hz) on channel 136
      Warning: No frequencies found for delta (1.0-4.0 Hz) on channel 137
      Warning: No frequencies found for delta (1.0-4.0 Hz) on channel 138
      Warning: No frequencies found for delta (1.0-4.0 Hz) on channel 139
      Warning: No frequencies found for delta (1.0-4.0 Hz) on channel 140
      Warning: No frequencies found for delta (1.0-4.0 Hz) on channel 141
      Warning: No frequencies found for delta (1.0-4.0 Hz) on channel 142
      Warning: No frequencies found for delta (1.0-4.0 Hz) on channel 143
      Warning: No frequencies found for delta (1.0-4.0 Hz) on channel 144
      Warning: No frequencies found for delta (1.0-4.0 Hz) on channel 145
      Warning: No frequencies found for delta (1.0-4.0 Hz) on channel 146
      Warning: No frequencies found for delta (1.0-4.0 Hz) on channel 147
      Warning: No frequencies found for delta (1.0-4.0 Hz) on channel 148
      Warning: No frequencies found for delta (1.0-4.0 Hz) on channel 149
      Warning: No frequencies found for delta (1.0-4.0 Hz) on channel 150
      Warning: No frequencies found for delta (1.0-4.0 Hz) on channel 151
      Warning: No frequencies found for delta (1.0-4.0 Hz) on channel 152
      Warning: No frequencies found for delta (1.0-4.0 Hz) on channel 153
      Warning: No frequencies found for delta (1.0-4.0 Hz) on channel 154
      Warning: No frequencies found for delta (1.0-4.0 Hz) on channel 155
      Warning: No frequencies found for delta (1.0-4.0 Hz) on channel 156
      Warning: No frequencies found for delta (1.0-4.0 Hz) on channel 157
      Warning: No frequencies found for delta (1.0-4.0 Hz) on channel 158
      Warning: No frequencies found for delta (1.0-4.0 Hz) on channel 159
      Warning: No frequencies found for delta (1.0-4.0 Hz) on channel 160
      Warning: No frequencies found for delta (1.0-4.0 Hz) on channel 161
      Warning: No frequencies found for delta (1.0-4.0 Hz) on channel 162
      Warning: No frequencies found for delta (1.0-4.0 Hz) on channel 163
      Warning: No frequencies found for delta (1.0-4.0 Hz) on channel 164
    Chunk 30/120 (25.0%)      Warning: No frequencies found for delta (1.0-4.0 Hz) on channel 0
      Warning: No frequencies found for delta (1.0-4.0 Hz) on channel 1
      Warning: No frequencies found for delta (1.0-4.0 Hz) on channel 2
      Warning: No frequencies found for delta (1.0-4.0 Hz) on channel 3
      Warning: No frequencies found for delta (1.0-4.0 Hz) on channel 4
      Warning: No frequencies found for delta (1.0-4.0 Hz) on channel 5
      Warning: No frequencies found for delta (1.0-4.0 Hz) on channel 6
      Warning: No frequencies found for delta (1.0-4.0 Hz) on channel 7
      Warning: No frequencies found for delta (1.0-4.0 Hz) on channel 8
      Warning: No frequencies found for delta (1.0-4.0 Hz) on channel 9
      Warning: No frequencies found for delta (1.0-4.0 Hz) on channel 10
      Warning: No frequencies found for delta (1.0-4.0 Hz) on channel 11
      Warning: No frequencies found for delta (1.0-4.0 Hz) on channel 12
      Warning: No frequencies found for delta (1.0-4.0 Hz) on channel 13
      Warning: No frequencies found for delta (1.0-4.0 Hz) on channel 14
      Warning: No frequencies found for delta (1.0-4.0 Hz) on channel 15
      Warning: No frequencies found for delta (1.0-4.0 Hz) on channel 16
      Warning: No frequencies found for delta (1.0-4.0 Hz) on channel 17
      Warning: No frequencies found for delta (1.0-4.0 Hz) on channel 18
      Warning: No frequencies found for delta (1.0-4.0 Hz) on channel 19
      Warning: No frequencies found for delta (1.0-4.0 Hz) on channel 20
      Warning: No frequencies found for delta (1.0-4.0 Hz) on channel 21
      Warning: No frequencies found for delta (1.0-4.0 Hz) on channel 22
      Warning: No frequencies found for delta (1.0-4.0 Hz) on channel 23
      Warning: No frequencies found for delta (1.0-4.0 Hz) on channel 24
      Warning: No frequencies found for delta (1.0-4.0 Hz) on channel 25
      Warning: No frequencies found for delta (1.0-4.0 Hz) on channel 26
      Warning: No frequencies found for delta (1.0-4.0 Hz) on channel 27
      Warning: No frequencies found for delta (1.0-4.0 Hz) on channel 28
      Warning: No frequencies found for delta (1.0-4.0 Hz) on channel 29
      Warning: No frequencies found for delta (1.0-4.0 Hz) on channel 30
      Warning: No frequencies found for delta (1.0-4.0 Hz) on channel 31
      Warning: No frequencies found for delta (1.0-4.0 Hz) on channel 32
      Warning: No frequencies found for delta (1.0-4.0 Hz) on channel 33
      Warning: No frequencies found for delta (1.0-4.0 Hz) on channel 34
      Warning: No frequencies found for delta (1.0-4.0 Hz) on channel 35
      Warning: No frequencies found for delta (1.0-4.0 Hz) on channel 36
      Warning: No frequencies found for delta (1.0-4.0 Hz) on channel 37
      Warning: No frequencies found for delta (1.0-4.0 Hz) on channel 38
      Warning: No frequencies found for delta (1.0-4.0 Hz) on channel 39
      Warning: No frequencies found for delta (1.0-4.0 Hz) on channel 40
      Warning: No frequencies found for delta (1.0-4.0 Hz) on channel 41
      Warning: No frequencies found for delta (1.0-4.0 Hz) on channel 42
      Warning: No frequencies found for delta (1.0-4.0 Hz) on channel 43
      Warning: No frequencies found for delta (1.0-4.0 Hz) on channel 44
      Warning: No frequencies found for delta (1.0-4.0 Hz) on channel 45
      Warning: No frequencies found for delta (1.0-4.0 Hz) on channel 46
      Warning: No frequencies found for delta (1.0-4.0 Hz) on channel 47
      Warning: No frequencies found for delta (1.0-4.0 Hz) on channel 48
      Warning: No frequencies found for delta (1.0-4.0 Hz) on channel 49
      Warning: No frequencies found for delta (1.0-4.0 Hz) on channel 50
      Warning: No frequencies found for delta (1.0-4.0 Hz) on channel 51
      Warning: No frequencies found for delta (1.0-4.0 Hz) on channel 52
      Warning: No frequencies found for delta (1.0-4.0 Hz) on channel 53
      Warning: No frequencies found for delta (1.0-4.0 Hz) on channel 54
      Warning: No frequencies found for delta (1.0-4.0 Hz) on channel 55
      Warning: No frequencies found for delta (1.0-4.0 Hz) on channel 56
      Warning: No frequencies found for delta (1.0-4.0 Hz) on channel 57
      Warning: No frequencies found for delta (1.0-4.0 Hz) on channel 58
      Warning: No frequencies found for delta (1.0-4.0 Hz) on channel 59
      Warning: No frequencies found for delta (1.0-4.0 Hz) on channel 60
      Warning: No frequencies found for delta (1.0-4.0 Hz) on channel 61
      Warning: No frequencies found for delta (1.0-4.0 Hz) on channel 62
      Warning: No frequencies found for delta (1.0-4.0 Hz) on channel 63
      Warning: No frequencies found for delta (1.0-4.0 Hz) on channel 64
      Warning: No frequencies found for delta (1.0-4.0 Hz) on channel 65
      Warning: No frequencies found for delta (1.0-4.0 Hz) on channel 66
      Warning: No frequencies found for delta (1.0-4.0 Hz) on channel 67
      Warning: No frequencies found for delta (1.0-4.0 Hz) on channel 68
      Warning: No frequencies found for delta (1.0-4.0 Hz) on channel 69
      Warning: No frequencies found for delta (1.0-4.0 Hz) on channel 70
      Warning: No frequencies found for delta (1.0-4.0 Hz) on channel 71
      Warning: No frequencies found for delta (1.0-4.0 Hz) on channel 72
      Warning: No frequencies found for delta (1.0-4.0 Hz) on channel 73
      Warning: No frequencies found for delta (1.0-4.0 Hz) on channel 74
      Warning: No frequencies found for delta (1.0-4.0 Hz) on channel 75
      Warning: No frequencies found for delta (1.0-4.0 Hz) on channel 76
      Warning: No frequencies found for delta (1.0-4.0 Hz) on channel 77
      Warning: No frequencies found for delta (1.0-4.0 Hz) on channel 78
      Warning: No frequencies found for delta (1.0-4.0 Hz) on channel 79
      Warning: No frequencies found for delta (1.0-4.0 Hz) on channel 80
      Warning: No frequencies found for delta (1.0-4.0 Hz) on channel 81
      Warning: No frequencies found for delta (1.0-4.0 Hz) on channel 82
      Warning: No frequencies found for delta (1.0-4.0 Hz) on channel 83
      Warning: No frequencies found for delta (1.0-4.0 Hz) on channel 84
      Warning: No frequencies found for delta (1.0-4.0 Hz) on channel 85
      Warning: No frequencies found for delta (1.0-4.0 Hz) on channel 86
      Warning: No frequencies found for delta (1.0-4.0 Hz) on channel 87
      Warning: No frequencies found for delta (1.0-4.0 Hz) on channel 88
      Warning: No frequencies found for delta (1.0-4.0 Hz) on channel 89
      Warning: No frequencies found for delta (1.0-4.0 Hz) on channel 90
      Warning: No frequencies found for delta (1.0-4.0 Hz) on channel 91
      Warning: No frequencies found for delta (1.0-4.0 Hz) on channel 92
      Warning: No frequencies found for delta (1.0-4.0 Hz) on channel 93
      Warning: No frequencies found for delta (1.0-4.0 Hz) on channel 94
      Warning: No frequencies found for delta (1.0-4.0 Hz) on channel 95
      Warning: No frequencies found for delta (1.0-4.0 Hz) on channel 96
      Warning: No frequencies found for delta (1.0-4.0 Hz) on channel 97
      Warning: No frequencies found for delta (1.0-4.0 Hz) on channel 98
      Warning: No frequencies found for delta (1.0-4.0 Hz) on channel 99
      Warning: No frequencies found for delta (1.0-4.0 Hz) on channel 100
      Warning: No frequencies found for delta (1.0-4.0 Hz) on channel 101
      Warning: No frequencies found for delta (1.0-4.0 Hz) on channel 102
      Warning: No frequencies found for delta (1.0-4.0 Hz) on channel 103
      Warning: No frequencies found for delta (1.0-4.0 Hz) on channel 104
      Warning: No frequencies found for delta (1.0-4.0 Hz) on channel 105
      Warning: No frequencies found for delta (1.0-4.0 Hz) on channel 106
      Warning: No frequencies found for delta (1.0-4.0 Hz) on channel 107
      Warning: No frequencies found for delta (1.0-4.0 Hz) on channel 108
      Warning: No frequencies found for delta (1.0-4.0 Hz) on channel 109
      Warning: No frequencies found for delta (1.0-4.0 Hz) on channel 110
      Warning: No frequencies found for delta (1.0-4.0 Hz) on channel 111
      Warning: No frequencies found for delta (1.0-4.0 Hz) on channel 112
      Warning: No frequencies found for delta (1.0-4.0 Hz) on channel 113
      Warning: No frequencies found for delta (1.0-4.0 Hz) on channel 114
      Warning: No frequencies found for delta (1.0-4.0 Hz) on channel 115
      Warning: No frequencies found for delta (1.0-4.0 Hz) on channel 116
      Warning: No frequencies found for delta (1.0-4.0 Hz) on channel 117
      Warning: No frequencies found for delta (1.0-4.0 Hz) on channel 118
      Warning: No frequencies found for delta (1.0-4.0 Hz) on channel 119
      Warning: No frequencies found for delta (1.0-4.0 Hz) on channel 120
      Warning: No frequencies found for delta (1.0-4.0 Hz) on channel 121
      Warning: No frequencies found for delta (1.0-4.0 Hz) on channel 122
      Warning: No frequencies found for delta (1.0-4.0 Hz) on channel 123
      Warning: No frequencies found for delta (1.0-4.0 Hz) on channel 124
      Warning: No frequencies found for delta (1.0-4.0 Hz) on channel 125
      Warning: No frequencies found for delta (1.0-4.0 Hz) on channel 126
      Warning: No frequencies found for delta (1.0-4.0 Hz) on channel 127
      Warning: No frequencies found for delta (1.0-4.0 Hz) on channel 128
      Warning: No frequencies found for delta (1.0-4.0 Hz) on channel 129
      Warning: No frequencies found for delta (1.0-4.0 Hz) on channel 130
      Warning: No frequencies found for delta (1.0-4.0 Hz) on channel 131
      Warning: No frequencies found for delta (1.0-4.0 Hz) on channel 132
      Warning: No frequencies found for delta (1.0-4.0 Hz) on channel 133
      Warning: No frequencies found for delta (1.0-4.0 Hz) on channel 134
      Warning: No frequencies found for delta (1.0-4.0 Hz) on channel 135
      Warning: No frequencies found for delta (1.0-4.0 Hz) on channel 136
      Warning: No frequencies found for delta (1.0-4.0 Hz) on channel 137
      Warning: No frequencies found for delta (1.0-4.0 Hz) on channel 138
      Warning: No frequencies found for delta (1.0-4.0 Hz) on channel 139
      Warning: No frequencies found for delta (1.0-4.0 Hz) on channel 140
      Warning: No frequencies found for delta (1.0-4.0 Hz) on channel 141
      Warning: No frequencies found for delta (1.0-4.0 Hz) on channel 142
      Warning: No frequencies found for delta (1.0-4.0 Hz) on channel 143
      Warning: No frequencies found for delta (1.0-4.0 Hz) on channel 144
      Warning: No frequencies found for delta (1.0-4.0 Hz) on channel 145
      Warning: No frequencies found for delta (1.0-4.0 Hz) on channel 146
      Warning: No frequencies found for delta (1.0-4.0 Hz) on channel 147
      Warning: No frequencies found for delta (1.0-4.0 Hz) on channel 148
      Warning: No frequencies found for delta (1.0-4.0 Hz) on channel 149
      Warning: No frequencies found for delta (1.0-4.0 Hz) on channel 150
      Warning: No frequencies found for delta (1.0-4.0 Hz) on channel 151
      Warning: No frequencies found for delta (1.0-4.0 Hz) on channel 152
      Warning: No frequencies found for delta (1.0-4.0 Hz) on channel 153
      Warning: No frequencies found for delta (1.0-4.0 Hz) on channel 154
      Warning: No frequencies found for delta (1.0-4.0 Hz) on channel 155
      Warning: No frequencies found for delta (1.0-4.0 Hz) on channel 156
      Warning: No frequencies found for delta (1.0-4.0 Hz) on channel 157
      Warning: No frequencies found for delta (1.0-4.0 Hz) on channel 158
      Warning: No frequencies found for delta (1.0-4.0 Hz) on channel 159
      Warning: No frequencies found for delta (1.0-4.0 Hz) on channel 160
      Warning: No frequencies found for delta (1.0-4.0 Hz) on channel 161
      Warning: No frequencies found for delta (1.0-4.0 Hz) on channel 162
      Warning: No frequencies found for delta (1.0-4.0 Hz) on channel 163
      Warning: No frequencies found for delta (1.0-4.0 Hz) on channel 164
    Chunk 31/120 (25.8%)      Warning: No frequencies found for delta (1.0-4.0 Hz) on channel 0
      Warning: No frequencies found for delta (1.0-4.0 Hz) on channel 1
      Warning: No frequencies found for delta (1.0-4.0 Hz) on channel 2
      Warning: No frequencies found for delta (1.0-4.0 Hz) on channel 3
      Warning: No frequencies found for delta (1.0-4.0 Hz) on channel 4
      Warning: No frequencies found for delta (1.0-4.0 Hz) on channel 5
      Warning: No frequencies found for delta (1.0-4.0 Hz) on channel 6
      Warning: No frequencies found for delta (1.0-4.0 Hz) on channel 7
      Warning: No frequencies found for delta (1.0-4.0 Hz) on channel 8
      Warning: No frequencies found for delta (1.0-4.0 Hz) on channel 9
      Warning: No frequencies found for delta (1.0-4.0 Hz) on channel 10
      Warning: No frequencies found for delta (1.0-4.0 Hz) on channel 11
      Warning: No frequencies found for delta (1.0-4.0 Hz) on channel 12
      Warning: No frequencies found for delta (1.0-4.0 Hz) on channel 13
      Warning: No frequencies found for delta (1.0-4.0 Hz) on channel 14
      Warning: No frequencies found for delta (1.0-4.0 Hz) on channel 15
      Warning: No frequencies found for delta (1.0-4.0 Hz) on channel 16
      Warning: No frequencies found for delta (1.0-4.0 Hz) on channel 17
      Warning: No frequencies found for delta (1.0-4.0 Hz) on channel 18
      Warning: No frequencies found for delta (1.0-4.0 Hz) on channel 19
      Warning: No frequencies found for delta (1.0-4.0 Hz) on channel 20
      Warning: No frequencies found for delta (1.0-4.0 Hz) on channel 21
      Warning: No frequencies found for delta (1.0-4.0 Hz) on channel 22
      Warning: No frequencies found for delta (1.0-4.0 Hz) on channel 23
      Warning: No frequencies found for delta (1.0-4.0 Hz) on channel 24
      Warning: No frequencies found for delta (1.0-4.0 Hz) on channel 25
      Warning: No frequencies found for delta (1.0-4.0 Hz) on channel 26
      Warning: No frequencies found for delta (1.0-4.0 Hz) on channel 27
      Warning: No frequencies found for delta (1.0-4.0 Hz) on channel 28
      Warning: No frequencies found for delta (1.0-4.0 Hz) on channel 29
      Warning: No frequencies found for delta (1.0-4.0 Hz) on channel 30
      Warning: No frequencies found for delta (1.0-4.0 Hz) on channel 31
      Warning: No frequencies found for delta (1.0-4.0 Hz) on channel 32
      Warning: No frequencies found for delta (1.0-4.0 Hz) on channel 33
      Warning: No frequencies found for delta (1.0-4.0 Hz) on channel 34
      Warning: No frequencies found for delta (1.0-4.0 Hz) on channel 35
      Warning: No frequencies found for delta (1.0-4.0 Hz) on channel 36
      Warning: No frequencies found for delta (1.0-4.0 Hz) on channel 37
      Warning: No frequencies found for delta (1.0-4.0 Hz) on channel 38
      Warning: No frequencies found for delta (1.0-4.0 Hz) on channel 39
      Warning: No frequencies found for delta (1.0-4.0 Hz) on channel 40
      Warning: No frequencies found for delta (1.0-4.0 Hz) on channel 41
      Warning: No frequencies found for delta (1.0-4.0 Hz) on channel 42
      Warning: No frequencies found for delta (1.0-4.0 Hz) on channel 43
      Warning: No frequencies found for delta (1.0-4.0 Hz) on channel 44
      Warning: No frequencies found for delta (1.0-4.0 Hz) on channel 45
      Warning: No frequencies found for delta (1.0-4.0 Hz) on channel 46
      Warning: No frequencies found for delta (1.0-4.0 Hz) on channel 47
      Warning: No frequencies found for delta (1.0-4.0 Hz) on channel 48
      Warning: No frequencies found for delta (1.0-4.0 Hz) on channel 49
      Warning: No frequencies found for delta (1.0-4.0 Hz) on channel 50
      Warning: No frequencies found for delta (1.0-4.0 Hz) on channel 51
      Warning: No frequencies found for delta (1.0-4.0 Hz) on channel 52
      Warning: No frequencies found for delta (1.0-4.0 Hz) on channel 53
      Warning: No frequencies found for delta (1.0-4.0 Hz) on channel 54
      Warning: No frequencies found for delta (1.0-4.0 Hz) on channel 55
      Warning: No frequencies found for delta (1.0-4.0 Hz) on channel 56
      Warning: No frequencies found for delta (1.0-4.0 Hz) on channel 57
      Warning: No frequencies found for delta (1.0-4.0 Hz) on channel 58
      Warning: No frequencies found for delta (1.0-4.0 Hz) on channel 59
      Warning: No frequencies found for delta (1.0-4.0 Hz) on channel 60
      Warning: No frequencies found for delta (1.0-4.0 Hz) on channel 61
      Warning: No frequencies found for delta (1.0-4.0 Hz) on channel 62
      Warning: No frequencies found for delta (1.0-4.0 Hz) on channel 63
      Warning: No frequencies found for delta (1.0-4.0 Hz) on channel 64
      Warning: No frequencies found for delta (1.0-4.0 Hz) on channel 65
      Warning: No frequencies found for delta (1.0-4.0 Hz) on channel 66
      Warning: No frequencies found for delta (1.0-4.0 Hz) on channel 67
      Warning: No frequencies found for delta (1.0-4.0 Hz) on channel 68
      Warning: No frequencies found for delta (1.0-4.0 Hz) on channel 69
      Warning: No frequencies found for delta (1.0-4.0 Hz) on channel 70
      Warning: No frequencies found for delta (1.0-4.0 Hz) on channel 71
      Warning: No frequencies found for delta (1.0-4.0 Hz) on channel 72
      Warning: No frequencies found for delta (1.0-4.0 Hz) on channel 73
      Warning: No frequencies found for delta (1.0-4.0 Hz) on channel 74
      Warning: No frequencies found for delta (1.0-4.0 Hz) on channel 75
      Warning: No frequencies found for delta (1.0-4.0 Hz) on channel 76
      Warning: No frequencies found for delta (1.0-4.0 Hz) on channel 77
      Warning: No frequencies found for delta (1.0-4.0 Hz) on channel 78
      Warning: No frequencies found for delta (1.0-4.0 Hz) on channel 79
      Warning: No frequencies found for delta (1.0-4.0 Hz) on channel 80
      Warning: No frequencies found for delta (1.0-4.0 Hz) on channel 81
      Warning: No frequencies found for delta (1.0-4.0 Hz) on channel 82
      Warning: No frequencies found for delta (1.0-4.0 Hz) on channel 83
      Warning: No frequencies found for delta (1.0-4.0 Hz) on channel 84
      Warning: No frequencies found for delta (1.0-4.0 Hz) on channel 85
      Warning: No frequencies found for delta (1.0-4.0 Hz) on channel 86
      Warning: No frequencies found for delta (1.0-4.0 Hz) on channel 87
      Warning: No frequencies found for delta (1.0-4.0 Hz) on channel 88
      Warning: No frequencies found for delta (1.0-4.0 Hz) on channel 89
      Warning: No frequencies found for delta (1.0-4.0 Hz) on channel 90
      Warning: No frequencies found for delta (1.0-4.0 Hz) on channel 91
      Warning: No frequencies found for delta (1.0-4.0 Hz) on channel 92
      Warning: No frequencies found for delta (1.0-4.0 Hz) on channel 93
      Warning: No frequencies found for delta (1.0-4.0 Hz) on channel 94
      Warning: No frequencies found for delta (1.0-4.0 Hz) on channel 95
      Warning: No frequencies found for delta (1.0-4.0 Hz) on channel 96
      Warning: No frequencies found for delta (1.0-4.0 Hz) on channel 97
      Warning: No frequencies found for delta (1.0-4.0 Hz) on channel 98
      Warning: No frequencies found for delta (1.0-4.0 Hz) on channel 99
      Warning: No frequencies found for delta (1.0-4.0 Hz) on channel 100
      Warning: No frequencies found for delta (1.0-4.0 Hz) on channel 101
      Warning: No frequencies found for delta (1.0-4.0 Hz) on channel 102
      Warning: No frequencies found for delta (1.0-4.0 Hz) on channel 103
      Warning: No frequencies found for delta (1.0-4.0 Hz) on channel 104
      Warning: No frequencies found for delta (1.0-4.0 Hz) on channel 105
      Warning: No frequencies found for delta (1.0-4.0 Hz) on channel 106
      Warning: No frequencies found for delta (1.0-4.0 Hz) on channel 107
      Warning: No frequencies found for delta (1.0-4.0 Hz) on channel 108
      Warning: No frequencies found for delta (1.0-4.0 Hz) on channel 109
      Warning: No frequencies found for delta (1.0-4.0 Hz) on channel 110
      Warning: No frequencies found for delta (1.0-4.0 Hz) on channel 111
      Warning: No frequencies found for delta (1.0-4.0 Hz) on channel 112
      Warning: No frequencies found for delta (1.0-4.0 Hz) on channel 113
      Warning: No frequencies found for delta (1.0-4.0 Hz) on channel 114
      Warning: No frequencies found for delta (1.0-4.0 Hz) on channel 115
      Warning: No frequencies found for delta (1.0-4.0 Hz) on channel 116
      Warning: No frequencies found for delta (1.0-4.0 Hz) on channel 117
      Warning: No frequencies found for delta (1.0-4.0 Hz) on channel 118
      Warning: No frequencies found for delta (1.0-4.0 Hz) on channel 119
      Warning: No frequencies found for delta (1.0-4.0 Hz) on channel 120
      Warning: No frequencies found for delta (1.0-4.0 Hz) on channel 121
      Warning: No frequencies found for delta (1.0-4.0 Hz) on channel 122
      Warning: No frequencies found for delta (1.0-4.0 Hz) on channel 123
      Warning: No frequencies found for delta (1.0-4.0 Hz) on channel 124
      Warning: No frequencies found for delta (1.0-4.0 Hz) on channel 125
      Warning: No frequencies found for delta (1.0-4.0 Hz) on channel 126
      Warning: No frequencies found for delta (1.0-4.0 Hz) on channel 127
      Warning: No frequencies found for delta (1.0-4.0 Hz) on channel 128
      Warning: No frequencies found for delta (1.0-4.0 Hz) on channel 129
      Warning: No frequencies found for delta (1.0-4.0 Hz) on channel 130
      Warning: No frequencies found for delta (1.0-4.0 Hz) on channel 131
      Warning: No frequencies found for delta (1.0-4.0 Hz) on channel 132
      Warning: No frequencies found for delta (1.0-4.0 Hz) on channel 133
      Warning: No frequencies found for delta (1.0-4.0 Hz) on channel 134
      Warning: No frequencies found for delta (1.0-4.0 Hz) on channel 135
      Warning: No frequencies found for delta (1.0-4.0 Hz) on channel 136
      Warning: No frequencies found for delta (1.0-4.0 Hz) on channel 137
      Warning: No frequencies found for delta (1.0-4.0 Hz) on channel 138
      Warning: No frequencies found for delta (1.0-4.0 Hz) on channel 139
      Warning: No frequencies found for delta (1.0-4.0 Hz) on channel 140
      Warning: No frequencies found for delta (1.0-4.0 Hz) on channel 141
      Warning: No frequencies found for delta (1.0-4.0 Hz) on channel 142
      Warning: No frequencies found for delta (1.0-4.0 Hz) on channel 143
      Warning: No frequencies found for delta (1.0-4.0 Hz) on channel 144
      Warning: No frequencies found for delta (1.0-4.0 Hz) on channel 145
      Warning: No frequencies found for delta (1.0-4.0 Hz) on channel 146
      Warning: No frequencies found for delta (1.0-4.0 Hz) on channel 147
      Warning: No frequencies found for delta (1.0-4.0 Hz) on channel 148
      Warning: No frequencies found for delta (1.0-4.0 Hz) on channel 149
      Warning: No frequencies found for delta (1.0-4.0 Hz) on channel 150
      Warning: No frequencies found for delta (1.0-4.0 Hz) on channel 151
      Warning: No frequencies found for delta (1.0-4.0 Hz) on channel 152
      Warning: No frequencies found for delta (1.0-4.0 Hz) on channel 153
      Warning: No frequencies found for delta (1.0-4.0 Hz) on channel 154
      Warning: No frequencies found for delta (1.0-4.0 Hz) on channel 155
      Warning: No frequencies found for delta (1.0-4.0 Hz) on channel 156
      Warning: No frequencies found for delta (1.0-4.0 Hz) on channel 157
      Warning: No frequencies found for delta (1.0-4.0 Hz) on channel 158
      Warning: No frequencies found for delta (1.0-4.0 Hz) on channel 159
      Warning: No frequencies found for delta (1.0-4.0 Hz) on channel 160
      Warning: No frequencies found for delta (1.0-4.0 Hz) on channel 161
      Warning: No frequencies found for delta (1.0-4.0 Hz) on channel 162
      Warning: No frequencies found for delta (1.0-4.0 Hz) on channel 163
      Warning: No frequencies found for delta (1.0-4.0 Hz) on channel 164
    Chunk 32/120 (26.7%)      Warning: No frequencies found for delta (1.0-4.0 Hz) on channel 0
      Warning: No frequencies found for delta (1.0-4.0 Hz) on channel 1
      Warning: No frequencies found for delta (1.0-4.0 Hz) on channel 2
      Warning: No frequencies found for delta (1.0-4.0 Hz) on channel 3
      Warning: No frequencies found for delta (1.0-4.0 Hz) on channel 4
      Warning: No frequencies found for delta (1.0-4.0 Hz) on channel 5
      Warning: No frequencies found for delta (1.0-4.0 Hz) on channel 6
      Warning: No frequencies found for delta (1.0-4.0 Hz) on channel 7
      Warning: No frequencies found for delta (1.0-4.0 Hz) on channel 8
      Warning: No frequencies found for delta (1.0-4.0 Hz) on channel 9
      Warning: No frequencies found for delta (1.0-4.0 Hz) on channel 10
      Warning: No frequencies found for delta (1.0-4.0 Hz) on channel 11
      Warning: No frequencies found for delta (1.0-4.0 Hz) on channel 12
      Warning: No frequencies found for delta (1.0-4.0 Hz) on channel 13
      Warning: No frequencies found for delta (1.0-4.0 Hz) on channel 14
      Warning: No frequencies found for delta (1.0-4.0 Hz) on channel 15
      Warning: No frequencies found for delta (1.0-4.0 Hz) on channel 16
      Warning: No frequencies found for delta (1.0-4.0 Hz) on channel 17
      Warning: No frequencies found for delta (1.0-4.0 Hz) on channel 18
      Warning: No frequencies found for delta (1.0-4.0 Hz) on channel 19
      Warning: No frequencies found for delta (1.0-4.0 Hz) on channel 20
      Warning: No frequencies found for delta (1.0-4.0 Hz) on channel 21
      Warning: No frequencies found for delta (1.0-4.0 Hz) on channel 22
      Warning: No frequencies found for delta (1.0-4.0 Hz) on channel 23
      Warning: No frequencies found for delta (1.0-4.0 Hz) on channel 24
      Warning: No frequencies found for delta (1.0-4.0 Hz) on channel 25
      Warning: No frequencies found for delta (1.0-4.0 Hz) on channel 26
      Warning: No frequencies found for delta (1.0-4.0 Hz) on channel 27
      Warning: No frequencies found for delta (1.0-4.0 Hz) on channel 28
      Warning: No frequencies found for delta (1.0-4.0 Hz) on channel 29
      Warning: No frequencies found for delta (1.0-4.0 Hz) on channel 30
      Warning: No frequencies found for delta (1.0-4.0 Hz) on channel 31
      Warning: No frequencies found for delta (1.0-4.0 Hz) on channel 32
      Warning: No frequencies found for delta (1.0-4.0 Hz) on channel 33
      Warning: No frequencies found for delta (1.0-4.0 Hz) on channel 34
      Warning: No frequencies found for delta (1.0-4.0 Hz) on channel 35
      Warning: No frequencies found for delta (1.0-4.0 Hz) on channel 36
      Warning: No frequencies found for delta (1.0-4.0 Hz) on channel 37
      Warning: No frequencies found for delta (1.0-4.0 Hz) on channel 38
      Warning: No frequencies found for delta (1.0-4.0 Hz) on channel 39
      Warning: No frequencies found for delta (1.0-4.0 Hz) on channel 40
      Warning: No frequencies found for delta (1.0-4.0 Hz) on channel 41
      Warning: No frequencies found for delta (1.0-4.0 Hz) on channel 42
      Warning: No frequencies found for delta (1.0-4.0 Hz) on channel 43
      Warning: No frequencies found for delta (1.0-4.0 Hz) on channel 44
      Warning: No frequencies found for delta (1.0-4.0 Hz) on channel 45
      Warning: No frequencies found for delta (1.0-4.0 Hz) on channel 46
      Warning: No frequencies found for delta (1.0-4.0 Hz) on channel 47
      Warning: No frequencies found for delta (1.0-4.0 Hz) on channel 48
      Warning: No frequencies found for delta (1.0-4.0 Hz) on channel 49
      Warning: No frequencies found for delta (1.0-4.0 Hz) on channel 50
      Warning: No frequencies found for delta (1.0-4.0 Hz) on channel 51
      Warning: No frequencies found for delta (1.0-4.0 Hz) on channel 52
      Warning: No frequencies found for delta (1.0-4.0 Hz) on channel 53
      Warning: No frequencies found for delta (1.0-4.0 Hz) on channel 54
      Warning: No frequencies found for delta (1.0-4.0 Hz) on channel 55
      Warning: No frequencies found for delta (1.0-4.0 Hz) on channel 56
      Warning: No frequencies found for delta (1.0-4.0 Hz) on channel 57
      Warning: No frequencies found for delta (1.0-4.0 Hz) on channel 58
      Warning: No frequencies found for delta (1.0-4.0 Hz) on channel 59
      Warning: No frequencies found for delta (1.0-4.0 Hz) on channel 60
      Warning: No frequencies found for delta (1.0-4.0 Hz) on channel 61
      Warning: No frequencies found for delta (1.0-4.0 Hz) on channel 62
      Warning: No frequencies found for delta (1.0-4.0 Hz) on channel 63
      Warning: No frequencies found for delta (1.0-4.0 Hz) on channel 64
      Warning: No frequencies found for delta (1.0-4.0 Hz) on channel 65
      Warning: No frequencies found for delta (1.0-4.0 Hz) on channel 66
      Warning: No frequencies found for delta (1.0-4.0 Hz) on channel 67
      Warning: No frequencies found for delta (1.0-4.0 Hz) on channel 68
      Warning: No frequencies found for delta (1.0-4.0 Hz) on channel 69
      Warning: No frequencies found for delta (1.0-4.0 Hz) on channel 70
      Warning: No frequencies found for delta (1.0-4.0 Hz) on channel 71
      Warning: No frequencies found for delta (1.0-4.0 Hz) on channel 72
      Warning: No frequencies found for delta (1.0-4.0 Hz) on channel 73
      Warning: No frequencies found for delta (1.0-4.0 Hz) on channel 74
      Warning: No frequencies found for delta (1.0-4.0 Hz) on channel 75
      Warning: No frequencies found for delta (1.0-4.0 Hz) on channel 76
      Warning: No frequencies found for delta (1.0-4.0 Hz) on channel 77
      Warning: No frequencies found for delta (1.0-4.0 Hz) on channel 78
      Warning: No frequencies found for delta (1.0-4.0 Hz) on channel 79
      Warning: No frequencies found for delta (1.0-4.0 Hz) on channel 80
      Warning: No frequencies found for delta (1.0-4.0 Hz) on channel 81
      Warning: No frequencies found for delta (1.0-4.0 Hz) on channel 82
      Warning: No frequencies found for delta (1.0-4.0 Hz) on channel 83
      Warning: No frequencies found for delta (1.0-4.0 Hz) on channel 84
      Warning: No frequencies found for delta (1.0-4.0 Hz) on channel 85
      Warning: No frequencies found for delta (1.0-4.0 Hz) on channel 86
      Warning: No frequencies found for delta (1.0-4.0 Hz) on channel 87
      Warning: No frequencies found for delta (1.0-4.0 Hz) on channel 88
      Warning: No frequencies found for delta (1.0-4.0 Hz) on channel 89
      Warning: No frequencies found for delta (1.0-4.0 Hz) on channel 90
      Warning: No frequencies found for delta (1.0-4.0 Hz) on channel 91
      Warning: No frequencies found for delta (1.0-4.0 Hz) on channel 92
      Warning: No frequencies found for delta (1.0-4.0 Hz) on channel 93
      Warning: No frequencies found for delta (1.0-4.0 Hz) on channel 94
      Warning: No frequencies found for delta (1.0-4.0 Hz) on channel 95
      Warning: No frequencies found for delta (1.0-4.0 Hz) on channel 96
      Warning: No frequencies found for delta (1.0-4.0 Hz) on channel 97
      Warning: No frequencies found for delta (1.0-4.0 Hz) on channel 98
      Warning: No frequencies found for delta (1.0-4.0 Hz) on channel 99
      Warning: No frequencies found for delta (1.0-4.0 Hz) on channel 100
      Warning: No frequencies found for delta (1.0-4.0 Hz) on channel 101
      Warning: No frequencies found for delta (1.0-4.0 Hz) on channel 102
      Warning: No frequencies found for delta (1.0-4.0 Hz) on channel 103
      Warning: No frequencies found for delta (1.0-4.0 Hz) on channel 104
      Warning: No frequencies found for delta (1.0-4.0 Hz) on channel 105
      Warning: No frequencies found for delta (1.0-4.0 Hz) on channel 106
      Warning: No frequencies found for delta (1.0-4.0 Hz) on channel 107
      Warning: No frequencies found for delta (1.0-4.0 Hz) on channel 108
      Warning: No frequencies found for delta (1.0-4.0 Hz) on channel 109
      Warning: No frequencies found for delta (1.0-4.0 Hz) on channel 110
      Warning: No frequencies found for delta (1.0-4.0 Hz) on channel 111
      Warning: No frequencies found for delta (1.0-4.0 Hz) on channel 112
      Warning: No frequencies found for delta (1.0-4.0 Hz) on channel 113
      Warning: No frequencies found for delta (1.0-4.0 Hz) on channel 114
      Warning: No frequencies found for delta (1.0-4.0 Hz) on channel 115
      Warning: No frequencies found for delta (1.0-4.0 Hz) on channel 116
      Warning: No frequencies found for delta (1.0-4.0 Hz) on channel 117
      Warning: No frequencies found for delta (1.0-4.0 Hz) on channel 118
      Warning: No frequencies found for delta (1.0-4.0 Hz) on channel 119
      Warning: No frequencies found for delta (1.0-4.0 Hz) on channel 120
      Warning: No frequencies found for delta (1.0-4.0 Hz) on channel 121
      Warning: No frequencies found for delta (1.0-4.0 Hz) on channel 122
      Warning: No frequencies found for delta (1.0-4.0 Hz) on channel 123
      Warning: No frequencies found for delta (1.0-4.0 Hz) on channel 124
      Warning: No frequencies found for delta (1.0-4.0 Hz) on channel 125
      Warning: No frequencies found for delta (1.0-4.0 Hz) on channel 126
      Warning: No frequencies found for delta (1.0-4.0 Hz) on channel 127
      Warning: No frequencies found for delta (1.0-4.0 Hz) on channel 128
      Warning: No frequencies found for delta (1.0-4.0 Hz) on channel 129
      Warning: No frequencies found for delta (1.0-4.0 Hz) on channel 130
      Warning: No frequencies found for delta (1.0-4.0 Hz) on channel 131
      Warning: No frequencies found for delta (1.0-4.0 Hz) on channel 132
      Warning: No frequencies found for delta (1.0-4.0 Hz) on channel 133
      Warning: No frequencies found for delta (1.0-4.0 Hz) on channel 134
      Warning: No frequencies found for delta (1.0-4.0 Hz) on channel 135
      Warning: No frequencies found for delta (1.0-4.0 Hz) on channel 136
      Warning: No frequencies found for delta (1.0-4.0 Hz) on channel 137
      Warning: No frequencies found for delta (1.0-4.0 Hz) on channel 138
      Warning: No frequencies found for delta (1.0-4.0 Hz) on channel 139
      Warning: No frequencies found for delta (1.0-4.0 Hz) on channel 140
      Warning: No frequencies found for delta (1.0-4.0 Hz) on channel 141
      Warning: No frequencies found for delta (1.0-4.0 Hz) on channel 142
      Warning: No frequencies found for delta (1.0-4.0 Hz) on channel 143
      Warning: No frequencies found for delta (1.0-4.0 Hz) on channel 144
      Warning: No frequencies found for delta (1.0-4.0 Hz) on channel 145
      Warning: No frequencies found for delta (1.0-4.0 Hz) on channel 146
      Warning: No frequencies found for delta (1.0-4.0 Hz) on channel 147
      Warning: No frequencies found for delta (1.0-4.0 Hz) on channel 148
      Warning: No frequencies found for delta (1.0-4.0 Hz) on channel 149
      Warning: No frequencies found for delta (1.0-4.0 Hz) on channel 150
      Warning: No frequencies found for delta (1.0-4.0 Hz) on channel 151
      Warning: No frequencies found for delta (1.0-4.0 Hz) on channel 152
      Warning: No frequencies found for delta (1.0-4.0 Hz) on channel 153
      Warning: No frequencies found for delta (1.0-4.0 Hz) on channel 154
      Warning: No frequencies found for delta (1.0-4.0 Hz) on channel 155
      Warning: No frequencies found for delta (1.0-4.0 Hz) on channel 156
      Warning: No frequencies found for delta (1.0-4.0 Hz) on channel 157
      Warning: No frequencies found for delta (1.0-4.0 Hz) on channel 158
      Warning: No frequencies found for delta (1.0-4.0 Hz) on channel 159
      Warning: No frequencies found for delta (1.0-4.0 Hz) on channel 160
      Warning: No frequencies found for delta (1.0-4.0 Hz) on channel 161
      Warning: No frequencies found for delta (1.0-4.0 Hz) on channel 162
      Warning: No frequencies found for delta (1.0-4.0 Hz) on channel 163
      Warning: No frequencies found for delta (1.0-4.0 Hz) on channel 164
    Chunk 33/120 (27.5%)      Warning: No frequencies found for delta (1.0-4.0 Hz) on channel 0
      Warning: No frequencies found for delta (1.0-4.0 Hz) on channel 1
      Warning: No frequencies found for delta (1.0-4.0 Hz) on channel 2
      Warning: No frequencies found for delta (1.0-4.0 Hz) on channel 3
      Warning: No frequencies found for delta (1.0-4.0 Hz) on channel 4
      Warning: No frequencies found for delta (1.0-4.0 Hz) on channel 5
      Warning: No frequencies found for delta (1.0-4.0 Hz) on channel 6
      Warning: No frequencies found for delta (1.0-4.0 Hz) on channel 7
      Warning: No frequencies found for delta (1.0-4.0 Hz) on channel 8
      Warning: No frequencies found for delta (1.0-4.0 Hz) on channel 9
      Warning: No frequencies found for delta (1.0-4.0 Hz) on channel 10
      Warning: No frequencies found for delta (1.0-4.0 Hz) on channel 11
      Warning: No frequencies found for delta (1.0-4.0 Hz) on channel 12
      Warning: No frequencies found for delta (1.0-4.0 Hz) on channel 13
      Warning: No frequencies found for delta (1.0-4.0 Hz) on channel 14
      Warning: No frequencies found for delta (1.0-4.0 Hz) on channel 15
      Warning: No frequencies found for delta (1.0-4.0 Hz) on channel 16
      Warning: No frequencies found for delta (1.0-4.0 Hz) on channel 17
      Warning: No frequencies found for delta (1.0-4.0 Hz) on channel 18
      Warning: No frequencies found for delta (1.0-4.0 Hz) on channel 19
      Warning: No frequencies found for delta (1.0-4.0 Hz) on channel 20
      Warning: No frequencies found for delta (1.0-4.0 Hz) on channel 21
      Warning: No frequencies found for delta (1.0-4.0 Hz) on channel 22
      Warning: No frequencies found for delta (1.0-4.0 Hz) on channel 23
      Warning: No frequencies found for delta (1.0-4.0 Hz) on channel 24
      Warning: No frequencies found for delta (1.0-4.0 Hz) on channel 25
      Warning: No frequencies found for delta (1.0-4.0 Hz) on channel 26
      Warning: No frequencies found for delta (1.0-4.0 Hz) on channel 27
      Warning: No frequencies found for delta (1.0-4.0 Hz) on channel 28
      Warning: No frequencies found for delta (1.0-4.0 Hz) on channel 29
      Warning: No frequencies found for delta (1.0-4.0 Hz) on channel 30
      Warning: No frequencies found for delta (1.0-4.0 Hz) on channel 31
      Warning: No frequencies found for delta (1.0-4.0 Hz) on channel 32
      Warning: No frequencies found for delta (1.0-4.0 Hz) on channel 33
      Warning: No frequencies found for delta (1.0-4.0 Hz) on channel 34
      Warning: No frequencies found for delta (1.0-4.0 Hz) on channel 35
      Warning: No frequencies found for delta (1.0-4.0 Hz) on channel 36
      Warning: No frequencies found for delta (1.0-4.0 Hz) on channel 37
      Warning: No frequencies found for delta (1.0-4.0 Hz) on channel 38
      Warning: No frequencies found for delta (1.0-4.0 Hz) on channel 39
      Warning: No frequencies found for delta (1.0-4.0 Hz) on channel 40
      Warning: No frequencies found for delta (1.0-4.0 Hz) on channel 41
      Warning: No frequencies found for delta (1.0-4.0 Hz) on channel 42
      Warning: No frequencies found for delta (1.0-4.0 Hz) on channel 43
      Warning: No frequencies found for delta (1.0-4.0 Hz) on channel 44
      Warning: No frequencies found for delta (1.0-4.0 Hz) on channel 45
      Warning: No frequencies found for delta (1.0-4.0 Hz) on channel 46
      Warning: No frequencies found for delta (1.0-4.0 Hz) on channel 47
      Warning: No frequencies found for delta (1.0-4.0 Hz) on channel 48
      Warning: No frequencies found for delta (1.0-4.0 Hz) on channel 49
      Warning: No frequencies found for delta (1.0-4.0 Hz) on channel 50
      Warning: No frequencies found for delta (1.0-4.0 Hz) on channel 51
      Warning: No frequencies found for delta (1.0-4.0 Hz) on channel 52
      Warning: No frequencies found for delta (1.0-4.0 Hz) on channel 53
      Warning: No frequencies found for delta (1.0-4.0 Hz) on channel 54
      Warning: No frequencies found for delta (1.0-4.0 Hz) on channel 55
      Warning: No frequencies found for delta (1.0-4.0 Hz) on channel 56
      Warning: No frequencies found for delta (1.0-4.0 Hz) on channel 57
      Warning: No frequencies found for delta (1.0-4.0 Hz) on channel 58
      Warning: No frequencies found for delta (1.0-4.0 Hz) on channel 59
      Warning: No frequencies found for delta (1.0-4.0 Hz) on channel 60
      Warning: No frequencies found for delta (1.0-4.0 Hz) on channel 61
      Warning: No frequencies found for delta (1.0-4.0 Hz) on channel 62
      Warning: No frequencies found for delta (1.0-4.0 Hz) on channel 63
      Warning: No frequencies found for delta (1.0-4.0 Hz) on channel 64
      Warning: No frequencies found for delta (1.0-4.0 Hz) on channel 65
      Warning: No frequencies found for delta (1.0-4.0 Hz) on channel 66
      Warning: No frequencies found for delta (1.0-4.0 Hz) on channel 67
      Warning: No frequencies found for delta (1.0-4.0 Hz) on channel 68
      Warning: No frequencies found for delta (1.0-4.0 Hz) on channel 69
      Warning: No frequencies found for delta (1.0-4.0 Hz) on channel 70
      Warning: No frequencies found for delta (1.0-4.0 Hz) on channel 71
      Warning: No frequencies found for delta (1.0-4.0 Hz) on channel 72
      Warning: No frequencies found for delta (1.0-4.0 Hz) on channel 73
      Warning: No frequencies found for delta (1.0-4.0 Hz) on channel 74
      Warning: No frequencies found for delta (1.0-4.0 Hz) on channel 75
      Warning: No frequencies found for delta (1.0-4.0 Hz) on channel 76
      Warning: No frequencies found for delta (1.0-4.0 Hz) on channel 77
      Warning: No frequencies found for delta (1.0-4.0 Hz) on channel 78
      Warning: No frequencies found for delta (1.0-4.0 Hz) on channel 79
      Warning: No frequencies found for delta (1.0-4.0 Hz) on channel 80
      Warning: No frequencies found for delta (1.0-4.0 Hz) on channel 81
      Warning: No frequencies found for delta (1.0-4.0 Hz) on channel 82
      Warning: No frequencies found for delta (1.0-4.0 Hz) on channel 83
      Warning: No frequencies found for delta (1.0-4.0 Hz) on channel 84
      Warning: No frequencies found for delta (1.0-4.0 Hz) on channel 85
      Warning: No frequencies found for delta (1.0-4.0 Hz) on channel 86
      Warning: No frequencies found for delta (1.0-4.0 Hz) on channel 87
      Warning: No frequencies found for delta (1.0-4.0 Hz) on channel 88
      Warning: No frequencies found for delta (1.0-4.0 Hz) on channel 89
      Warning: No frequencies found for delta (1.0-4.0 Hz) on channel 90
      Warning: No frequencies found for delta (1.0-4.0 Hz) on channel 91
      Warning: No frequencies found for delta (1.0-4.0 Hz) on channel 92
      Warning: No frequencies found for delta (1.0-4.0 Hz) on channel 93
      Warning: No frequencies found for delta (1.0-4.0 Hz) on channel 94
      Warning: No frequencies found for delta (1.0-4.0 Hz) on channel 95
      Warning: No frequencies found for delta (1.0-4.0 Hz) on channel 96
      Warning: No frequencies found for delta (1.0-4.0 Hz) on channel 97
      Warning: No frequencies found for delta (1.0-4.0 Hz) on channel 98
      Warning: No frequencies found for delta (1.0-4.0 Hz) on channel 99
      Warning: No frequencies found for delta (1.0-4.0 Hz) on channel 100
      Warning: No frequencies found for delta (1.0-4.0 Hz) on channel 101
      Warning: No frequencies found for delta (1.0-4.0 Hz) on channel 102
      Warning: No frequencies found for delta (1.0-4.0 Hz) on channel 103
      Warning: No frequencies found for delta (1.0-4.0 Hz) on channel 104
      Warning: No frequencies found for delta (1.0-4.0 Hz) on channel 105
      Warning: No frequencies found for delta (1.0-4.0 Hz) on channel 106
      Warning: No frequencies found for delta (1.0-4.0 Hz) on channel 107
      Warning: No frequencies found for delta (1.0-4.0 Hz) on channel 108
      Warning: No frequencies found for delta (1.0-4.0 Hz) on channel 109
      Warning: No frequencies found for delta (1.0-4.0 Hz) on channel 110
      Warning: No frequencies found for delta (1.0-4.0 Hz) on channel 111
      Warning: No frequencies found for delta (1.0-4.0 Hz) on channel 112
      Warning: No frequencies found for delta (1.0-4.0 Hz) on channel 113
      Warning: No frequencies found for delta (1.0-4.0 Hz) on channel 114
      Warning: No frequencies found for delta (1.0-4.0 Hz) on channel 115
      Warning: No frequencies found for delta (1.0-4.0 Hz) on channel 116
      Warning: No frequencies found for delta (1.0-4.0 Hz) on channel 117
      Warning: No frequencies found for delta (1.0-4.0 Hz) on channel 118
      Warning: No frequencies found for delta (1.0-4.0 Hz) on channel 119
      Warning: No frequencies found for delta (1.0-4.0 Hz) on channel 120
      Warning: No frequencies found for delta (1.0-4.0 Hz) on channel 121
      Warning: No frequencies found for delta (1.0-4.0 Hz) on channel 122
      Warning: No frequencies found for delta (1.0-4.0 Hz) on channel 123
      Warning: No frequencies found for delta (1.0-4.0 Hz) on channel 124
      Warning: No frequencies found for delta (1.0-4.0 Hz) on channel 125
      Warning: No frequencies found for delta (1.0-4.0 Hz) on channel 126
      Warning: No frequencies found for delta (1.0-4.0 Hz) on channel 127
      Warning: No frequencies found for delta (1.0-4.0 Hz) on channel 128
      Warning: No frequencies found for delta (1.0-4.0 Hz) on channel 129
      Warning: No frequencies found for delta (1.0-4.0 Hz) on channel 130
      Warning: No frequencies found for delta (1.0-4.0 Hz) on channel 131
      Warning: No frequencies found for delta (1.0-4.0 Hz) on channel 132
      Warning: No frequencies found for delta (1.0-4.0 Hz) on channel 133
      Warning: No frequencies found for delta (1.0-4.0 Hz) on channel 134
      Warning: No frequencies found for delta (1.0-4.0 Hz) on channel 135
      Warning: No frequencies found for delta (1.0-4.0 Hz) on channel 136
      Warning: No frequencies found for delta (1.0-4.0 Hz) on channel 137
      Warning: No frequencies found for delta (1.0-4.0 Hz) on channel 138
      Warning: No frequencies found for delta (1.0-4.0 Hz) on channel 139
      Warning: No frequencies found for delta (1.0-4.0 Hz) on channel 140
      Warning: No frequencies found for delta (1.0-4.0 Hz) on channel 141
      Warning: No frequencies found for delta (1.0-4.0 Hz) on channel 142
      Warning: No frequencies found for delta (1.0-4.0 Hz) on channel 143
      Warning: No frequencies found for delta (1.0-4.0 Hz) on channel 144
      Warning: No frequencies found for delta (1.0-4.0 Hz) on channel 145
      Warning: No frequencies found for delta (1.0-4.0 Hz) on channel 146
      Warning: No frequencies found for delta (1.0-4.0 Hz) on channel 147
      Warning: No frequencies found for delta (1.0-4.0 Hz) on channel 148
      Warning: No frequencies found for delta (1.0-4.0 Hz) on channel 149
      Warning: No frequencies found for delta (1.0-4.0 Hz) on channel 150
      Warning: No frequencies found for delta (1.0-4.0 Hz) on channel 151
      Warning: No frequencies found for delta (1.0-4.0 Hz) on channel 152
      Warning: No frequencies found for delta (1.0-4.0 Hz) on channel 153
      Warning: No frequencies found for delta (1.0-4.0 Hz) on channel 154
      Warning: No frequencies found for delta (1.0-4.0 Hz) on channel 155
      Warning: No frequencies found for delta (1.0-4.0 Hz) on channel 156
      Warning: No frequencies found for delta (1.0-4.0 Hz) on channel 157
      Warning: No frequencies found for delta (1.0-4.0 Hz) on channel 158
      Warning: No frequencies found for delta (1.0-4.0 Hz) on channel 159
      Warning: No frequencies found for delta (1.0-4.0 Hz) on channel 160
      Warning: No frequencies found for delta (1.0-4.0 Hz) on channel 161
      Warning: No frequencies found for delta (1.0-4.0 Hz) on channel 162
      Warning: No frequencies found for delta (1.0-4.0 Hz) on channel 163
      Warning: No frequencies found for delta (1.0-4.0 Hz) on channel 164
    Chunk 34/120 (28.3%)      Warning: No frequencies found for delta (1.0-4.0 Hz) on channel 0
      Warning: No frequencies found for delta (1.0-4.0 Hz) on channel 1
      Warning: No frequencies found for delta (1.0-4.0 Hz) on channel 2
      Warning: No frequencies found for delta (1.0-4.0 Hz) on channel 3
      Warning: No frequencies found for delta (1.0-4.0 Hz) on channel 4
      Warning: No frequencies found for delta (1.0-4.0 Hz) on channel 5
      Warning: No frequencies found for delta (1.0-4.0 Hz) on channel 6
      Warning: No frequencies found for delta (1.0-4.0 Hz) on channel 7
      Warning: No frequencies found for delta (1.0-4.0 Hz) on channel 8
      Warning: No frequencies found for delta (1.0-4.0 Hz) on channel 9
      Warning: No frequencies found for delta (1.0-4.0 Hz) on channel 10
      Warning: No frequencies found for delta (1.0-4.0 Hz) on channel 11
      Warning: No frequencies found for delta (1.0-4.0 Hz) on channel 12
      Warning: No frequencies found for delta (1.0-4.0 Hz) on channel 13
      Warning: No frequencies found for delta (1.0-4.0 Hz) on channel 14
      Warning: No frequencies found for delta (1.0-4.0 Hz) on channel 15
      Warning: No frequencies found for delta (1.0-4.0 Hz) on channel 16
      Warning: No frequencies found for delta (1.0-4.0 Hz) on channel 17
      Warning: No frequencies found for delta (1.0-4.0 Hz) on channel 18
      Warning: No frequencies found for delta (1.0-4.0 Hz) on channel 19
      Warning: No frequencies found for delta (1.0-4.0 Hz) on channel 20
      Warning: No frequencies found for delta (1.0-4.0 Hz) on channel 21
      Warning: No frequencies found for delta (1.0-4.0 Hz) on channel 22
      Warning: No frequencies found for delta (1.0-4.0 Hz) on channel 23
      Warning: No frequencies found for delta (1.0-4.0 Hz) on channel 24
      Warning: No frequencies found for delta (1.0-4.0 Hz) on channel 25
      Warning: No frequencies found for delta (1.0-4.0 Hz) on channel 26
      Warning: No frequencies found for delta (1.0-4.0 Hz) on channel 27
      Warning: No frequencies found for delta (1.0-4.0 Hz) on channel 28
      Warning: No frequencies found for delta (1.0-4.0 Hz) on channel 29
      Warning: No frequencies found for delta (1.0-4.0 Hz) on channel 30
      Warning: No frequencies found for delta (1.0-4.0 Hz) on channel 31
      Warning: No frequencies found for delta (1.0-4.0 Hz) on channel 32
      Warning: No frequencies found for delta (1.0-4.0 Hz) on channel 33
      Warning: No frequencies found for delta (1.0-4.0 Hz) on channel 34
      Warning: No frequencies found for delta (1.0-4.0 Hz) on channel 35
      Warning: No frequencies found for delta (1.0-4.0 Hz) on channel 36
      Warning: No frequencies found for delta (1.0-4.0 Hz) on channel 37
      Warning: No frequencies found for delta (1.0-4.0 Hz) on channel 38
      Warning: No frequencies found for delta (1.0-4.0 Hz) on channel 39
      Warning: No frequencies found for delta (1.0-4.0 Hz) on channel 40
      Warning: No frequencies found for delta (1.0-4.0 Hz) on channel 41
      Warning: No frequencies found for delta (1.0-4.0 Hz) on channel 42
      Warning: No frequencies found for delta (1.0-4.0 Hz) on channel 43
      Warning: No frequencies found for delta (1.0-4.0 Hz) on channel 44
      Warning: No frequencies found for delta (1.0-4.0 Hz) on channel 45
      Warning: No frequencies found for delta (1.0-4.0 Hz) on channel 46
      Warning: No frequencies found for delta (1.0-4.0 Hz) on channel 47
      Warning: No frequencies found for delta (1.0-4.0 Hz) on channel 48
      Warning: No frequencies found for delta (1.0-4.0 Hz) on channel 49
      Warning: No frequencies found for delta (1.0-4.0 Hz) on channel 50
      Warning: No frequencies found for delta (1.0-4.0 Hz) on channel 51
      Warning: No frequencies found for delta (1.0-4.0 Hz) on channel 52
      Warning: No frequencies found for delta (1.0-4.0 Hz) on channel 53
      Warning: No frequencies found for delta (1.0-4.0 Hz) on channel 54
      Warning: No frequencies found for delta (1.0-4.0 Hz) on channel 55
      Warning: No frequencies found for delta (1.0-4.0 Hz) on channel 56
      Warning: No frequencies found for delta (1.0-4.0 Hz) on channel 57
      Warning: No frequencies found for delta (1.0-4.0 Hz) on channel 58
      Warning: No frequencies found for delta (1.0-4.0 Hz) on channel 59
      Warning: No frequencies found for delta (1.0-4.0 Hz) on channel 60
      Warning: No frequencies found for delta (1.0-4.0 Hz) on channel 61
      Warning: No frequencies found for delta (1.0-4.0 Hz) on channel 62
      Warning: No frequencies found for delta (1.0-4.0 Hz) on channel 63
      Warning: No frequencies found for delta (1.0-4.0 Hz) on channel 64
      Warning: No frequencies found for delta (1.0-4.0 Hz) on channel 65
      Warning: No frequencies found for delta (1.0-4.0 Hz) on channel 66
      Warning: No frequencies found for delta (1.0-4.0 Hz) on channel 67
      Warning: No frequencies found for delta (1.0-4.0 Hz) on channel 68
      Warning: No frequencies found for delta (1.0-4.0 Hz) on channel 69
      Warning: No frequencies found for delta (1.0-4.0 Hz) on channel 70
      Warning: No frequencies found for delta (1.0-4.0 Hz) on channel 71
      Warning: No frequencies found for delta (1.0-4.0 Hz) on channel 72
      Warning: No frequencies found for delta (1.0-4.0 Hz) on channel 73
      Warning: No frequencies found for delta (1.0-4.0 Hz) on channel 74
      Warning: No frequencies found for delta (1.0-4.0 Hz) on channel 75
      Warning: No frequencies found for delta (1.0-4.0 Hz) on channel 76
      Warning: No frequencies found for delta (1.0-4.0 Hz) on channel 77
      Warning: No frequencies found for delta (1.0-4.0 Hz) on channel 78
      Warning: No frequencies found for delta (1.0-4.0 Hz) on channel 79
      Warning: No frequencies found for delta (1.0-4.0 Hz) on channel 80
      Warning: No frequencies found for delta (1.0-4.0 Hz) on channel 81
      Warning: No frequencies found for delta (1.0-4.0 Hz) on channel 82
      Warning: No frequencies found for delta (1.0-4.0 Hz) on channel 83
      Warning: No frequencies found for delta (1.0-4.0 Hz) on channel 84
      Warning: No frequencies found for delta (1.0-4.0 Hz) on channel 85
      Warning: No frequencies found for delta (1.0-4.0 Hz) on channel 86
      Warning: No frequencies found for delta (1.0-4.0 Hz) on channel 87
      Warning: No frequencies found for delta (1.0-4.0 Hz) on channel 88
      Warning: No frequencies found for delta (1.0-4.0 Hz) on channel 89
      Warning: No frequencies found for delta (1.0-4.0 Hz) on channel 90
      Warning: No frequencies found for delta (1.0-4.0 Hz) on channel 91
      Warning: No frequencies found for delta (1.0-4.0 Hz) on channel 92
      Warning: No frequencies found for delta (1.0-4.0 Hz) on channel 93
      Warning: No frequencies found for delta (1.0-4.0 Hz) on channel 94
      Warning: No frequencies found for delta (1.0-4.0 Hz) on channel 95
      Warning: No frequencies found for delta (1.0-4.0 Hz) on channel 96
      Warning: No frequencies found for delta (1.0-4.0 Hz) on channel 97
      Warning: No frequencies found for delta (1.0-4.0 Hz) on channel 98
      Warning: No frequencies found for delta (1.0-4.0 Hz) on channel 99
      Warning: No frequencies found for delta (1.0-4.0 Hz) on channel 100
      Warning: No frequencies found for delta (1.0-4.0 Hz) on channel 101
      Warning: No frequencies found for delta (1.0-4.0 Hz) on channel 102
      Warning: No frequencies found for delta (1.0-4.0 Hz) on channel 103
      Warning: No frequencies found for delta (1.0-4.0 Hz) on channel 104
      Warning: No frequencies found for delta (1.0-4.0 Hz) on channel 105
      Warning: No frequencies found for delta (1.0-4.0 Hz) on channel 106
      Warning: No frequencies found for delta (1.0-4.0 Hz) on channel 107
      Warning: No frequencies found for delta (1.0-4.0 Hz) on channel 108
      Warning: No frequencies found for delta (1.0-4.0 Hz) on channel 109
      Warning: No frequencies found for delta (1.0-4.0 Hz) on channel 110
      Warning: No frequencies found for delta (1.0-4.0 Hz) on channel 111
      Warning: No frequencies found for delta (1.0-4.0 Hz) on channel 112
      Warning: No frequencies found for delta (1.0-4.0 Hz) on channel 113
      Warning: No frequencies found for delta (1.0-4.0 Hz) on channel 114
      Warning: No frequencies found for delta (1.0-4.0 Hz) on channel 115
      Warning: No frequencies found for delta (1.0-4.0 Hz) on channel 116
      Warning: No frequencies found for delta (1.0-4.0 Hz) on channel 117
      Warning: No frequencies found for delta (1.0-4.0 Hz) on channel 118
      Warning: No frequencies found for delta (1.0-4.0 Hz) on channel 119
      Warning: No frequencies found for delta (1.0-4.0 Hz) on channel 120
      Warning: No frequencies found for delta (1.0-4.0 Hz) on channel 121
      Warning: No frequencies found for delta (1.0-4.0 Hz) on channel 122
      Warning: No frequencies found for delta (1.0-4.0 Hz) on channel 123
      Warning: No frequencies found for delta (1.0-4.0 Hz) on channel 124
      Warning: No frequencies found for delta (1.0-4.0 Hz) on channel 125
      Warning: No frequencies found for delta (1.0-4.0 Hz) on channel 126
      Warning: No frequencies found for delta (1.0-4.0 Hz) on channel 127
      Warning: No frequencies found for delta (1.0-4.0 Hz) on channel 128
      Warning: No frequencies found for delta (1.0-4.0 Hz) on channel 129
      Warning: No frequencies found for delta (1.0-4.0 Hz) on channel 130
      Warning: No frequencies found for delta (1.0-4.0 Hz) on channel 131
      Warning: No frequencies found for delta (1.0-4.0 Hz) on channel 132
      Warning: No frequencies found for delta (1.0-4.0 Hz) on channel 133
      Warning: No frequencies found for delta (1.0-4.0 Hz) on channel 134
      Warning: No frequencies found for delta (1.0-4.0 Hz) on channel 135
      Warning: No frequencies found for delta (1.0-4.0 Hz) on channel 136
      Warning: No frequencies found for delta (1.0-4.0 Hz) on channel 137
      Warning: No frequencies found for delta (1.0-4.0 Hz) on channel 138
      Warning: No frequencies found for delta (1.0-4.0 Hz) on channel 139
      Warning: No frequencies found for delta (1.0-4.0 Hz) on channel 140
      Warning: No frequencies found for delta (1.0-4.0 Hz) on channel 141
      Warning: No frequencies found for delta (1.0-4.0 Hz) on channel 142
      Warning: No frequencies found for delta (1.0-4.0 Hz) on channel 143
      Warning: No frequencies found for delta (1.0-4.0 Hz) on channel 144
      Warning: No frequencies found for delta (1.0-4.0 Hz) on channel 145
      Warning: No frequencies found for delta (1.0-4.0 Hz) on channel 146
      Warning: No frequencies found for delta (1.0-4.0 Hz) on channel 147
      Warning: No frequencies found for delta (1.0-4.0 Hz) on channel 148
      Warning: No frequencies found for delta (1.0-4.0 Hz) on channel 149
      Warning: No frequencies found for delta (1.0-4.0 Hz) on channel 150
      Warning: No frequencies found for delta (1.0-4.0 Hz) on channel 151
      Warning: No frequencies found for delta (1.0-4.0 Hz) on channel 152
      Warning: No frequencies found for delta (1.0-4.0 Hz) on channel 153
      Warning: No frequencies found for delta (1.0-4.0 Hz) on channel 154
      Warning: No frequencies found for delta (1.0-4.0 Hz) on channel 155
      Warning: No frequencies found for delta (1.0-4.0 Hz) on channel 156
      Warning: No frequencies found for delta (1.0-4.0 Hz) on channel 157
      Warning: No frequencies found for delta (1.0-4.0 Hz) on channel 158
      Warning: No frequencies found for delta (1.0-4.0 Hz) on channel 159
      Warning: No frequencies found for delta (1.0-4.0 Hz) on channel 160
      Warning: No frequencies found for delta (1.0-4.0 Hz) on channel 161
      Warning: No frequencies found for delta (1.0-4.0 Hz) on channel 162
      Warning: No frequencies found for delta (1.0-4.0 Hz) on channel 163
      Warning: No frequencies found for delta (1.0-4.0 Hz) on channel 164
    Chunk 35/120 (29.2%)      Warning: No frequencies found for delta (1.0-4.0 Hz) on channel 0
      Warning: No frequencies found for delta (1.0-4.0 Hz) on channel 1
      Warning: No frequencies found for delta (1.0-4.0 Hz) on channel 2
      Warning: No frequencies found for delta (1.0-4.0 Hz) on channel 3
      Warning: No frequencies found for delta (1.0-4.0 Hz) on channel 4
      Warning: No frequencies found for delta (1.0-4.0 Hz) on channel 5
      Warning: No frequencies found for delta (1.0-4.0 Hz) on channel 6
      Warning: No frequencies found for delta (1.0-4.0 Hz) on channel 7
      Warning: No frequencies found for delta (1.0-4.0 Hz) on channel 8
      Warning: No frequencies found for delta (1.0-4.0 Hz) on channel 9
      Warning: No frequencies found for delta (1.0-4.0 Hz) on channel 10
      Warning: No frequencies found for delta (1.0-4.0 Hz) on channel 11
      Warning: No frequencies found for delta (1.0-4.0 Hz) on channel 12
      Warning: No frequencies found for delta (1.0-4.0 Hz) on channel 13
      Warning: No frequencies found for delta (1.0-4.0 Hz) on channel 14
      Warning: No frequencies found for delta (1.0-4.0 Hz) on channel 15
      Warning: No frequencies found for delta (1.0-4.0 Hz) on channel 16
      Warning: No frequencies found for delta (1.0-4.0 Hz) on channel 17
      Warning: No frequencies found for delta (1.0-4.0 Hz) on channel 18
      Warning: No frequencies found for delta (1.0-4.0 Hz) on channel 19
      Warning: No frequencies found for delta (1.0-4.0 Hz) on channel 20
      Warning: No frequencies found for delta (1.0-4.0 Hz) on channel 21
      Warning: No frequencies found for delta (1.0-4.0 Hz) on channel 22
      Warning: No frequencies found for delta (1.0-4.0 Hz) on channel 23
      Warning: No frequencies found for delta (1.0-4.0 Hz) on channel 24
      Warning: No frequencies found for delta (1.0-4.0 Hz) on channel 25
      Warning: No frequencies found for delta (1.0-4.0 Hz) on channel 26
      Warning: No frequencies found for delta (1.0-4.0 Hz) on channel 27
      Warning: No frequencies found for delta (1.0-4.0 Hz) on channel 28
      Warning: No frequencies found for delta (1.0-4.0 Hz) on channel 29
      Warning: No frequencies found for delta (1.0-4.0 Hz) on channel 30
      Warning: No frequencies found for delta (1.0-4.0 Hz) on channel 31
      Warning: No frequencies found for delta (1.0-4.0 Hz) on channel 32
      Warning: No frequencies found for delta (1.0-4.0 Hz) on channel 33
      Warning: No frequencies found for delta (1.0-4.0 Hz) on channel 34
      Warning: No frequencies found for delta (1.0-4.0 Hz) on channel 35
      Warning: No frequencies found for delta (1.0-4.0 Hz) on channel 36
      Warning: No frequencies found for delta (1.0-4.0 Hz) on channel 37
      Warning: No frequencies found for delta (1.0-4.0 Hz) on channel 38
      Warning: No frequencies found for delta (1.0-4.0 Hz) on channel 39
      Warning: No frequencies found for delta (1.0-4.0 Hz) on channel 40
      Warning: No frequencies found for delta (1.0-4.0 Hz) on channel 41
      Warning: No frequencies found for delta (1.0-4.0 Hz) on channel 42
      Warning: No frequencies found for delta (1.0-4.0 Hz) on channel 43
      Warning: No frequencies found for delta (1.0-4.0 Hz) on channel 44
      Warning: No frequencies found for delta (1.0-4.0 Hz) on channel 45
      Warning: No frequencies found for delta (1.0-4.0 Hz) on channel 46
      Warning: No frequencies found for delta (1.0-4.0 Hz) on channel 47
      Warning: No frequencies found for delta (1.0-4.0 Hz) on channel 48
      Warning: No frequencies found for delta (1.0-4.0 Hz) on channel 49
      Warning: No frequencies found for delta (1.0-4.0 Hz) on channel 50
      Warning: No frequencies found for delta (1.0-4.0 Hz) on channel 51
      Warning: No frequencies found for delta (1.0-4.0 Hz) on channel 52
      Warning: No frequencies found for delta (1.0-4.0 Hz) on channel 53
      Warning: No frequencies found for delta (1.0-4.0 Hz) on channel 54
      Warning: No frequencies found for delta (1.0-4.0 Hz) on channel 55
      Warning: No frequencies found for delta (1.0-4.0 Hz) on channel 56
      Warning: No frequencies found for delta (1.0-4.0 Hz) on channel 57
      Warning: No frequencies found for delta (1.0-4.0 Hz) on channel 58
      Warning: No frequencies found for delta (1.0-4.0 Hz) on channel 59
      Warning: No frequencies found for delta (1.0-4.0 Hz) on channel 60
      Warning: No frequencies found for delta (1.0-4.0 Hz) on channel 61
      Warning: No frequencies found for delta (1.0-4.0 Hz) on channel 62
      Warning: No frequencies found for delta (1.0-4.0 Hz) on channel 63
      Warning: No frequencies found for delta (1.0-4.0 Hz) on channel 64
      Warning: No frequencies found for delta (1.0-4.0 Hz) on channel 65
      Warning: No frequencies found for delta (1.0-4.0 Hz) on channel 66
      Warning: No frequencies found for delta (1.0-4.0 Hz) on channel 67
      Warning: No frequencies found for delta (1.0-4.0 Hz) on channel 68
      Warning: No frequencies found for delta (1.0-4.0 Hz) on channel 69
      Warning: No frequencies found for delta (1.0-4.0 Hz) on channel 70
      Warning: No frequencies found for delta (1.0-4.0 Hz) on channel 71
      Warning: No frequencies found for delta (1.0-4.0 Hz) on channel 72
      Warning: No frequencies found for delta (1.0-4.0 Hz) on channel 73
      Warning: No frequencies found for delta (1.0-4.0 Hz) on channel 74
      Warning: No frequencies found for delta (1.0-4.0 Hz) on channel 75
      Warning: No frequencies found for delta (1.0-4.0 Hz) on channel 76
      Warning: No frequencies found for delta (1.0-4.0 Hz) on channel 77
      Warning: No frequencies found for delta (1.0-4.0 Hz) on channel 78
      Warning: No frequencies found for delta (1.0-4.0 Hz) on channel 79
      Warning: No frequencies found for delta (1.0-4.0 Hz) on channel 80
      Warning: No frequencies found for delta (1.0-4.0 Hz) on channel 81
      Warning: No frequencies found for delta (1.0-4.0 Hz) on channel 82
      Warning: No frequencies found for delta (1.0-4.0 Hz) on channel 83
      Warning: No frequencies found for delta (1.0-4.0 Hz) on channel 84
      Warning: No frequencies found for delta (1.0-4.0 Hz) on channel 85
      Warning: No frequencies found for delta (1.0-4.0 Hz) on channel 86
      Warning: No frequencies found for delta (1.0-4.0 Hz) on channel 87
      Warning: No frequencies found for delta (1.0-4.0 Hz) on channel 88
      Warning: No frequencies found for delta (1.0-4.0 Hz) on channel 89
      Warning: No frequencies found for delta (1.0-4.0 Hz) on channel 90
      Warning: No frequencies found for delta (1.0-4.0 Hz) on channel 91
      Warning: No frequencies found for delta (1.0-4.0 Hz) on channel 92
      Warning: No frequencies found for delta (1.0-4.0 Hz) on channel 93
      Warning: No frequencies found for delta (1.0-4.0 Hz) on channel 94
      Warning: No frequencies found for delta (1.0-4.0 Hz) on channel 95
      Warning: No frequencies found for delta (1.0-4.0 Hz) on channel 96
      Warning: No frequencies found for delta (1.0-4.0 Hz) on channel 97
      Warning: No frequencies found for delta (1.0-4.0 Hz) on channel 98
      Warning: No frequencies found for delta (1.0-4.0 Hz) on channel 99
      Warning: No frequencies found for delta (1.0-4.0 Hz) on channel 100
      Warning: No frequencies found for delta (1.0-4.0 Hz) on channel 101
      Warning: No frequencies found for delta (1.0-4.0 Hz) on channel 102
      Warning: No frequencies found for delta (1.0-4.0 Hz) on channel 103
      Warning: No frequencies found for delta (1.0-4.0 Hz) on channel 104
      Warning: No frequencies found for delta (1.0-4.0 Hz) on channel 105
      Warning: No frequencies found for delta (1.0-4.0 Hz) on channel 106
      Warning: No frequencies found for delta (1.0-4.0 Hz) on channel 107
      Warning: No frequencies found for delta (1.0-4.0 Hz) on channel 108
      Warning: No frequencies found for delta (1.0-4.0 Hz) on channel 109
      Warning: No frequencies found for delta (1.0-4.0 Hz) on channel 110
      Warning: No frequencies found for delta (1.0-4.0 Hz) on channel 111
      Warning: No frequencies found for delta (1.0-4.0 Hz) on channel 112
      Warning: No frequencies found for delta (1.0-4.0 Hz) on channel 113
      Warning: No frequencies found for delta (1.0-4.0 Hz) on channel 114
      Warning: No frequencies found for delta (1.0-4.0 Hz) on channel 115
      Warning: No frequencies found for delta (1.0-4.0 Hz) on channel 116
      Warning: No frequencies found for delta (1.0-4.0 Hz) on channel 117
      Warning: No frequencies found for delta (1.0-4.0 Hz) on channel 118
      Warning: No frequencies found for delta (1.0-4.0 Hz) on channel 119
      Warning: No frequencies found for delta (1.0-4.0 Hz) on channel 120
      Warning: No frequencies found for delta (1.0-4.0 Hz) on channel 121
      Warning: No frequencies found for delta (1.0-4.0 Hz) on channel 122
      Warning: No frequencies found for delta (1.0-4.0 Hz) on channel 123
      Warning: No frequencies found for delta (1.0-4.0 Hz) on channel 124
      Warning: No frequencies found for delta (1.0-4.0 Hz) on channel 125
      Warning: No frequencies found for delta (1.0-4.0 Hz) on channel 126
      Warning: No frequencies found for delta (1.0-4.0 Hz) on channel 127
      Warning: No frequencies found for delta (1.0-4.0 Hz) on channel 128
      Warning: No frequencies found for delta (1.0-4.0 Hz) on channel 129
      Warning: No frequencies found for delta (1.0-4.0 Hz) on channel 130
      Warning: No frequencies found for delta (1.0-4.0 Hz) on channel 131
      Warning: No frequencies found for delta (1.0-4.0 Hz) on channel 132
      Warning: No frequencies found for delta (1.0-4.0 Hz) on channel 133
      Warning: No frequencies found for delta (1.0-4.0 Hz) on channel 134
      Warning: No frequencies found for delta (1.0-4.0 Hz) on channel 135
      Warning: No frequencies found for delta (1.0-4.0 Hz) on channel 136
      Warning: No frequencies found for delta (1.0-4.0 Hz) on channel 137
      Warning: No frequencies found for delta (1.0-4.0 Hz) on channel 138
      Warning: No frequencies found for delta (1.0-4.0 Hz) on channel 139
      Warning: No frequencies found for delta (1.0-4.0 Hz) on channel 140
      Warning: No frequencies found for delta (1.0-4.0 Hz) on channel 141
      Warning: No frequencies found for delta (1.0-4.0 Hz) on channel 142
      Warning: No frequencies found for delta (1.0-4.0 Hz) on channel 143
      Warning: No frequencies found for delta (1.0-4.0 Hz) on channel 144
      Warning: No frequencies found for delta (1.0-4.0 Hz) on channel 145
      Warning: No frequencies found for delta (1.0-4.0 Hz) on channel 146
      Warning: No frequencies found for delta (1.0-4.0 Hz) on channel 147
      Warning: No frequencies found for delta (1.0-4.0 Hz) on channel 148
      Warning: No frequencies found for delta (1.0-4.0 Hz) on channel 149
      Warning: No frequencies found for delta (1.0-4.0 Hz) on channel 150
      Warning: No frequencies found for delta (1.0-4.0 Hz) on channel 151
      Warning: No frequencies found for delta (1.0-4.0 Hz) on channel 152
      Warning: No frequencies found for delta (1.0-4.0 Hz) on channel 153
      Warning: No frequencies found for delta (1.0-4.0 Hz) on channel 154
      Warning: No frequencies found for delta (1.0-4.0 Hz) on channel 155
      Warning: No frequencies found for delta (1.0-4.0 Hz) on channel 156
      Warning: No frequencies found for delta (1.0-4.0 Hz) on channel 157
      Warning: No frequencies found for delta (1.0-4.0 Hz) on channel 158
      Warning: No frequencies found for delta (1.0-4.0 Hz) on channel 159
      Warning: No frequencies found for delta (1.0-4.0 Hz) on channel 160
      Warning: No frequencies found for delta (1.0-4.0 Hz) on channel 161
      Warning: No frequencies found for delta (1.0-4.0 Hz) on channel 162
      Warning: No frequencies found for delta (1.0-4.0 Hz) on channel 163
      Warning: No frequencies found for delta (1.0-4.0 Hz) on channel 164
    Chunk 36/120 (30.0%)      Warning: No frequencies found for delta (1.0-4.0 Hz) on channel 0
      Warning: No frequencies found for delta (1.0-4.0 Hz) on channel 1
      Warning: No frequencies found for delta (1.0-4.0 Hz) on channel 2
      Warning: No frequencies found for delta (1.0-4.0 Hz) on channel 3
      Warning: No frequencies found for delta (1.0-4.0 Hz) on channel 4
      Warning: No frequencies found for delta (1.0-4.0 Hz) on channel 5
      Warning: No frequencies found for delta (1.0-4.0 Hz) on channel 6
      Warning: No frequencies found for delta (1.0-4.0 Hz) on channel 7
      Warning: No frequencies found for delta (1.0-4.0 Hz) on channel 8
      Warning: No frequencies found for delta (1.0-4.0 Hz) on channel 9
      Warning: No frequencies found for delta (1.0-4.0 Hz) on channel 10
      Warning: No frequencies found for delta (1.0-4.0 Hz) on channel 11
      Warning: No frequencies found for delta (1.0-4.0 Hz) on channel 12
      Warning: No frequencies found for delta (1.0-4.0 Hz) on channel 13
      Warning: No frequencies found for delta (1.0-4.0 Hz) on channel 14
      Warning: No frequencies found for delta (1.0-4.0 Hz) on channel 15
      Warning: No frequencies found for delta (1.0-4.0 Hz) on channel 16
      Warning: No frequencies found for delta (1.0-4.0 Hz) on channel 17
      Warning: No frequencies found for delta (1.0-4.0 Hz) on channel 18
      Warning: No frequencies found for delta (1.0-4.0 Hz) on channel 19
      Warning: No frequencies found for delta (1.0-4.0 Hz) on channel 20
      Warning: No frequencies found for delta (1.0-4.0 Hz) on channel 21
      Warning: No frequencies found for delta (1.0-4.0 Hz) on channel 22
      Warning: No frequencies found for delta (1.0-4.0 Hz) on channel 23
      Warning: No frequencies found for delta (1.0-4.0 Hz) on channel 24
      Warning: No frequencies found for delta (1.0-4.0 Hz) on channel 25
      Warning: No frequencies found for delta (1.0-4.0 Hz) on channel 26
      Warning: No frequencies found for delta (1.0-4.0 Hz) on channel 27
      Warning: No frequencies found for delta (1.0-4.0 Hz) on channel 28
      Warning: No frequencies found for delta (1.0-4.0 Hz) on channel 29
      Warning: No frequencies found for delta (1.0-4.0 Hz) on channel 30
      Warning: No frequencies found for delta (1.0-4.0 Hz) on channel 31
      Warning: No frequencies found for delta (1.0-4.0 Hz) on channel 32
      Warning: No frequencies found for delta (1.0-4.0 Hz) on channel 33
      Warning: No frequencies found for delta (1.0-4.0 Hz) on channel 34
      Warning: No frequencies found for delta (1.0-4.0 Hz) on channel 35
      Warning: No frequencies found for delta (1.0-4.0 Hz) on channel 36
      Warning: No frequencies found for delta (1.0-4.0 Hz) on channel 37
      Warning: No frequencies found for delta (1.0-4.0 Hz) on channel 38
      Warning: No frequencies found for delta (1.0-4.0 Hz) on channel 39
      Warning: No frequencies found for delta (1.0-4.0 Hz) on channel 40
      Warning: No frequencies found for delta (1.0-4.0 Hz) on channel 41
      Warning: No frequencies found for delta (1.0-4.0 Hz) on channel 42
      Warning: No frequencies found for delta (1.0-4.0 Hz) on channel 43
      Warning: No frequencies found for delta (1.0-4.0 Hz) on channel 44
      Warning: No frequencies found for delta (1.0-4.0 Hz) on channel 45
      Warning: No frequencies found for delta (1.0-4.0 Hz) on channel 46
      Warning: No frequencies found for delta (1.0-4.0 Hz) on channel 47
      Warning: No frequencies found for delta (1.0-4.0 Hz) on channel 48
      Warning: No frequencies found for delta (1.0-4.0 Hz) on channel 49
      Warning: No frequencies found for delta (1.0-4.0 Hz) on channel 50
      Warning: No frequencies found for delta (1.0-4.0 Hz) on channel 51
      Warning: No frequencies found for delta (1.0-4.0 Hz) on channel 52
      Warning: No frequencies found for delta (1.0-4.0 Hz) on channel 53
      Warning: No frequencies found for delta (1.0-4.0 Hz) on channel 54
      Warning: No frequencies found for delta (1.0-4.0 Hz) on channel 55
      Warning: No frequencies found for delta (1.0-4.0 Hz) on channel 56
      Warning: No frequencies found for delta (1.0-4.0 Hz) on channel 57
      Warning: No frequencies found for delta (1.0-4.0 Hz) on channel 58
      Warning: No frequencies found for delta (1.0-4.0 Hz) on channel 59
      Warning: No frequencies found for delta (1.0-4.0 Hz) on channel 60
      Warning: No frequencies found for delta (1.0-4.0 Hz) on channel 61
      Warning: No frequencies found for delta (1.0-4.0 Hz) on channel 62
      Warning: No frequencies found for delta (1.0-4.0 Hz) on channel 63
      Warning: No frequencies found for delta (1.0-4.0 Hz) on channel 64
      Warning: No frequencies found for delta (1.0-4.0 Hz) on channel 65
      Warning: No frequencies found for delta (1.0-4.0 Hz) on channel 66
      Warning: No frequencies found for delta (1.0-4.0 Hz) on channel 67
      Warning: No frequencies found for delta (1.0-4.0 Hz) on channel 68
      Warning: No frequencies found for delta (1.0-4.0 Hz) on channel 69
      Warning: No frequencies found for delta (1.0-4.0 Hz) on channel 70
      Warning: No frequencies found for delta (1.0-4.0 Hz) on channel 71
      Warning: No frequencies found for delta (1.0-4.0 Hz) on channel 72
      Warning: No frequencies found for delta (1.0-4.0 Hz) on channel 73
      Warning: No frequencies found for delta (1.0-4.0 Hz) on channel 74
      Warning: No frequencies found for delta (1.0-4.0 Hz) on channel 75
      Warning: No frequencies found for delta (1.0-4.0 Hz) on channel 76
      Warning: No frequencies found for delta (1.0-4.0 Hz) on channel 77
      Warning: No frequencies found for delta (1.0-4.0 Hz) on channel 78
      Warning: No frequencies found for delta (1.0-4.0 Hz) on channel 79
      Warning: No frequencies found for delta (1.0-4.0 Hz) on channel 80
      Warning: No frequencies found for delta (1.0-4.0 Hz) on channel 81
      Warning: No frequencies found for delta (1.0-4.0 Hz) on channel 82
      Warning: No frequencies found for delta (1.0-4.0 Hz) on channel 83
      Warning: No frequencies found for delta (1.0-4.0 Hz) on channel 84
      Warning: No frequencies found for delta (1.0-4.0 Hz) on channel 85
      Warning: No frequencies found for delta (1.0-4.0 Hz) on channel 86
      Warning: No frequencies found for delta (1.0-4.0 Hz) on channel 87
      Warning: No frequencies found for delta (1.0-4.0 Hz) on channel 88
      Warning: No frequencies found for delta (1.0-4.0 Hz) on channel 89
      Warning: No frequencies found for delta (1.0-4.0 Hz) on channel 90
      Warning: No frequencies found for delta (1.0-4.0 Hz) on channel 91
      Warning: No frequencies found for delta (1.0-4.0 Hz) on channel 92
      Warning: No frequencies found for delta (1.0-4.0 Hz) on channel 93
      Warning: No frequencies found for delta (1.0-4.0 Hz) on channel 94
      Warning: No frequencies found for delta (1.0-4.0 Hz) on channel 95
      Warning: No frequencies found for delta (1.0-4.0 Hz) on channel 96
      Warning: No frequencies found for delta (1.0-4.0 Hz) on channel 97
      Warning: No frequencies found for delta (1.0-4.0 Hz) on channel 98
      Warning: No frequencies found for delta (1.0-4.0 Hz) on channel 99
      Warning: No frequencies found for delta (1.0-4.0 Hz) on channel 100
      Warning: No frequencies found for delta (1.0-4.0 Hz) on channel 101
      Warning: No frequencies found for delta (1.0-4.0 Hz) on channel 102
      Warning: No frequencies found for delta (1.0-4.0 Hz) on channel 103
      Warning: No frequencies found for delta (1.0-4.0 Hz) on channel 104
      Warning: No frequencies found for delta (1.0-4.0 Hz) on channel 105
      Warning: No frequencies found for delta (1.0-4.0 Hz) on channel 106
      Warning: No frequencies found for delta (1.0-4.0 Hz) on channel 107
      Warning: No frequencies found for delta (1.0-4.0 Hz) on channel 108
      Warning: No frequencies found for delta (1.0-4.0 Hz) on channel 109
      Warning: No frequencies found for delta (1.0-4.0 Hz) on channel 110
      Warning: No frequencies found for delta (1.0-4.0 Hz) on channel 111
      Warning: No frequencies found for delta (1.0-4.0 Hz) on channel 112
      Warning: No frequencies found for delta (1.0-4.0 Hz) on channel 113
      Warning: No frequencies found for delta (1.0-4.0 Hz) on channel 114
      Warning: No frequencies found for delta (1.0-4.0 Hz) on channel 115
      Warning: No frequencies found for delta (1.0-4.0 Hz) on channel 116
      Warning: No frequencies found for delta (1.0-4.0 Hz) on channel 117
      Warning: No frequencies found for delta (1.0-4.0 Hz) on channel 118
      Warning: No frequencies found for delta (1.0-4.0 Hz) on channel 119
      Warning: No frequencies found for delta (1.0-4.0 Hz) on channel 120
      Warning: No frequencies found for delta (1.0-4.0 Hz) on channel 121
      Warning: No frequencies found for delta (1.0-4.0 Hz) on channel 122
      Warning: No frequencies found for delta (1.0-4.0 Hz) on channel 123
      Warning: No frequencies found for delta (1.0-4.0 Hz) on channel 124
      Warning: No frequencies found for delta (1.0-4.0 Hz) on channel 125
      Warning: No frequencies found for delta (1.0-4.0 Hz) on channel 126
      Warning: No frequencies found for delta (1.0-4.0 Hz) on channel 127
      Warning: No frequencies found for delta (1.0-4.0 Hz) on channel 128
      Warning: No frequencies found for delta (1.0-4.0 Hz) on channel 129
      Warning: No frequencies found for delta (1.0-4.0 Hz) on channel 130
      Warning: No frequencies found for delta (1.0-4.0 Hz) on channel 131
      Warning: No frequencies found for delta (1.0-4.0 Hz) on channel 132
      Warning: No frequencies found for delta (1.0-4.0 Hz) on channel 133
      Warning: No frequencies found for delta (1.0-4.0 Hz) on channel 134
      Warning: No frequencies found for delta (1.0-4.0 Hz) on channel 135
      Warning: No frequencies found for delta (1.0-4.0 Hz) on channel 136
      Warning: No frequencies found for delta (1.0-4.0 Hz) on channel 137
      Warning: No frequencies found for delta (1.0-4.0 Hz) on channel 138
      Warning: No frequencies found for delta (1.0-4.0 Hz) on channel 139
      Warning: No frequencies found for delta (1.0-4.0 Hz) on channel 140
      Warning: No frequencies found for delta (1.0-4.0 Hz) on channel 141
      Warning: No frequencies found for delta (1.0-4.0 Hz) on channel 142
      Warning: No frequencies found for delta (1.0-4.0 Hz) on channel 143
      Warning: No frequencies found for delta (1.0-4.0 Hz) on channel 144
      Warning: No frequencies found for delta (1.0-4.0 Hz) on channel 145
      Warning: No frequencies found for delta (1.0-4.0 Hz) on channel 146
      Warning: No frequencies found for delta (1.0-4.0 Hz) on channel 147
      Warning: No frequencies found for delta (1.0-4.0 Hz) on channel 148
      Warning: No frequencies found for delta (1.0-4.0 Hz) on channel 149
      Warning: No frequencies found for delta (1.0-4.0 Hz) on channel 150
      Warning: No frequencies found for delta (1.0-4.0 Hz) on channel 151
      Warning: No frequencies found for delta (1.0-4.0 Hz) on channel 152
      Warning: No frequencies found for delta (1.0-4.0 Hz) on channel 153
      Warning: No frequencies found for delta (1.0-4.0 Hz) on channel 154
      Warning: No frequencies found for delta (1.0-4.0 Hz) on channel 155
      Warning: No frequencies found for delta (1.0-4.0 Hz) on channel 156
      Warning: No frequencies found for delta (1.0-4.0 Hz) on channel 157
      Warning: No frequencies found for delta (1.0-4.0 Hz) on channel 158
      Warning: No frequencies found for delta (1.0-4.0 Hz) on channel 159
      Warning: No frequencies found for delta (1.0-4.0 Hz) on channel 160
      Warning: No frequencies found for delta (1.0-4.0 Hz) on channel 161
      Warning: No frequencies found for delta (1.0-4.0 Hz) on channel 162
      Warning: No frequencies found for delta (1.0-4.0 Hz) on channel 163
      Warning: No frequencies found for delta (1.0-4.0 Hz) on channel 164
    Chunk 37/120 (30.8%)      Warning: No frequencies found for delta (1.0-4.0 Hz) on channel 0
      Warning: No frequencies found for delta (1.0-4.0 Hz) on channel 1
      Warning: No frequencies found for delta (1.0-4.0 Hz) on channel 2
      Warning: No frequencies found for delta (1.0-4.0 Hz) on channel 3
      Warning: No frequencies found for delta (1.0-4.0 Hz) on channel 4
      Warning: No frequencies found for delta (1.0-4.0 Hz) on channel 5
      Warning: No frequencies found for delta (1.0-4.0 Hz) on channel 6
      Warning: No frequencies found for delta (1.0-4.0 Hz) on channel 7
      Warning: No frequencies found for delta (1.0-4.0 Hz) on channel 8
      Warning: No frequencies found for delta (1.0-4.0 Hz) on channel 9
      Warning: No frequencies found for delta (1.0-4.0 Hz) on channel 10
      Warning: No frequencies found for delta (1.0-4.0 Hz) on channel 11
      Warning: No frequencies found for delta (1.0-4.0 Hz) on channel 12
      Warning: No frequencies found for delta (1.0-4.0 Hz) on channel 13
      Warning: No frequencies found for delta (1.0-4.0 Hz) on channel 14
      Warning: No frequencies found for delta (1.0-4.0 Hz) on channel 15
      Warning: No frequencies found for delta (1.0-4.0 Hz) on channel 16
      Warning: No frequencies found for delta (1.0-4.0 Hz) on channel 17
      Warning: No frequencies found for delta (1.0-4.0 Hz) on channel 18
      Warning: No frequencies found for delta (1.0-4.0 Hz) on channel 19
      Warning: No frequencies found for delta (1.0-4.0 Hz) on channel 20
      Warning: No frequencies found for delta (1.0-4.0 Hz) on channel 21
      Warning: No frequencies found for delta (1.0-4.0 Hz) on channel 22
      Warning: No frequencies found for delta (1.0-4.0 Hz) on channel 23
      Warning: No frequencies found for delta (1.0-4.0 Hz) on channel 24
      Warning: No frequencies found for delta (1.0-4.0 Hz) on channel 25
      Warning: No frequencies found for delta (1.0-4.0 Hz) on channel 26
      Warning: No frequencies found for delta (1.0-4.0 Hz) on channel 27
      Warning: No frequencies found for delta (1.0-4.0 Hz) on channel 28
      Warning: No frequencies found for delta (1.0-4.0 Hz) on channel 29
      Warning: No frequencies found for delta (1.0-4.0 Hz) on channel 30
      Warning: No frequencies found for delta (1.0-4.0 Hz) on channel 31
      Warning: No frequencies found for delta (1.0-4.0 Hz) on channel 32
      Warning: No frequencies found for delta (1.0-4.0 Hz) on channel 33
      Warning: No frequencies found for delta (1.0-4.0 Hz) on channel 34
      Warning: No frequencies found for delta (1.0-4.0 Hz) on channel 35
      Warning: No frequencies found for delta (1.0-4.0 Hz) on channel 36
      Warning: No frequencies found for delta (1.0-4.0 Hz) on channel 37
      Warning: No frequencies found for delta (1.0-4.0 Hz) on channel 38
      Warning: No frequencies found for delta (1.0-4.0 Hz) on channel 39
      Warning: No frequencies found for delta (1.0-4.0 Hz) on channel 40
      Warning: No frequencies found for delta (1.0-4.0 Hz) on channel 41
      Warning: No frequencies found for delta (1.0-4.0 Hz) on channel 42
      Warning: No frequencies found for delta (1.0-4.0 Hz) on channel 43
      Warning: No frequencies found for delta (1.0-4.0 Hz) on channel 44
      Warning: No frequencies found for delta (1.0-4.0 Hz) on channel 45
      Warning: No frequencies found for delta (1.0-4.0 Hz) on channel 46
      Warning: No frequencies found for delta (1.0-4.0 Hz) on channel 47
      Warning: No frequencies found for delta (1.0-4.0 Hz) on channel 48
      Warning: No frequencies found for delta (1.0-4.0 Hz) on channel 49
      Warning: No frequencies found for delta (1.0-4.0 Hz) on channel 50
      Warning: No frequencies found for delta (1.0-4.0 Hz) on channel 51
      Warning: No frequencies found for delta (1.0-4.0 Hz) on channel 52
      Warning: No frequencies found for delta (1.0-4.0 Hz) on channel 53
      Warning: No frequencies found for delta (1.0-4.0 Hz) on channel 54
      Warning: No frequencies found for delta (1.0-4.0 Hz) on channel 55
      Warning: No frequencies found for delta (1.0-4.0 Hz) on channel 56
      Warning: No frequencies found for delta (1.0-4.0 Hz) on channel 57
      Warning: No frequencies found for delta (1.0-4.0 Hz) on channel 58
      Warning: No frequencies found for delta (1.0-4.0 Hz) on channel 59
      Warning: No frequencies found for delta (1.0-4.0 Hz) on channel 60
      Warning: No frequencies found for delta (1.0-4.0 Hz) on channel 61
      Warning: No frequencies found for delta (1.0-4.0 Hz) on channel 62
      Warning: No frequencies found for delta (1.0-4.0 Hz) on channel 63
      Warning: No frequencies found for delta (1.0-4.0 Hz) on channel 64
      Warning: No frequencies found for delta (1.0-4.0 Hz) on channel 65
      Warning: No frequencies found for delta (1.0-4.0 Hz) on channel 66
      Warning: No frequencies found for delta (1.0-4.0 Hz) on channel 67
      Warning: No frequencies found for delta (1.0-4.0 Hz) on channel 68
      Warning: No frequencies found for delta (1.0-4.0 Hz) on channel 69
      Warning: No frequencies found for delta (1.0-4.0 Hz) on channel 70
      Warning: No frequencies found for delta (1.0-4.0 Hz) on channel 71
      Warning: No frequencies found for delta (1.0-4.0 Hz) on channel 72
      Warning: No frequencies found for delta (1.0-4.0 Hz) on channel 73
      Warning: No frequencies found for delta (1.0-4.0 Hz) on channel 74
      Warning: No frequencies found for delta (1.0-4.0 Hz) on channel 75
      Warning: No frequencies found for delta (1.0-4.0 Hz) on channel 76
      Warning: No frequencies found for delta (1.0-4.0 Hz) on channel 77
      Warning: No frequencies found for delta (1.0-4.0 Hz) on channel 78
      Warning: No frequencies found for delta (1.0-4.0 Hz) on channel 79
      Warning: No frequencies found for delta (1.0-4.0 Hz) on channel 80
      Warning: No frequencies found for delta (1.0-4.0 Hz) on channel 81
      Warning: No frequencies found for delta (1.0-4.0 Hz) on channel 82
      Warning: No frequencies found for delta (1.0-4.0 Hz) on channel 83
      Warning: No frequencies found for delta (1.0-4.0 Hz) on channel 84
      Warning: No frequencies found for delta (1.0-4.0 Hz) on channel 85
      Warning: No frequencies found for delta (1.0-4.0 Hz) on channel 86
      Warning: No frequencies found for delta (1.0-4.0 Hz) on channel 87
      Warning: No frequencies found for delta (1.0-4.0 Hz) on channel 88
      Warning: No frequencies found for delta (1.0-4.0 Hz) on channel 89
      Warning: No frequencies found for delta (1.0-4.0 Hz) on channel 90
      Warning: No frequencies found for delta (1.0-4.0 Hz) on channel 91
      Warning: No frequencies found for delta (1.0-4.0 Hz) on channel 92
      Warning: No frequencies found for delta (1.0-4.0 Hz) on channel 93
      Warning: No frequencies found for delta (1.0-4.0 Hz) on channel 94
      Warning: No frequencies found for delta (1.0-4.0 Hz) on channel 95
      Warning: No frequencies found for delta (1.0-4.0 Hz) on channel 96
      Warning: No frequencies found for delta (1.0-4.0 Hz) on channel 97
      Warning: No frequencies found for delta (1.0-4.0 Hz) on channel 98
      Warning: No frequencies found for delta (1.0-4.0 Hz) on channel 99
      Warning: No frequencies found for delta (1.0-4.0 Hz) on channel 100
      Warning: No frequencies found for delta (1.0-4.0 Hz) on channel 101
      Warning: No frequencies found for delta (1.0-4.0 Hz) on channel 102
      Warning: No frequencies found for delta (1.0-4.0 Hz) on channel 103
      Warning: No frequencies found for delta (1.0-4.0 Hz) on channel 104
      Warning: No frequencies found for delta (1.0-4.0 Hz) on channel 105
      Warning: No frequencies found for delta (1.0-4.0 Hz) on channel 106
      Warning: No frequencies found for delta (1.0-4.0 Hz) on channel 107
      Warning: No frequencies found for delta (1.0-4.0 Hz) on channel 108
      Warning: No frequencies found for delta (1.0-4.0 Hz) on channel 109
      Warning: No frequencies found for delta (1.0-4.0 Hz) on channel 110
      Warning: No frequencies found for delta (1.0-4.0 Hz) on channel 111
      Warning: No frequencies found for delta (1.0-4.0 Hz) on channel 112
      Warning: No frequencies found for delta (1.0-4.0 Hz) on channel 113
      Warning: No frequencies found for delta (1.0-4.0 Hz) on channel 114
      Warning: No frequencies found for delta (1.0-4.0 Hz) on channel 115
      Warning: No frequencies found for delta (1.0-4.0 Hz) on channel 116
      Warning: No frequencies found for delta (1.0-4.0 Hz) on channel 117
      Warning: No frequencies found for delta (1.0-4.0 Hz) on channel 118
      Warning: No frequencies found for delta (1.0-4.0 Hz) on channel 119
      Warning: No frequencies found for delta (1.0-4.0 Hz) on channel 120
      Warning: No frequencies found for delta (1.0-4.0 Hz) on channel 121
      Warning: No frequencies found for delta (1.0-4.0 Hz) on channel 122
      Warning: No frequencies found for delta (1.0-4.0 Hz) on channel 123
      Warning: No frequencies found for delta (1.0-4.0 Hz) on channel 124
      Warning: No frequencies found for delta (1.0-4.0 Hz) on channel 125
      Warning: No frequencies found for delta (1.0-4.0 Hz) on channel 126
      Warning: No frequencies found for delta (1.0-4.0 Hz) on channel 127
      Warning: No frequencies found for delta (1.0-4.0 Hz) on channel 128
      Warning: No frequencies found for delta (1.0-4.0 Hz) on channel 129
      Warning: No frequencies found for delta (1.0-4.0 Hz) on channel 130
      Warning: No frequencies found for delta (1.0-4.0 Hz) on channel 131
      Warning: No frequencies found for delta (1.0-4.0 Hz) on channel 132
      Warning: No frequencies found for delta (1.0-4.0 Hz) on channel 133
      Warning: No frequencies found for delta (1.0-4.0 Hz) on channel 134
      Warning: No frequencies found for delta (1.0-4.0 Hz) on channel 135
      Warning: No frequencies found for delta (1.0-4.0 Hz) on channel 136
      Warning: No frequencies found for delta (1.0-4.0 Hz) on channel 137
      Warning: No frequencies found for delta (1.0-4.0 Hz) on channel 138
      Warning: No frequencies found for delta (1.0-4.0 Hz) on channel 139
      Warning: No frequencies found for delta (1.0-4.0 Hz) on channel 140
      Warning: No frequencies found for delta (1.0-4.0 Hz) on channel 141
      Warning: No frequencies found for delta (1.0-4.0 Hz) on channel 142
      Warning: No frequencies found for delta (1.0-4.0 Hz) on channel 143
      Warning: No frequencies found for delta (1.0-4.0 Hz) on channel 144
      Warning: No frequencies found for delta (1.0-4.0 Hz) on channel 145
      Warning: No frequencies found for delta (1.0-4.0 Hz) on channel 146
      Warning: No frequencies found for delta (1.0-4.0 Hz) on channel 147
      Warning: No frequencies found for delta (1.0-4.0 Hz) on channel 148
      Warning: No frequencies found for delta (1.0-4.0 Hz) on channel 149
      Warning: No frequencies found for delta (1.0-4.0 Hz) on channel 150
      Warning: No frequencies found for delta (1.0-4.0 Hz) on channel 151
      Warning: No frequencies found for delta (1.0-4.0 Hz) on channel 152
      Warning: No frequencies found for delta (1.0-4.0 Hz) on channel 153
      Warning: No frequencies found for delta (1.0-4.0 Hz) on channel 154
      Warning: No frequencies found for delta (1.0-4.0 Hz) on channel 155
      Warning: No frequencies found for delta (1.0-4.0 Hz) on channel 156
      Warning: No frequencies found for delta (1.0-4.0 Hz) on channel 157
      Warning: No frequencies found for delta (1.0-4.0 Hz) on channel 158
      Warning: No frequencies found for delta (1.0-4.0 Hz) on channel 159
      Warning: No frequencies found for delta (1.0-4.0 Hz) on channel 160
      Warning: No frequencies found for delta (1.0-4.0 Hz) on channel 161
      Warning: No frequencies found for delta (1.0-4.0 Hz) on channel 162
      Warning: No frequencies found for delta (1.0-4.0 Hz) on channel 163
      Warning: No frequencies found for delta (1.0-4.0 Hz) on channel 164
    Chunk 38/120 (31.7%)      Warning: No frequencies found for delta (1.0-4.0 Hz) on channel 0
      Warning: No frequencies found for delta (1.0-4.0 Hz) on channel 1
      Warning: No frequencies found for delta (1.0-4.0 Hz) on channel 2
      Warning: No frequencies found for delta (1.0-4.0 Hz) on channel 3
      Warning: No frequencies found for delta (1.0-4.0 Hz) on channel 4
      Warning: No frequencies found for delta (1.0-4.0 Hz) on channel 5
      Warning: No frequencies found for delta (1.0-4.0 Hz) on channel 6
      Warning: No frequencies found for delta (1.0-4.0 Hz) on channel 7
      Warning: No frequencies found for delta (1.0-4.0 Hz) on channel 8
      Warning: No frequencies found for delta (1.0-4.0 Hz) on channel 9
      Warning: No frequencies found for delta (1.0-4.0 Hz) on channel 10
      Warning: No frequencies found for delta (1.0-4.0 Hz) on channel 11
      Warning: No frequencies found for delta (1.0-4.0 Hz) on channel 12
      Warning: No frequencies found for delta (1.0-4.0 Hz) on channel 13
      Warning: No frequencies found for delta (1.0-4.0 Hz) on channel 14
      Warning: No frequencies found for delta (1.0-4.0 Hz) on channel 15
      Warning: No frequencies found for delta (1.0-4.0 Hz) on channel 16
      Warning: No frequencies found for delta (1.0-4.0 Hz) on channel 17
      Warning: No frequencies found for delta (1.0-4.0 Hz) on channel 18
      Warning: No frequencies found for delta (1.0-4.0 Hz) on channel 19
      Warning: No frequencies found for delta (1.0-4.0 Hz) on channel 20
      Warning: No frequencies found for delta (1.0-4.0 Hz) on channel 21
      Warning: No frequencies found for delta (1.0-4.0 Hz) on channel 22
      Warning: No frequencies found for delta (1.0-4.0 Hz) on channel 23
      Warning: No frequencies found for delta (1.0-4.0 Hz) on channel 24
      Warning: No frequencies found for delta (1.0-4.0 Hz) on channel 25
      Warning: No frequencies found for delta (1.0-4.0 Hz) on channel 26
      Warning: No frequencies found for delta (1.0-4.0 Hz) on channel 27
      Warning: No frequencies found for delta (1.0-4.0 Hz) on channel 28
      Warning: No frequencies found for delta (1.0-4.0 Hz) on channel 29
      Warning: No frequencies found for delta (1.0-4.0 Hz) on channel 30
      Warning: No frequencies found for delta (1.0-4.0 Hz) on channel 31
      Warning: No frequencies found for delta (1.0-4.0 Hz) on channel 32
      Warning: No frequencies found for delta (1.0-4.0 Hz) on channel 33
      Warning: No frequencies found for delta (1.0-4.0 Hz) on channel 34
      Warning: No frequencies found for delta (1.0-4.0 Hz) on channel 35
      Warning: No frequencies found for delta (1.0-4.0 Hz) on channel 36
      Warning: No frequencies found for delta (1.0-4.0 Hz) on channel 37
      Warning: No frequencies found for delta (1.0-4.0 Hz) on channel 38
      Warning: No frequencies found for delta (1.0-4.0 Hz) on channel 39
      Warning: No frequencies found for delta (1.0-4.0 Hz) on channel 40
      Warning: No frequencies found for delta (1.0-4.0 Hz) on channel 41
      Warning: No frequencies found for delta (1.0-4.0 Hz) on channel 42
      Warning: No frequencies found for delta (1.0-4.0 Hz) on channel 43
      Warning: No frequencies found for delta (1.0-4.0 Hz) on channel 44
      Warning: No frequencies found for delta (1.0-4.0 Hz) on channel 45
      Warning: No frequencies found for delta (1.0-4.0 Hz) on channel 46
      Warning: No frequencies found for delta (1.0-4.0 Hz) on channel 47
      Warning: No frequencies found for delta (1.0-4.0 Hz) on channel 48
      Warning: No frequencies found for delta (1.0-4.0 Hz) on channel 49
      Warning: No frequencies found for delta (1.0-4.0 Hz) on channel 50
      Warning: No frequencies found for delta (1.0-4.0 Hz) on channel 51
      Warning: No frequencies found for delta (1.0-4.0 Hz) on channel 52
      Warning: No frequencies found for delta (1.0-4.0 Hz) on channel 53
      Warning: No frequencies found for delta (1.0-4.0 Hz) on channel 54
      Warning: No frequencies found for delta (1.0-4.0 Hz) on channel 55
      Warning: No frequencies found for delta (1.0-4.0 Hz) on channel 56
      Warning: No frequencies found for delta (1.0-4.0 Hz) on channel 57
      Warning: No frequencies found for delta (1.0-4.0 Hz) on channel 58
      Warning: No frequencies found for delta (1.0-4.0 Hz) on channel 59
      Warning: No frequencies found for delta (1.0-4.0 Hz) on channel 60
      Warning: No frequencies found for delta (1.0-4.0 Hz) on channel 61
      Warning: No frequencies found for delta (1.0-4.0 Hz) on channel 62
      Warning: No frequencies found for delta (1.0-4.0 Hz) on channel 63
      Warning: No frequencies found for delta (1.0-4.0 Hz) on channel 64
      Warning: No frequencies found for delta (1.0-4.0 Hz) on channel 65
      Warning: No frequencies found for delta (1.0-4.0 Hz) on channel 66
      Warning: No frequencies found for delta (1.0-4.0 Hz) on channel 67
      Warning: No frequencies found for delta (1.0-4.0 Hz) on channel 68
      Warning: No frequencies found for delta (1.0-4.0 Hz) on channel 69
      Warning: No frequencies found for delta (1.0-4.0 Hz) on channel 70
      Warning: No frequencies found for delta (1.0-4.0 Hz) on channel 71
      Warning: No frequencies found for delta (1.0-4.0 Hz) on channel 72
      Warning: No frequencies found for delta (1.0-4.0 Hz) on channel 73
      Warning: No frequencies found for delta (1.0-4.0 Hz) on channel 74
      Warning: No frequencies found for delta (1.0-4.0 Hz) on channel 75
      Warning: No frequencies found for delta (1.0-4.0 Hz) on channel 76
      Warning: No frequencies found for delta (1.0-4.0 Hz) on channel 77
      Warning: No frequencies found for delta (1.0-4.0 Hz) on channel 78
      Warning: No frequencies found for delta (1.0-4.0 Hz) on channel 79
      Warning: No frequencies found for delta (1.0-4.0 Hz) on channel 80
      Warning: No frequencies found for delta (1.0-4.0 Hz) on channel 81
      Warning: No frequencies found for delta (1.0-4.0 Hz) on channel 82
      Warning: No frequencies found for delta (1.0-4.0 Hz) on channel 83
      Warning: No frequencies found for delta (1.0-4.0 Hz) on channel 84
      Warning: No frequencies found for delta (1.0-4.0 Hz) on channel 85
      Warning: No frequencies found for delta (1.0-4.0 Hz) on channel 86
      Warning: No frequencies found for delta (1.0-4.0 Hz) on channel 87
      Warning: No frequencies found for delta (1.0-4.0 Hz) on channel 88
      Warning: No frequencies found for delta (1.0-4.0 Hz) on channel 89
      Warning: No frequencies found for delta (1.0-4.0 Hz) on channel 90
      Warning: No frequencies found for delta (1.0-4.0 Hz) on channel 91
      Warning: No frequencies found for delta (1.0-4.0 Hz) on channel 92
      Warning: No frequencies found for delta (1.0-4.0 Hz) on channel 93
      Warning: No frequencies found for delta (1.0-4.0 Hz) on channel 94
      Warning: No frequencies found for delta (1.0-4.0 Hz) on channel 95
      Warning: No frequencies found for delta (1.0-4.0 Hz) on channel 96
      Warning: No frequencies found for delta (1.0-4.0 Hz) on channel 97
      Warning: No frequencies found for delta (1.0-4.0 Hz) on channel 98
      Warning: No frequencies found for delta (1.0-4.0 Hz) on channel 99
      Warning: No frequencies found for delta (1.0-4.0 Hz) on channel 100
      Warning: No frequencies found for delta (1.0-4.0 Hz) on channel 101
      Warning: No frequencies found for delta (1.0-4.0 Hz) on channel 102
      Warning: No frequencies found for delta (1.0-4.0 Hz) on channel 103
      Warning: No frequencies found for delta (1.0-4.0 Hz) on channel 104
      Warning: No frequencies found for delta (1.0-4.0 Hz) on channel 105
      Warning: No frequencies found for delta (1.0-4.0 Hz) on channel 106
      Warning: No frequencies found for delta (1.0-4.0 Hz) on channel 107
      Warning: No frequencies found for delta (1.0-4.0 Hz) on channel 108
      Warning: No frequencies found for delta (1.0-4.0 Hz) on channel 109
      Warning: No frequencies found for delta (1.0-4.0 Hz) on channel 110
      Warning: No frequencies found for delta (1.0-4.0 Hz) on channel 111
      Warning: No frequencies found for delta (1.0-4.0 Hz) on channel 112
      Warning: No frequencies found for delta (1.0-4.0 Hz) on channel 113
      Warning: No frequencies found for delta (1.0-4.0 Hz) on channel 114
      Warning: No frequencies found for delta (1.0-4.0 Hz) on channel 115
      Warning: No frequencies found for delta (1.0-4.0 Hz) on channel 116
      Warning: No frequencies found for delta (1.0-4.0 Hz) on channel 117
      Warning: No frequencies found for delta (1.0-4.0 Hz) on channel 118
      Warning: No frequencies found for delta (1.0-4.0 Hz) on channel 119
      Warning: No frequencies found for delta (1.0-4.0 Hz) on channel 120
      Warning: No frequencies found for delta (1.0-4.0 Hz) on channel 121
      Warning: No frequencies found for delta (1.0-4.0 Hz) on channel 122
      Warning: No frequencies found for delta (1.0-4.0 Hz) on channel 123
      Warning: No frequencies found for delta (1.0-4.0 Hz) on channel 124
      Warning: No frequencies found for delta (1.0-4.0 Hz) on channel 125
      Warning: No frequencies found for delta (1.0-4.0 Hz) on channel 126
      Warning: No frequencies found for delta (1.0-4.0 Hz) on channel 127
      Warning: No frequencies found for delta (1.0-4.0 Hz) on channel 128
      Warning: No frequencies found for delta (1.0-4.0 Hz) on channel 129
      Warning: No frequencies found for delta (1.0-4.0 Hz) on channel 130
      Warning: No frequencies found for delta (1.0-4.0 Hz) on channel 131
      Warning: No frequencies found for delta (1.0-4.0 Hz) on channel 132
      Warning: No frequencies found for delta (1.0-4.0 Hz) on channel 133
      Warning: No frequencies found for delta (1.0-4.0 Hz) on channel 134
      Warning: No frequencies found for delta (1.0-4.0 Hz) on channel 135
      Warning: No frequencies found for delta (1.0-4.0 Hz) on channel 136
      Warning: No frequencies found for delta (1.0-4.0 Hz) on channel 137
      Warning: No frequencies found for delta (1.0-4.0 Hz) on channel 138
      Warning: No frequencies found for delta (1.0-4.0 Hz) on channel 139
      Warning: No frequencies found for delta (1.0-4.0 Hz) on channel 140
      Warning: No frequencies found for delta (1.0-4.0 Hz) on channel 141
      Warning: No frequencies found for delta (1.0-4.0 Hz) on channel 142
      Warning: No frequencies found for delta (1.0-4.0 Hz) on channel 143
      Warning: No frequencies found for delta (1.0-4.0 Hz) on channel 144
      Warning: No frequencies found for delta (1.0-4.0 Hz) on channel 145
      Warning: No frequencies found for delta (1.0-4.0 Hz) on channel 146
      Warning: No frequencies found for delta (1.0-4.0 Hz) on channel 147
      Warning: No frequencies found for delta (1.0-4.0 Hz) on channel 148
      Warning: No frequencies found for delta (1.0-4.0 Hz) on channel 149
      Warning: No frequencies found for delta (1.0-4.0 Hz) on channel 150
      Warning: No frequencies found for delta (1.0-4.0 Hz) on channel 151
      Warning: No frequencies found for delta (1.0-4.0 Hz) on channel 152
      Warning: No frequencies found for delta (1.0-4.0 Hz) on channel 153
      Warning: No frequencies found for delta (1.0-4.0 Hz) on channel 154
      Warning: No frequencies found for delta (1.0-4.0 Hz) on channel 155
      Warning: No frequencies found for delta (1.0-4.0 Hz) on channel 156
      Warning: No frequencies found for delta (1.0-4.0 Hz) on channel 157
      Warning: No frequencies found for delta (1.0-4.0 Hz) on channel 158
      Warning: No frequencies found for delta (1.0-4.0 Hz) on channel 159
      Warning: No frequencies found for delta (1.0-4.0 Hz) on channel 160
      Warning: No frequencies found for delta (1.0-4.0 Hz) on channel 161
      Warning: No frequencies found for delta (1.0-4.0 Hz) on channel 162
      Warning: No frequencies found for delta (1.0-4.0 Hz) on channel 163
      Warning: No frequencies found for delta (1.0-4.0 Hz) on channel 164
    Chunk 39/120 (32.5%)      Warning: No frequencies found for delta (1.0-4.0 Hz) on channel 0
      Warning: No frequencies found for delta (1.0-4.0 Hz) on channel 1
      Warning: No frequencies found for delta (1.0-4.0 Hz) on channel 2
      Warning: No frequencies found for delta (1.0-4.0 Hz) on channel 3
      Warning: No frequencies found for delta (1.0-4.0 Hz) on channel 4
      Warning: No frequencies found for delta (1.0-4.0 Hz) on channel 5
      Warning: No frequencies found for delta (1.0-4.0 Hz) on channel 6
      Warning: No frequencies found for delta (1.0-4.0 Hz) on channel 7
      Warning: No frequencies found for delta (1.0-4.0 Hz) on channel 8
      Warning: No frequencies found for delta (1.0-4.0 Hz) on channel 9
      Warning: No frequencies found for delta (1.0-4.0 Hz) on channel 10
      Warning: No frequencies found for delta (1.0-4.0 Hz) on channel 11
      Warning: No frequencies found for delta (1.0-4.0 Hz) on channel 12
      Warning: No frequencies found for delta (1.0-4.0 Hz) on channel 13
      Warning: No frequencies found for delta (1.0-4.0 Hz) on channel 14
      Warning: No frequencies found for delta (1.0-4.0 Hz) on channel 15
      Warning: No frequencies found for delta (1.0-4.0 Hz) on channel 16
      Warning: No frequencies found for delta (1.0-4.0 Hz) on channel 17
      Warning: No frequencies found for delta (1.0-4.0 Hz) on channel 18
      Warning: No frequencies found for delta (1.0-4.0 Hz) on channel 19
      Warning: No frequencies found for delta (1.0-4.0 Hz) on channel 20
      Warning: No frequencies found for delta (1.0-4.0 Hz) on channel 21
      Warning: No frequencies found for delta (1.0-4.0 Hz) on channel 22
      Warning: No frequencies found for delta (1.0-4.0 Hz) on channel 23
      Warning: No frequencies found for delta (1.0-4.0 Hz) on channel 24
      Warning: No frequencies found for delta (1.0-4.0 Hz) on channel 25
      Warning: No frequencies found for delta (1.0-4.0 Hz) on channel 26
      Warning: No frequencies found for delta (1.0-4.0 Hz) on channel 27
      Warning: No frequencies found for delta (1.0-4.0 Hz) on channel 28
      Warning: No frequencies found for delta (1.0-4.0 Hz) on channel 29
      Warning: No frequencies found for delta (1.0-4.0 Hz) on channel 30
      Warning: No frequencies found for delta (1.0-4.0 Hz) on channel 31
      Warning: No frequencies found for delta (1.0-4.0 Hz) on channel 32
      Warning: No frequencies found for delta (1.0-4.0 Hz) on channel 33
      Warning: No frequencies found for delta (1.0-4.0 Hz) on channel 34
      Warning: No frequencies found for delta (1.0-4.0 Hz) on channel 35
      Warning: No frequencies found for delta (1.0-4.0 Hz) on channel 36
      Warning: No frequencies found for delta (1.0-4.0 Hz) on channel 37
      Warning: No frequencies found for delta (1.0-4.0 Hz) on channel 38
      Warning: No frequencies found for delta (1.0-4.0 Hz) on channel 39
      Warning: No frequencies found for delta (1.0-4.0 Hz) on channel 40
      Warning: No frequencies found for delta (1.0-4.0 Hz) on channel 41
      Warning: No frequencies found for delta (1.0-4.0 Hz) on channel 42
      Warning: No frequencies found for delta (1.0-4.0 Hz) on channel 43
      Warning: No frequencies found for delta (1.0-4.0 Hz) on channel 44
      Warning: No frequencies found for delta (1.0-4.0 Hz) on channel 45
      Warning: No frequencies found for delta (1.0-4.0 Hz) on channel 46
      Warning: No frequencies found for delta (1.0-4.0 Hz) on channel 47
      Warning: No frequencies found for delta (1.0-4.0 Hz) on channel 48
      Warning: No frequencies found for delta (1.0-4.0 Hz) on channel 49
      Warning: No frequencies found for delta (1.0-4.0 Hz) on channel 50
      Warning: No frequencies found for delta (1.0-4.0 Hz) on channel 51
      Warning: No frequencies found for delta (1.0-4.0 Hz) on channel 52
      Warning: No frequencies found for delta (1.0-4.0 Hz) on channel 53
      Warning: No frequencies found for delta (1.0-4.0 Hz) on channel 54
      Warning: No frequencies found for delta (1.0-4.0 Hz) on channel 55
      Warning: No frequencies found for delta (1.0-4.0 Hz) on channel 56
      Warning: No frequencies found for delta (1.0-4.0 Hz) on channel 57
      Warning: No frequencies found for delta (1.0-4.0 Hz) on channel 58
      Warning: No frequencies found for delta (1.0-4.0 Hz) on channel 59
      Warning: No frequencies found for delta (1.0-4.0 Hz) on channel 60
      Warning: No frequencies found for delta (1.0-4.0 Hz) on channel 61
      Warning: No frequencies found for delta (1.0-4.0 Hz) on channel 62
      Warning: No frequencies found for delta (1.0-4.0 Hz) on channel 63
      Warning: No frequencies found for delta (1.0-4.0 Hz) on channel 64
      Warning: No frequencies found for delta (1.0-4.0 Hz) on channel 65
      Warning: No frequencies found for delta (1.0-4.0 Hz) on channel 66
      Warning: No frequencies found for delta (1.0-4.0 Hz) on channel 67
      Warning: No frequencies found for delta (1.0-4.0 Hz) on channel 68
      Warning: No frequencies found for delta (1.0-4.0 Hz) on channel 69
      Warning: No frequencies found for delta (1.0-4.0 Hz) on channel 70
      Warning: No frequencies found for delta (1.0-4.0 Hz) on channel 71
      Warning: No frequencies found for delta (1.0-4.0 Hz) on channel 72
      Warning: No frequencies found for delta (1.0-4.0 Hz) on channel 73
      Warning: No frequencies found for delta (1.0-4.0 Hz) on channel 74
      Warning: No frequencies found for delta (1.0-4.0 Hz) on channel 75
      Warning: No frequencies found for delta (1.0-4.0 Hz) on channel 76
      Warning: No frequencies found for delta (1.0-4.0 Hz) on channel 77
      Warning: No frequencies found for delta (1.0-4.0 Hz) on channel 78
      Warning: No frequencies found for delta (1.0-4.0 Hz) on channel 79
      Warning: No frequencies found for delta (1.0-4.0 Hz) on channel 80
      Warning: No frequencies found for delta (1.0-4.0 Hz) on channel 81
      Warning: No frequencies found for delta (1.0-4.0 Hz) on channel 82
      Warning: No frequencies found for delta (1.0-4.0 Hz) on channel 83
      Warning: No frequencies found for delta (1.0-4.0 Hz) on channel 84
      Warning: No frequencies found for delta (1.0-4.0 Hz) on channel 85
      Warning: No frequencies found for delta (1.0-4.0 Hz) on channel 86
      Warning: No frequencies found for delta (1.0-4.0 Hz) on channel 87
      Warning: No frequencies found for delta (1.0-4.0 Hz) on channel 88
      Warning: No frequencies found for delta (1.0-4.0 Hz) on channel 89
      Warning: No frequencies found for delta (1.0-4.0 Hz) on channel 90
      Warning: No frequencies found for delta (1.0-4.0 Hz) on channel 91
      Warning: No frequencies found for delta (1.0-4.0 Hz) on channel 92
      Warning: No frequencies found for delta (1.0-4.0 Hz) on channel 93
      Warning: No frequencies found for delta (1.0-4.0 Hz) on channel 94
      Warning: No frequencies found for delta (1.0-4.0 Hz) on channel 95
      Warning: No frequencies found for delta (1.0-4.0 Hz) on channel 96
      Warning: No frequencies found for delta (1.0-4.0 Hz) on channel 97
      Warning: No frequencies found for delta (1.0-4.0 Hz) on channel 98
      Warning: No frequencies found for delta (1.0-4.0 Hz) on channel 99
      Warning: No frequencies found for delta (1.0-4.0 Hz) on channel 100
      Warning: No frequencies found for delta (1.0-4.0 Hz) on channel 101
      Warning: No frequencies found for delta (1.0-4.0 Hz) on channel 102
      Warning: No frequencies found for delta (1.0-4.0 Hz) on channel 103
      Warning: No frequencies found for delta (1.0-4.0 Hz) on channel 104
      Warning: No frequencies found for delta (1.0-4.0 Hz) on channel 105
      Warning: No frequencies found for delta (1.0-4.0 Hz) on channel 106
      Warning: No frequencies found for delta (1.0-4.0 Hz) on channel 107
      Warning: No frequencies found for delta (1.0-4.0 Hz) on channel 108
      Warning: No frequencies found for delta (1.0-4.0 Hz) on channel 109
      Warning: No frequencies found for delta (1.0-4.0 Hz) on channel 110
      Warning: No frequencies found for delta (1.0-4.0 Hz) on channel 111
      Warning: No frequencies found for delta (1.0-4.0 Hz) on channel 112
      Warning: No frequencies found for delta (1.0-4.0 Hz) on channel 113
      Warning: No frequencies found for delta (1.0-4.0 Hz) on channel 114
      Warning: No frequencies found for delta (1.0-4.0 Hz) on channel 115
      Warning: No frequencies found for delta (1.0-4.0 Hz) on channel 116
      Warning: No frequencies found for delta (1.0-4.0 Hz) on channel 117
      Warning: No frequencies found for delta (1.0-4.0 Hz) on channel 118
      Warning: No frequencies found for delta (1.0-4.0 Hz) on channel 119
      Warning: No frequencies found for delta (1.0-4.0 Hz) on channel 120
      Warning: No frequencies found for delta (1.0-4.0 Hz) on channel 121
      Warning: No frequencies found for delta (1.0-4.0 Hz) on channel 122
      Warning: No frequencies found for delta (1.0-4.0 Hz) on channel 123
      Warning: No frequencies found for delta (1.0-4.0 Hz) on channel 124
      Warning: No frequencies found for delta (1.0-4.0 Hz) on channel 125
      Warning: No frequencies found for delta (1.0-4.0 Hz) on channel 126
      Warning: No frequencies found for delta (1.0-4.0 Hz) on channel 127
      Warning: No frequencies found for delta (1.0-4.0 Hz) on channel 128
      Warning: No frequencies found for delta (1.0-4.0 Hz) on channel 129
      Warning: No frequencies found for delta (1.0-4.0 Hz) on channel 130
      Warning: No frequencies found for delta (1.0-4.0 Hz) on channel 131
      Warning: No frequencies found for delta (1.0-4.0 Hz) on channel 132
      Warning: No frequencies found for delta (1.0-4.0 Hz) on channel 133
      Warning: No frequencies found for delta (1.0-4.0 Hz) on channel 134
      Warning: No frequencies found for delta (1.0-4.0 Hz) on channel 135
      Warning: No frequencies found for delta (1.0-4.0 Hz) on channel 136
      Warning: No frequencies found for delta (1.0-4.0 Hz) on channel 137
      Warning: No frequencies found for delta (1.0-4.0 Hz) on channel 138
      Warning: No frequencies found for delta (1.0-4.0 Hz) on channel 139
      Warning: No frequencies found for delta (1.0-4.0 Hz) on channel 140
      Warning: No frequencies found for delta (1.0-4.0 Hz) on channel 141
      Warning: No frequencies found for delta (1.0-4.0 Hz) on channel 142
      Warning: No frequencies found for delta (1.0-4.0 Hz) on channel 143
      Warning: No frequencies found for delta (1.0-4.0 Hz) on channel 144
      Warning: No frequencies found for delta (1.0-4.0 Hz) on channel 145
      Warning: No frequencies found for delta (1.0-4.0 Hz) on channel 146
      Warning: No frequencies found for delta (1.0-4.0 Hz) on channel 147
      Warning: No frequencies found for delta (1.0-4.0 Hz) on channel 148
      Warning: No frequencies found for delta (1.0-4.0 Hz) on channel 149
      Warning: No frequencies found for delta (1.0-4.0 Hz) on channel 150
      Warning: No frequencies found for delta (1.0-4.0 Hz) on channel 151
      Warning: No frequencies found for delta (1.0-4.0 Hz) on channel 152
      Warning: No frequencies found for delta (1.0-4.0 Hz) on channel 153
      Warning: No frequencies found for delta (1.0-4.0 Hz) on channel 154
      Warning: No frequencies found for delta (1.0-4.0 Hz) on channel 155
      Warning: No frequencies found for delta (1.0-4.0 Hz) on channel 156
      Warning: No frequencies found for delta (1.0-4.0 Hz) on channel 157
      Warning: No frequencies found for delta (1.0-4.0 Hz) on channel 158
      Warning: No frequencies found for delta (1.0-4.0 Hz) on channel 159
      Warning: No frequencies found for delta (1.0-4.0 Hz) on channel 160
      Warning: No frequencies found for delta (1.0-4.0 Hz) on channel 161
      Warning: No frequencies found for delta (1.0-4.0 Hz) on channel 162
      Warning: No frequencies found for delta (1.0-4.0 Hz) on channel 163
      Warning: No frequencies found for delta (1.0-4.0 Hz) on channel 164
    Chunk 40/120 (33.3%)      Warning: No frequencies found for delta (1.0-4.0 Hz) on channel 0
      Warning: No frequencies found for delta (1.0-4.0 Hz) on channel 1
      Warning: No frequencies found for delta (1.0-4.0 Hz) on channel 2
      Warning: No frequencies found for delta (1.0-4.0 Hz) on channel 3
      Warning: No frequencies found for delta (1.0-4.0 Hz) on channel 4
      Warning: No frequencies found for delta (1.0-4.0 Hz) on channel 5
      Warning: No frequencies found for delta (1.0-4.0 Hz) on channel 6
      Warning: No frequencies found for delta (1.0-4.0 Hz) on channel 7
      Warning: No frequencies found for delta (1.0-4.0 Hz) on channel 8
      Warning: No frequencies found for delta (1.0-4.0 Hz) on channel 9
      Warning: No frequencies found for delta (1.0-4.0 Hz) on channel 10
      Warning: No frequencies found for delta (1.0-4.0 Hz) on channel 11
      Warning: No frequencies found for delta (1.0-4.0 Hz) on channel 12
      Warning: No frequencies found for delta (1.0-4.0 Hz) on channel 13
      Warning: No frequencies found for delta (1.0-4.0 Hz) on channel 14
      Warning: No frequencies found for delta (1.0-4.0 Hz) on channel 15
      Warning: No frequencies found for delta (1.0-4.0 Hz) on channel 16
      Warning: No frequencies found for delta (1.0-4.0 Hz) on channel 17
      Warning: No frequencies found for delta (1.0-4.0 Hz) on channel 18
      Warning: No frequencies found for delta (1.0-4.0 Hz) on channel 19
      Warning: No frequencies found for delta (1.0-4.0 Hz) on channel 20
      Warning: No frequencies found for delta (1.0-4.0 Hz) on channel 21
      Warning: No frequencies found for delta (1.0-4.0 Hz) on channel 22
      Warning: No frequencies found for delta (1.0-4.0 Hz) on channel 23
      Warning: No frequencies found for delta (1.0-4.0 Hz) on channel 24
      Warning: No frequencies found for delta (1.0-4.0 Hz) on channel 25
      Warning: No frequencies found for delta (1.0-4.0 Hz) on channel 26
      Warning: No frequencies found for delta (1.0-4.0 Hz) on channel 27
      Warning: No frequencies found for delta (1.0-4.0 Hz) on channel 28
      Warning: No frequencies found for delta (1.0-4.0 Hz) on channel 29
      Warning: No frequencies found for delta (1.0-4.0 Hz) on channel 30
      Warning: No frequencies found for delta (1.0-4.0 Hz) on channel 31
      Warning: No frequencies found for delta (1.0-4.0 Hz) on channel 32
      Warning: No frequencies found for delta (1.0-4.0 Hz) on channel 33
      Warning: No frequencies found for delta (1.0-4.0 Hz) on channel 34
      Warning: No frequencies found for delta (1.0-4.0 Hz) on channel 35
      Warning: No frequencies found for delta (1.0-4.0 Hz) on channel 36
      Warning: No frequencies found for delta (1.0-4.0 Hz) on channel 37
      Warning: No frequencies found for delta (1.0-4.0 Hz) on channel 38
      Warning: No frequencies found for delta (1.0-4.0 Hz) on channel 39
      Warning: No frequencies found for delta (1.0-4.0 Hz) on channel 40
      Warning: No frequencies found for delta (1.0-4.0 Hz) on channel 41
      Warning: No frequencies found for delta (1.0-4.0 Hz) on channel 42
      Warning: No frequencies found for delta (1.0-4.0 Hz) on channel 43
      Warning: No frequencies found for delta (1.0-4.0 Hz) on channel 44
      Warning: No frequencies found for delta (1.0-4.0 Hz) on channel 45
      Warning: No frequencies found for delta (1.0-4.0 Hz) on channel 46
      Warning: No frequencies found for delta (1.0-4.0 Hz) on channel 47
      Warning: No frequencies found for delta (1.0-4.0 Hz) on channel 48
      Warning: No frequencies found for delta (1.0-4.0 Hz) on channel 49
      Warning: No frequencies found for delta (1.0-4.0 Hz) on channel 50
      Warning: No frequencies found for delta (1.0-4.0 Hz) on channel 51
      Warning: No frequencies found for delta (1.0-4.0 Hz) on channel 52
      Warning: No frequencies found for delta (1.0-4.0 Hz) on channel 53
      Warning: No frequencies found for delta (1.0-4.0 Hz) on channel 54
      Warning: No frequencies found for delta (1.0-4.0 Hz) on channel 55
      Warning: No frequencies found for delta (1.0-4.0 Hz) on channel 56
      Warning: No frequencies found for delta (1.0-4.0 Hz) on channel 57
      Warning: No frequencies found for delta (1.0-4.0 Hz) on channel 58
      Warning: No frequencies found for delta (1.0-4.0 Hz) on channel 59
      Warning: No frequencies found for delta (1.0-4.0 Hz) on channel 60
      Warning: No frequencies found for delta (1.0-4.0 Hz) on channel 61
      Warning: No frequencies found for delta (1.0-4.0 Hz) on channel 62
      Warning: No frequencies found for delta (1.0-4.0 Hz) on channel 63
      Warning: No frequencies found for delta (1.0-4.0 Hz) on channel 64
      Warning: No frequencies found for delta (1.0-4.0 Hz) on channel 65
      Warning: No frequencies found for delta (1.0-4.0 Hz) on channel 66
      Warning: No frequencies found for delta (1.0-4.0 Hz) on channel 67
      Warning: No frequencies found for delta (1.0-4.0 Hz) on channel 68
      Warning: No frequencies found for delta (1.0-4.0 Hz) on channel 69
      Warning: No frequencies found for delta (1.0-4.0 Hz) on channel 70
      Warning: No frequencies found for delta (1.0-4.0 Hz) on channel 71
      Warning: No frequencies found for delta (1.0-4.0 Hz) on channel 72
      Warning: No frequencies found for delta (1.0-4.0 Hz) on channel 73
      Warning: No frequencies found for delta (1.0-4.0 Hz) on channel 74
      Warning: No frequencies found for delta (1.0-4.0 Hz) on channel 75
      Warning: No frequencies found for delta (1.0-4.0 Hz) on channel 76
      Warning: No frequencies found for delta (1.0-4.0 Hz) on channel 77
      Warning: No frequencies found for delta (1.0-4.0 Hz) on channel 78
      Warning: No frequencies found for delta (1.0-4.0 Hz) on channel 79
      Warning: No frequencies found for delta (1.0-4.0 Hz) on channel 80
      Warning: No frequencies found for delta (1.0-4.0 Hz) on channel 81
      Warning: No frequencies found for delta (1.0-4.0 Hz) on channel 82
      Warning: No frequencies found for delta (1.0-4.0 Hz) on channel 83
      Warning: No frequencies found for delta (1.0-4.0 Hz) on channel 84
      Warning: No frequencies found for delta (1.0-4.0 Hz) on channel 85
      Warning: No frequencies found for delta (1.0-4.0 Hz) on channel 86
      Warning: No frequencies found for delta (1.0-4.0 Hz) on channel 87
      Warning: No frequencies found for delta (1.0-4.0 Hz) on channel 88
      Warning: No frequencies found for delta (1.0-4.0 Hz) on channel 89
      Warning: No frequencies found for delta (1.0-4.0 Hz) on channel 90
      Warning: No frequencies found for delta (1.0-4.0 Hz) on channel 91
      Warning: No frequencies found for delta (1.0-4.0 Hz) on channel 92
      Warning: No frequencies found for delta (1.0-4.0 Hz) on channel 93
      Warning: No frequencies found for delta (1.0-4.0 Hz) on channel 94
      Warning: No frequencies found for delta (1.0-4.0 Hz) on channel 95
      Warning: No frequencies found for delta (1.0-4.0 Hz) on channel 96
      Warning: No frequencies found for delta (1.0-4.0 Hz) on channel 97
      Warning: No frequencies found for delta (1.0-4.0 Hz) on channel 98
      Warning: No frequencies found for delta (1.0-4.0 Hz) on channel 99
      Warning: No frequencies found for delta (1.0-4.0 Hz) on channel 100
      Warning: No frequencies found for delta (1.0-4.0 Hz) on channel 101
      Warning: No frequencies found for delta (1.0-4.0 Hz) on channel 102
      Warning: No frequencies found for delta (1.0-4.0 Hz) on channel 103
      Warning: No frequencies found for delta (1.0-4.0 Hz) on channel 104
      Warning: No frequencies found for delta (1.0-4.0 Hz) on channel 105
      Warning: No frequencies found for delta (1.0-4.0 Hz) on channel 106
      Warning: No frequencies found for delta (1.0-4.0 Hz) on channel 107
      Warning: No frequencies found for delta (1.0-4.0 Hz) on channel 108
      Warning: No frequencies found for delta (1.0-4.0 Hz) on channel 109
      Warning: No frequencies found for delta (1.0-4.0 Hz) on channel 110
      Warning: No frequencies found for delta (1.0-4.0 Hz) on channel 111
      Warning: No frequencies found for delta (1.0-4.0 Hz) on channel 112
      Warning: No frequencies found for delta (1.0-4.0 Hz) on channel 113
      Warning: No frequencies found for delta (1.0-4.0 Hz) on channel 114
      Warning: No frequencies found for delta (1.0-4.0 Hz) on channel 115
      Warning: No frequencies found for delta (1.0-4.0 Hz) on channel 116
      Warning: No frequencies found for delta (1.0-4.0 Hz) on channel 117
      Warning: No frequencies found for delta (1.0-4.0 Hz) on channel 118
      Warning: No frequencies found for delta (1.0-4.0 Hz) on channel 119
      Warning: No frequencies found for delta (1.0-4.0 Hz) on channel 120
      Warning: No frequencies found for delta (1.0-4.0 Hz) on channel 121
      Warning: No frequencies found for delta (1.0-4.0 Hz) on channel 122
      Warning: No frequencies found for delta (1.0-4.0 Hz) on channel 123
      Warning: No frequencies found for delta (1.0-4.0 Hz) on channel 124
      Warning: No frequencies found for delta (1.0-4.0 Hz) on channel 125
      Warning: No frequencies found for delta (1.0-4.0 Hz) on channel 126
      Warning: No frequencies found for delta (1.0-4.0 Hz) on channel 127
      Warning: No frequencies found for delta (1.0-4.0 Hz) on channel 128
      Warning: No frequencies found for delta (1.0-4.0 Hz) on channel 129
      Warning: No frequencies found for delta (1.0-4.0 Hz) on channel 130
      Warning: No frequencies found for delta (1.0-4.0 Hz) on channel 131
      Warning: No frequencies found for delta (1.0-4.0 Hz) on channel 132
      Warning: No frequencies found for delta (1.0-4.0 Hz) on channel 133
      Warning: No frequencies found for delta (1.0-4.0 Hz) on channel 134
      Warning: No frequencies found for delta (1.0-4.0 Hz) on channel 135
      Warning: No frequencies found for delta (1.0-4.0 Hz) on channel 136
      Warning: No frequencies found for delta (1.0-4.0 Hz) on channel 137
      Warning: No frequencies found for delta (1.0-4.0 Hz) on channel 138
      Warning: No frequencies found for delta (1.0-4.0 Hz) on channel 139
      Warning: No frequencies found for delta (1.0-4.0 Hz) on channel 140
      Warning: No frequencies found for delta (1.0-4.0 Hz) on channel 141
      Warning: No frequencies found for delta (1.0-4.0 Hz) on channel 142
      Warning: No frequencies found for delta (1.0-4.0 Hz) on channel 143
      Warning: No frequencies found for delta (1.0-4.0 Hz) on channel 144
      Warning: No frequencies found for delta (1.0-4.0 Hz) on channel 145
      Warning: No frequencies found for delta (1.0-4.0 Hz) on channel 146
      Warning: No frequencies found for delta (1.0-4.0 Hz) on channel 147
      Warning: No frequencies found for delta (1.0-4.0 Hz) on channel 148
      Warning: No frequencies found for delta (1.0-4.0 Hz) on channel 149
      Warning: No frequencies found for delta (1.0-4.0 Hz) on channel 150
      Warning: No frequencies found for delta (1.0-4.0 Hz) on channel 151
      Warning: No frequencies found for delta (1.0-4.0 Hz) on channel 152
      Warning: No frequencies found for delta (1.0-4.0 Hz) on channel 153
      Warning: No frequencies found for delta (1.0-4.0 Hz) on channel 154
      Warning: No frequencies found for delta (1.0-4.0 Hz) on channel 155
      Warning: No frequencies found for delta (1.0-4.0 Hz) on channel 156
      Warning: No frequencies found for delta (1.0-4.0 Hz) on channel 157
      Warning: No frequencies found for delta (1.0-4.0 Hz) on channel 158
      Warning: No frequencies found for delta (1.0-4.0 Hz) on channel 159
      Warning: No frequencies found for delta (1.0-4.0 Hz) on channel 160
      Warning: No frequencies found for delta (1.0-4.0 Hz) on channel 161
      Warning: No frequencies found for delta (1.0-4.0 Hz) on channel 162
      Warning: No frequencies found for delta (1.0-4.0 Hz) on channel 163
      Warning: No frequencies found for delta (1.0-4.0 Hz) on channel 164
    Chunk 41/120 (34.2%)      Warning: No frequencies found for delta (1.0-4.0 Hz) on channel 0
      Warning: No frequencies found for delta (1.0-4.0 Hz) on channel 1
      Warning: No frequencies found for delta (1.0-4.0 Hz) on channel 2
      Warning: No frequencies found for delta (1.0-4.0 Hz) on channel 3
      Warning: No frequencies found for delta (1.0-4.0 Hz) on channel 4
      Warning: No frequencies found for delta (1.0-4.0 Hz) on channel 5
      Warning: No frequencies found for delta (1.0-4.0 Hz) on channel 6
      Warning: No frequencies found for delta (1.0-4.0 Hz) on channel 7
      Warning: No frequencies found for delta (1.0-4.0 Hz) on channel 8
      Warning: No frequencies found for delta (1.0-4.0 Hz) on channel 9
      Warning: No frequencies found for delta (1.0-4.0 Hz) on channel 10
      Warning: No frequencies found for delta (1.0-4.0 Hz) on channel 11
      Warning: No frequencies found for delta (1.0-4.0 Hz) on channel 12
      Warning: No frequencies found for delta (1.0-4.0 Hz) on channel 13
      Warning: No frequencies found for delta (1.0-4.0 Hz) on channel 14
      Warning: No frequencies found for delta (1.0-4.0 Hz) on channel 15
      Warning: No frequencies found for delta (1.0-4.0 Hz) on channel 16
      Warning: No frequencies found for delta (1.0-4.0 Hz) on channel 17
      Warning: No frequencies found for delta (1.0-4.0 Hz) on channel 18
      Warning: No frequencies found for delta (1.0-4.0 Hz) on channel 19
      Warning: No frequencies found for delta (1.0-4.0 Hz) on channel 20
      Warning: No frequencies found for delta (1.0-4.0 Hz) on channel 21
      Warning: No frequencies found for delta (1.0-4.0 Hz) on channel 22
      Warning: No frequencies found for delta (1.0-4.0 Hz) on channel 23
      Warning: No frequencies found for delta (1.0-4.0 Hz) on channel 24
      Warning: No frequencies found for delta (1.0-4.0 Hz) on channel 25
      Warning: No frequencies found for delta (1.0-4.0 Hz) on channel 26
      Warning: No frequencies found for delta (1.0-4.0 Hz) on channel 27
      Warning: No frequencies found for delta (1.0-4.0 Hz) on channel 28
      Warning: No frequencies found for delta (1.0-4.0 Hz) on channel 29
      Warning: No frequencies found for delta (1.0-4.0 Hz) on channel 30
      Warning: No frequencies found for delta (1.0-4.0 Hz) on channel 31
      Warning: No frequencies found for delta (1.0-4.0 Hz) on channel 32
      Warning: No frequencies found for delta (1.0-4.0 Hz) on channel 33
      Warning: No frequencies found for delta (1.0-4.0 Hz) on channel 34
      Warning: No frequencies found for delta (1.0-4.0 Hz) on channel 35
      Warning: No frequencies found for delta (1.0-4.0 Hz) on channel 36
      Warning: No frequencies found for delta (1.0-4.0 Hz) on channel 37
      Warning: No frequencies found for delta (1.0-4.0 Hz) on channel 38
      Warning: No frequencies found for delta (1.0-4.0 Hz) on channel 39
      Warning: No frequencies found for delta (1.0-4.0 Hz) on channel 40
      Warning: No frequencies found for delta (1.0-4.0 Hz) on channel 41
      Warning: No frequencies found for delta (1.0-4.0 Hz) on channel 42
      Warning: No frequencies found for delta (1.0-4.0 Hz) on channel 43
      Warning: No frequencies found for delta (1.0-4.0 Hz) on channel 44
      Warning: No frequencies found for delta (1.0-4.0 Hz) on channel 45
      Warning: No frequencies found for delta (1.0-4.0 Hz) on channel 46
      Warning: No frequencies found for delta (1.0-4.0 Hz) on channel 47
      Warning: No frequencies found for delta (1.0-4.0 Hz) on channel 48
      Warning: No frequencies found for delta (1.0-4.0 Hz) on channel 49
      Warning: No frequencies found for delta (1.0-4.0 Hz) on channel 50
      Warning: No frequencies found for delta (1.0-4.0 Hz) on channel 51
      Warning: No frequencies found for delta (1.0-4.0 Hz) on channel 52
      Warning: No frequencies found for delta (1.0-4.0 Hz) on channel 53
      Warning: No frequencies found for delta (1.0-4.0 Hz) on channel 54
      Warning: No frequencies found for delta (1.0-4.0 Hz) on channel 55
      Warning: No frequencies found for delta (1.0-4.0 Hz) on channel 56
      Warning: No frequencies found for delta (1.0-4.0 Hz) on channel 57
      Warning: No frequencies found for delta (1.0-4.0 Hz) on channel 58
      Warning: No frequencies found for delta (1.0-4.0 Hz) on channel 59
      Warning: No frequencies found for delta (1.0-4.0 Hz) on channel 60
      Warning: No frequencies found for delta (1.0-4.0 Hz) on channel 61
      Warning: No frequencies found for delta (1.0-4.0 Hz) on channel 62
      Warning: No frequencies found for delta (1.0-4.0 Hz) on channel 63
      Warning: No frequencies found for delta (1.0-4.0 Hz) on channel 64
      Warning: No frequencies found for delta (1.0-4.0 Hz) on channel 65
      Warning: No frequencies found for delta (1.0-4.0 Hz) on channel 66
      Warning: No frequencies found for delta (1.0-4.0 Hz) on channel 67
      Warning: No frequencies found for delta (1.0-4.0 Hz) on channel 68
      Warning: No frequencies found for delta (1.0-4.0 Hz) on channel 69
      Warning: No frequencies found for delta (1.0-4.0 Hz) on channel 70
      Warning: No frequencies found for delta (1.0-4.0 Hz) on channel 71
      Warning: No frequencies found for delta (1.0-4.0 Hz) on channel 72
      Warning: No frequencies found for delta (1.0-4.0 Hz) on channel 73
      Warning: No frequencies found for delta (1.0-4.0 Hz) on channel 74
      Warning: No frequencies found for delta (1.0-4.0 Hz) on channel 75
      Warning: No frequencies found for delta (1.0-4.0 Hz) on channel 76
      Warning: No frequencies found for delta (1.0-4.0 Hz) on channel 77
      Warning: No frequencies found for delta (1.0-4.0 Hz) on channel 78
      Warning: No frequencies found for delta (1.0-4.0 Hz) on channel 79
      Warning: No frequencies found for delta (1.0-4.0 Hz) on channel 80
      Warning: No frequencies found for delta (1.0-4.0 Hz) on channel 81
      Warning: No frequencies found for delta (1.0-4.0 Hz) on channel 82
      Warning: No frequencies found for delta (1.0-4.0 Hz) on channel 83
      Warning: No frequencies found for delta (1.0-4.0 Hz) on channel 84
      Warning: No frequencies found for delta (1.0-4.0 Hz) on channel 85
      Warning: No frequencies found for delta (1.0-4.0 Hz) on channel 86
      Warning: No frequencies found for delta (1.0-4.0 Hz) on channel 87
      Warning: No frequencies found for delta (1.0-4.0 Hz) on channel 88
      Warning: No frequencies found for delta (1.0-4.0 Hz) on channel 89
      Warning: No frequencies found for delta (1.0-4.0 Hz) on channel 90
      Warning: No frequencies found for delta (1.0-4.0 Hz) on channel 91
      Warning: No frequencies found for delta (1.0-4.0 Hz) on channel 92
      Warning: No frequencies found for delta (1.0-4.0 Hz) on channel 93
      Warning: No frequencies found for delta (1.0-4.0 Hz) on channel 94
      Warning: No frequencies found for delta (1.0-4.0 Hz) on channel 95
      Warning: No frequencies found for delta (1.0-4.0 Hz) on channel 96
      Warning: No frequencies found for delta (1.0-4.0 Hz) on channel 97
      Warning: No frequencies found for delta (1.0-4.0 Hz) on channel 98
      Warning: No frequencies found for delta (1.0-4.0 Hz) on channel 99
      Warning: No frequencies found for delta (1.0-4.0 Hz) on channel 100
      Warning: No frequencies found for delta (1.0-4.0 Hz) on channel 101
      Warning: No frequencies found for delta (1.0-4.0 Hz) on channel 102
      Warning: No frequencies found for delta (1.0-4.0 Hz) on channel 103
      Warning: No frequencies found for delta (1.0-4.0 Hz) on channel 104
      Warning: No frequencies found for delta (1.0-4.0 Hz) on channel 105
      Warning: No frequencies found for delta (1.0-4.0 Hz) on channel 106
      Warning: No frequencies found for delta (1.0-4.0 Hz) on channel 107
      Warning: No frequencies found for delta (1.0-4.0 Hz) on channel 108
      Warning: No frequencies found for delta (1.0-4.0 Hz) on channel 109
      Warning: No frequencies found for delta (1.0-4.0 Hz) on channel 110
      Warning: No frequencies found for delta (1.0-4.0 Hz) on channel 111
      Warning: No frequencies found for delta (1.0-4.0 Hz) on channel 112
      Warning: No frequencies found for delta (1.0-4.0 Hz) on channel 113
      Warning: No frequencies found for delta (1.0-4.0 Hz) on channel 114
      Warning: No frequencies found for delta (1.0-4.0 Hz) on channel 115
      Warning: No frequencies found for delta (1.0-4.0 Hz) on channel 116
      Warning: No frequencies found for delta (1.0-4.0 Hz) on channel 117
      Warning: No frequencies found for delta (1.0-4.0 Hz) on channel 118
      Warning: No frequencies found for delta (1.0-4.0 Hz) on channel 119
      Warning: No frequencies found for delta (1.0-4.0 Hz) on channel 120
      Warning: No frequencies found for delta (1.0-4.0 Hz) on channel 121
      Warning: No frequencies found for delta (1.0-4.0 Hz) on channel 122
      Warning: No frequencies found for delta (1.0-4.0 Hz) on channel 123
      Warning: No frequencies found for delta (1.0-4.0 Hz) on channel 124
      Warning: No frequencies found for delta (1.0-4.0 Hz) on channel 125
      Warning: No frequencies found for delta (1.0-4.0 Hz) on channel 126
      Warning: No frequencies found for delta (1.0-4.0 Hz) on channel 127
      Warning: No frequencies found for delta (1.0-4.0 Hz) on channel 128
      Warning: No frequencies found for delta (1.0-4.0 Hz) on channel 129
      Warning: No frequencies found for delta (1.0-4.0 Hz) on channel 130
      Warning: No frequencies found for delta (1.0-4.0 Hz) on channel 131
      Warning: No frequencies found for delta (1.0-4.0 Hz) on channel 132
      Warning: No frequencies found for delta (1.0-4.0 Hz) on channel 133
      Warning: No frequencies found for delta (1.0-4.0 Hz) on channel 134
      Warning: No frequencies found for delta (1.0-4.0 Hz) on channel 135
      Warning: No frequencies found for delta (1.0-4.0 Hz) on channel 136
      Warning: No frequencies found for delta (1.0-4.0 Hz) on channel 137
      Warning: No frequencies found for delta (1.0-4.0 Hz) on channel 138
      Warning: No frequencies found for delta (1.0-4.0 Hz) on channel 139
      Warning: No frequencies found for delta (1.0-4.0 Hz) on channel 140
      Warning: No frequencies found for delta (1.0-4.0 Hz) on channel 141
      Warning: No frequencies found for delta (1.0-4.0 Hz) on channel 142
      Warning: No frequencies found for delta (1.0-4.0 Hz) on channel 143
      Warning: No frequencies found for delta (1.0-4.0 Hz) on channel 144
      Warning: No frequencies found for delta (1.0-4.0 Hz) on channel 145
      Warning: No frequencies found for delta (1.0-4.0 Hz) on channel 146
      Warning: No frequencies found for delta (1.0-4.0 Hz) on channel 147
      Warning: No frequencies found for delta (1.0-4.0 Hz) on channel 148
      Warning: No frequencies found for delta (1.0-4.0 Hz) on channel 149
      Warning: No frequencies found for delta (1.0-4.0 Hz) on channel 150
      Warning: No frequencies found for delta (1.0-4.0 Hz) on channel 151
      Warning: No frequencies found for delta (1.0-4.0 Hz) on channel 152
      Warning: No frequencies found for delta (1.0-4.0 Hz) on channel 153
      Warning: No frequencies found for delta (1.0-4.0 Hz) on channel 154
      Warning: No frequencies found for delta (1.0-4.0 Hz) on channel 155
      Warning: No frequencies found for delta (1.0-4.0 Hz) on channel 156
      Warning: No frequencies found for delta (1.0-4.0 Hz) on channel 157
      Warning: No frequencies found for delta (1.0-4.0 Hz) on channel 158
      Warning: No frequencies found for delta (1.0-4.0 Hz) on channel 159
      Warning: No frequencies found for delta (1.0-4.0 Hz) on channel 160
      Warning: No frequencies found for delta (1.0-4.0 Hz) on channel 161
      Warning: No frequencies found for delta (1.0-4.0 Hz) on channel 162
      Warning: No frequencies found for delta (1.0-4.0 Hz) on channel 163
      Warning: No frequencies found for delta (1.0-4.0 Hz) on channel 164
    Chunk 42/120 (35.0%)      Warning: No frequencies found for delta (1.0-4.0 Hz) on channel 0
      Warning: No frequencies found for delta (1.0-4.0 Hz) on channel 1
      Warning: No frequencies found for delta (1.0-4.0 Hz) on channel 2
      Warning: No frequencies found for delta (1.0-4.0 Hz) on channel 3
      Warning: No frequencies found for delta (1.0-4.0 Hz) on channel 4
      Warning: No frequencies found for delta (1.0-4.0 Hz) on channel 5
      Warning: No frequencies found for delta (1.0-4.0 Hz) on channel 6
      Warning: No frequencies found for delta (1.0-4.0 Hz) on channel 7
      Warning: No frequencies found for delta (1.0-4.0 Hz) on channel 8
      Warning: No frequencies found for delta (1.0-4.0 Hz) on channel 9
      Warning: No frequencies found for delta (1.0-4.0 Hz) on channel 10
      Warning: No frequencies found for delta (1.0-4.0 Hz) on channel 11
      Warning: No frequencies found for delta (1.0-4.0 Hz) on channel 12
      Warning: No frequencies found for delta (1.0-4.0 Hz) on channel 13
      Warning: No frequencies found for delta (1.0-4.0 Hz) on channel 14
      Warning: No frequencies found for delta (1.0-4.0 Hz) on channel 15
      Warning: No frequencies found for delta (1.0-4.0 Hz) on channel 16
      Warning: No frequencies found for delta (1.0-4.0 Hz) on channel 17
      Warning: No frequencies found for delta (1.0-4.0 Hz) on channel 18
      Warning: No frequencies found for delta (1.0-4.0 Hz) on channel 19
      Warning: No frequencies found for delta (1.0-4.0 Hz) on channel 20
      Warning: No frequencies found for delta (1.0-4.0 Hz) on channel 21
      Warning: No frequencies found for delta (1.0-4.0 Hz) on channel 22
      Warning: No frequencies found for delta (1.0-4.0 Hz) on channel 23
      Warning: No frequencies found for delta (1.0-4.0 Hz) on channel 24
      Warning: No frequencies found for delta (1.0-4.0 Hz) on channel 25
      Warning: No frequencies found for delta (1.0-4.0 Hz) on channel 26
      Warning: No frequencies found for delta (1.0-4.0 Hz) on channel 27
      Warning: No frequencies found for delta (1.0-4.0 Hz) on channel 28
      Warning: No frequencies found for delta (1.0-4.0 Hz) on channel 29
      Warning: No frequencies found for delta (1.0-4.0 Hz) on channel 30
      Warning: No frequencies found for delta (1.0-4.0 Hz) on channel 31
      Warning: No frequencies found for delta (1.0-4.0 Hz) on channel 32
      Warning: No frequencies found for delta (1.0-4.0 Hz) on channel 33
      Warning: No frequencies found for delta (1.0-4.0 Hz) on channel 34
      Warning: No frequencies found for delta (1.0-4.0 Hz) on channel 35
      Warning: No frequencies found for delta (1.0-4.0 Hz) on channel 36
      Warning: No frequencies found for delta (1.0-4.0 Hz) on channel 37
      Warning: No frequencies found for delta (1.0-4.0 Hz) on channel 38
      Warning: No frequencies found for delta (1.0-4.0 Hz) on channel 39
      Warning: No frequencies found for delta (1.0-4.0 Hz) on channel 40
      Warning: No frequencies found for delta (1.0-4.0 Hz) on channel 41
      Warning: No frequencies found for delta (1.0-4.0 Hz) on channel 42
      Warning: No frequencies found for delta (1.0-4.0 Hz) on channel 43
      Warning: No frequencies found for delta (1.0-4.0 Hz) on channel 44
      Warning: No frequencies found for delta (1.0-4.0 Hz) on channel 45
      Warning: No frequencies found for delta (1.0-4.0 Hz) on channel 46
      Warning: No frequencies found for delta (1.0-4.0 Hz) on channel 47
      Warning: No frequencies found for delta (1.0-4.0 Hz) on channel 48
      Warning: No frequencies found for delta (1.0-4.0 Hz) on channel 49
      Warning: No frequencies found for delta (1.0-4.0 Hz) on channel 50
      Warning: No frequencies found for delta (1.0-4.0 Hz) on channel 51
      Warning: No frequencies found for delta (1.0-4.0 Hz) on channel 52
      Warning: No frequencies found for delta (1.0-4.0 Hz) on channel 53
      Warning: No frequencies found for delta (1.0-4.0 Hz) on channel 54
      Warning: No frequencies found for delta (1.0-4.0 Hz) on channel 55
      Warning: No frequencies found for delta (1.0-4.0 Hz) on channel 56
      Warning: No frequencies found for delta (1.0-4.0 Hz) on channel 57
      Warning: No frequencies found for delta (1.0-4.0 Hz) on channel 58
      Warning: No frequencies found for delta (1.0-4.0 Hz) on channel 59
      Warning: No frequencies found for delta (1.0-4.0 Hz) on channel 60
      Warning: No frequencies found for delta (1.0-4.0 Hz) on channel 61
      Warning: No frequencies found for delta (1.0-4.0 Hz) on channel 62
      Warning: No frequencies found for delta (1.0-4.0 Hz) on channel 63
      Warning: No frequencies found for delta (1.0-4.0 Hz) on channel 64
      Warning: No frequencies found for delta (1.0-4.0 Hz) on channel 65
      Warning: No frequencies found for delta (1.0-4.0 Hz) on channel 66
      Warning: No frequencies found for delta (1.0-4.0 Hz) on channel 67
      Warning: No frequencies found for delta (1.0-4.0 Hz) on channel 68
      Warning: No frequencies found for delta (1.0-4.0 Hz) on channel 69
      Warning: No frequencies found for delta (1.0-4.0 Hz) on channel 70
      Warning: No frequencies found for delta (1.0-4.0 Hz) on channel 71
      Warning: No frequencies found for delta (1.0-4.0 Hz) on channel 72
      Warning: No frequencies found for delta (1.0-4.0 Hz) on channel 73
      Warning: No frequencies found for delta (1.0-4.0 Hz) on channel 74
      Warning: No frequencies found for delta (1.0-4.0 Hz) on channel 75
      Warning: No frequencies found for delta (1.0-4.0 Hz) on channel 76
      Warning: No frequencies found for delta (1.0-4.0 Hz) on channel 77
      Warning: No frequencies found for delta (1.0-4.0 Hz) on channel 78
      Warning: No frequencies found for delta (1.0-4.0 Hz) on channel 79
      Warning: No frequencies found for delta (1.0-4.0 Hz) on channel 80
      Warning: No frequencies found for delta (1.0-4.0 Hz) on channel 81
      Warning: No frequencies found for delta (1.0-4.0 Hz) on channel 82
      Warning: No frequencies found for delta (1.0-4.0 Hz) on channel 83
      Warning: No frequencies found for delta (1.0-4.0 Hz) on channel 84
      Warning: No frequencies found for delta (1.0-4.0 Hz) on channel 85
      Warning: No frequencies found for delta (1.0-4.0 Hz) on channel 86
      Warning: No frequencies found for delta (1.0-4.0 Hz) on channel 87
      Warning: No frequencies found for delta (1.0-4.0 Hz) on channel 88
      Warning: No frequencies found for delta (1.0-4.0 Hz) on channel 89
      Warning: No frequencies found for delta (1.0-4.0 Hz) on channel 90
      Warning: No frequencies found for delta (1.0-4.0 Hz) on channel 91
      Warning: No frequencies found for delta (1.0-4.0 Hz) on channel 92
      Warning: No frequencies found for delta (1.0-4.0 Hz) on channel 93
      Warning: No frequencies found for delta (1.0-4.0 Hz) on channel 94
      Warning: No frequencies found for delta (1.0-4.0 Hz) on channel 95
      Warning: No frequencies found for delta (1.0-4.0 Hz) on channel 96
      Warning: No frequencies found for delta (1.0-4.0 Hz) on channel 97
      Warning: No frequencies found for delta (1.0-4.0 Hz) on channel 98
      Warning: No frequencies found for delta (1.0-4.0 Hz) on channel 99
      Warning: No frequencies found for delta (1.0-4.0 Hz) on channel 100
      Warning: No frequencies found for delta (1.0-4.0 Hz) on channel 101
      Warning: No frequencies found for delta (1.0-4.0 Hz) on channel 102
      Warning: No frequencies found for delta (1.0-4.0 Hz) on channel 103
      Warning: No frequencies found for delta (1.0-4.0 Hz) on channel 104
      Warning: No frequencies found for delta (1.0-4.0 Hz) on channel 105
      Warning: No frequencies found for delta (1.0-4.0 Hz) on channel 106
      Warning: No frequencies found for delta (1.0-4.0 Hz) on channel 107
      Warning: No frequencies found for delta (1.0-4.0 Hz) on channel 108
      Warning: No frequencies found for delta (1.0-4.0 Hz) on channel 109
      Warning: No frequencies found for delta (1.0-4.0 Hz) on channel 110
      Warning: No frequencies found for delta (1.0-4.0 Hz) on channel 111
      Warning: No frequencies found for delta (1.0-4.0 Hz) on channel 112
      Warning: No frequencies found for delta (1.0-4.0 Hz) on channel 113
      Warning: No frequencies found for delta (1.0-4.0 Hz) on channel 114
      Warning: No frequencies found for delta (1.0-4.0 Hz) on channel 115
      Warning: No frequencies found for delta (1.0-4.0 Hz) on channel 116
      Warning: No frequencies found for delta (1.0-4.0 Hz) on channel 117
      Warning: No frequencies found for delta (1.0-4.0 Hz) on channel 118
      Warning: No frequencies found for delta (1.0-4.0 Hz) on channel 119
      Warning: No frequencies found for delta (1.0-4.0 Hz) on channel 120
      Warning: No frequencies found for delta (1.0-4.0 Hz) on channel 121
      Warning: No frequencies found for delta (1.0-4.0 Hz) on channel 122
      Warning: No frequencies found for delta (1.0-4.0 Hz) on channel 123
      Warning: No frequencies found for delta (1.0-4.0 Hz) on channel 124
      Warning: No frequencies found for delta (1.0-4.0 Hz) on channel 125
      Warning: No frequencies found for delta (1.0-4.0 Hz) on channel 126
      Warning: No frequencies found for delta (1.0-4.0 Hz) on channel 127
      Warning: No frequencies found for delta (1.0-4.0 Hz) on channel 128
      Warning: No frequencies found for delta (1.0-4.0 Hz) on channel 129
      Warning: No frequencies found for delta (1.0-4.0 Hz) on channel 130
      Warning: No frequencies found for delta (1.0-4.0 Hz) on channel 131
      Warning: No frequencies found for delta (1.0-4.0 Hz) on channel 132
      Warning: No frequencies found for delta (1.0-4.0 Hz) on channel 133
      Warning: No frequencies found for delta (1.0-4.0 Hz) on channel 134
      Warning: No frequencies found for delta (1.0-4.0 Hz) on channel 135
      Warning: No frequencies found for delta (1.0-4.0 Hz) on channel 136
      Warning: No frequencies found for delta (1.0-4.0 Hz) on channel 137
      Warning: No frequencies found for delta (1.0-4.0 Hz) on channel 138
      Warning: No frequencies found for delta (1.0-4.0 Hz) on channel 139
      Warning: No frequencies found for delta (1.0-4.0 Hz) on channel 140
      Warning: No frequencies found for delta (1.0-4.0 Hz) on channel 141
      Warning: No frequencies found for delta (1.0-4.0 Hz) on channel 142
      Warning: No frequencies found for delta (1.0-4.0 Hz) on channel 143
      Warning: No frequencies found for delta (1.0-4.0 Hz) on channel 144
      Warning: No frequencies found for delta (1.0-4.0 Hz) on channel 145
      Warning: No frequencies found for delta (1.0-4.0 Hz) on channel 146
      Warning: No frequencies found for delta (1.0-4.0 Hz) on channel 147
      Warning: No frequencies found for delta (1.0-4.0 Hz) on channel 148
      Warning: No frequencies found for delta (1.0-4.0 Hz) on channel 149
      Warning: No frequencies found for delta (1.0-4.0 Hz) on channel 150
      Warning: No frequencies found for delta (1.0-4.0 Hz) on channel 151
      Warning: No frequencies found for delta (1.0-4.0 Hz) on channel 152
      Warning: No frequencies found for delta (1.0-4.0 Hz) on channel 153
      Warning: No frequencies found for delta (1.0-4.0 Hz) on channel 154
      Warning: No frequencies found for delta (1.0-4.0 Hz) on channel 155
      Warning: No frequencies found for delta (1.0-4.0 Hz) on channel 156
      Warning: No frequencies found for delta (1.0-4.0 Hz) on channel 157
      Warning: No frequencies found for delta (1.0-4.0 Hz) on channel 158
      Warning: No frequencies found for delta (1.0-4.0 Hz) on channel 159
      Warning: No frequencies found for delta (1.0-4.0 Hz) on channel 160
      Warning: No frequencies found for delta (1.0-4.0 Hz) on channel 161
      Warning: No frequencies found for delta (1.0-4.0 Hz) on channel 162
      Warning: No frequencies found for delta (1.0-4.0 Hz) on channel 163
      Warning: No frequencies found for delta (1.0-4.0 Hz) on channel 164
    Chunk 43/120 (35.8%)      Warning: No frequencies found for delta (1.0-4.0 Hz) on channel 0
      Warning: No frequencies found for delta (1.0-4.0 Hz) on channel 1
      Warning: No frequencies found for delta (1.0-4.0 Hz) on channel 2
      Warning: No frequencies found for delta (1.0-4.0 Hz) on channel 3
      Warning: No frequencies found for delta (1.0-4.0 Hz) on channel 4
      Warning: No frequencies found for delta (1.0-4.0 Hz) on channel 5
      Warning: No frequencies found for delta (1.0-4.0 Hz) on channel 6
      Warning: No frequencies found for delta (1.0-4.0 Hz) on channel 7
      Warning: No frequencies found for delta (1.0-4.0 Hz) on channel 8
      Warning: No frequencies found for delta (1.0-4.0 Hz) on channel 9
      Warning: No frequencies found for delta (1.0-4.0 Hz) on channel 10
      Warning: No frequencies found for delta (1.0-4.0 Hz) on channel 11
      Warning: No frequencies found for delta (1.0-4.0 Hz) on channel 12
      Warning: No frequencies found for delta (1.0-4.0 Hz) on channel 13
      Warning: No frequencies found for delta (1.0-4.0 Hz) on channel 14
      Warning: No frequencies found for delta (1.0-4.0 Hz) on channel 15
      Warning: No frequencies found for delta (1.0-4.0 Hz) on channel 16
      Warning: No frequencies found for delta (1.0-4.0 Hz) on channel 17
      Warning: No frequencies found for delta (1.0-4.0 Hz) on channel 18
      Warning: No frequencies found for delta (1.0-4.0 Hz) on channel 19
      Warning: No frequencies found for delta (1.0-4.0 Hz) on channel 20
      Warning: No frequencies found for delta (1.0-4.0 Hz) on channel 21
      Warning: No frequencies found for delta (1.0-4.0 Hz) on channel 22
      Warning: No frequencies found for delta (1.0-4.0 Hz) on channel 23
      Warning: No frequencies found for delta (1.0-4.0 Hz) on channel 24
      Warning: No frequencies found for delta (1.0-4.0 Hz) on channel 25
      Warning: No frequencies found for delta (1.0-4.0 Hz) on channel 26
      Warning: No frequencies found for delta (1.0-4.0 Hz) on channel 27
      Warning: No frequencies found for delta (1.0-4.0 Hz) on channel 28
      Warning: No frequencies found for delta (1.0-4.0 Hz) on channel 29
      Warning: No frequencies found for delta (1.0-4.0 Hz) on channel 30
      Warning: No frequencies found for delta (1.0-4.0 Hz) on channel 31
      Warning: No frequencies found for delta (1.0-4.0 Hz) on channel 32
      Warning: No frequencies found for delta (1.0-4.0 Hz) on channel 33
      Warning: No frequencies found for delta (1.0-4.0 Hz) on channel 34
      Warning: No frequencies found for delta (1.0-4.0 Hz) on channel 35
      Warning: No frequencies found for delta (1.0-4.0 Hz) on channel 36
      Warning: No frequencies found for delta (1.0-4.0 Hz) on channel 37
      Warning: No frequencies found for delta (1.0-4.0 Hz) on channel 38
      Warning: No frequencies found for delta (1.0-4.0 Hz) on channel 39
      Warning: No frequencies found for delta (1.0-4.0 Hz) on channel 40
      Warning: No frequencies found for delta (1.0-4.0 Hz) on channel 41
      Warning: No frequencies found for delta (1.0-4.0 Hz) on channel 42
      Warning: No frequencies found for delta (1.0-4.0 Hz) on channel 43
      Warning: No frequencies found for delta (1.0-4.0 Hz) on channel 44
      Warning: No frequencies found for delta (1.0-4.0 Hz) on channel 45
      Warning: No frequencies found for delta (1.0-4.0 Hz) on channel 46
      Warning: No frequencies found for delta (1.0-4.0 Hz) on channel 47
      Warning: No frequencies found for delta (1.0-4.0 Hz) on channel 48
      Warning: No frequencies found for delta (1.0-4.0 Hz) on channel 49
      Warning: No frequencies found for delta (1.0-4.0 Hz) on channel 50
      Warning: No frequencies found for delta (1.0-4.0 Hz) on channel 51
      Warning: No frequencies found for delta (1.0-4.0 Hz) on channel 52
      Warning: No frequencies found for delta (1.0-4.0 Hz) on channel 53
      Warning: No frequencies found for delta (1.0-4.0 Hz) on channel 54
      Warning: No frequencies found for delta (1.0-4.0 Hz) on channel 55
      Warning: No frequencies found for delta (1.0-4.0 Hz) on channel 56
      Warning: No frequencies found for delta (1.0-4.0 Hz) on channel 57
      Warning: No frequencies found for delta (1.0-4.0 Hz) on channel 58
      Warning: No frequencies found for delta (1.0-4.0 Hz) on channel 59
      Warning: No frequencies found for delta (1.0-4.0 Hz) on channel 60
      Warning: No frequencies found for delta (1.0-4.0 Hz) on channel 61
      Warning: No frequencies found for delta (1.0-4.0 Hz) on channel 62
      Warning: No frequencies found for delta (1.0-4.0 Hz) on channel 63
      Warning: No frequencies found for delta (1.0-4.0 Hz) on channel 64
      Warning: No frequencies found for delta (1.0-4.0 Hz) on channel 65
      Warning: No frequencies found for delta (1.0-4.0 Hz) on channel 66
      Warning: No frequencies found for delta (1.0-4.0 Hz) on channel 67
      Warning: No frequencies found for delta (1.0-4.0 Hz) on channel 68
      Warning: No frequencies found for delta (1.0-4.0 Hz) on channel 69
      Warning: No frequencies found for delta (1.0-4.0 Hz) on channel 70
      Warning: No frequencies found for delta (1.0-4.0 Hz) on channel 71
      Warning: No frequencies found for delta (1.0-4.0 Hz) on channel 72
      Warning: No frequencies found for delta (1.0-4.0 Hz) on channel 73
      Warning: No frequencies found for delta (1.0-4.0 Hz) on channel 74
      Warning: No frequencies found for delta (1.0-4.0 Hz) on channel 75
      Warning: No frequencies found for delta (1.0-4.0 Hz) on channel 76
      Warning: No frequencies found for delta (1.0-4.0 Hz) on channel 77
      Warning: No frequencies found for delta (1.0-4.0 Hz) on channel 78
      Warning: No frequencies found for delta (1.0-4.0 Hz) on channel 79
      Warning: No frequencies found for delta (1.0-4.0 Hz) on channel 80
      Warning: No frequencies found for delta (1.0-4.0 Hz) on channel 81
      Warning: No frequencies found for delta (1.0-4.0 Hz) on channel 82
      Warning: No frequencies found for delta (1.0-4.0 Hz) on channel 83
      Warning: No frequencies found for delta (1.0-4.0 Hz) on channel 84
      Warning: No frequencies found for delta (1.0-4.0 Hz) on channel 85
      Warning: No frequencies found for delta (1.0-4.0 Hz) on channel 86
      Warning: No frequencies found for delta (1.0-4.0 Hz) on channel 87
      Warning: No frequencies found for delta (1.0-4.0 Hz) on channel 88
      Warning: No frequencies found for delta (1.0-4.0 Hz) on channel 89
      Warning: No frequencies found for delta (1.0-4.0 Hz) on channel 90
      Warning: No frequencies found for delta (1.0-4.0 Hz) on channel 91
      Warning: No frequencies found for delta (1.0-4.0 Hz) on channel 92
      Warning: No frequencies found for delta (1.0-4.0 Hz) on channel 93
      Warning: No frequencies found for delta (1.0-4.0 Hz) on channel 94
      Warning: No frequencies found for delta (1.0-4.0 Hz) on channel 95
      Warning: No frequencies found for delta (1.0-4.0 Hz) on channel 96
      Warning: No frequencies found for delta (1.0-4.0 Hz) on channel 97
      Warning: No frequencies found for delta (1.0-4.0 Hz) on channel 98
      Warning: No frequencies found for delta (1.0-4.0 Hz) on channel 99
      Warning: No frequencies found for delta (1.0-4.0 Hz) on channel 100
      Warning: No frequencies found for delta (1.0-4.0 Hz) on channel 101
      Warning: No frequencies found for delta (1.0-4.0 Hz) on channel 102
      Warning: No frequencies found for delta (1.0-4.0 Hz) on channel 103
      Warning: No frequencies found for delta (1.0-4.0 Hz) on channel 104
      Warning: No frequencies found for delta (1.0-4.0 Hz) on channel 105
      Warning: No frequencies found for delta (1.0-4.0 Hz) on channel 106
      Warning: No frequencies found for delta (1.0-4.0 Hz) on channel 107
      Warning: No frequencies found for delta (1.0-4.0 Hz) on channel 108
      Warning: No frequencies found for delta (1.0-4.0 Hz) on channel 109
      Warning: No frequencies found for delta (1.0-4.0 Hz) on channel 110
      Warning: No frequencies found for delta (1.0-4.0 Hz) on channel 111
      Warning: No frequencies found for delta (1.0-4.0 Hz) on channel 112
      Warning: No frequencies found for delta (1.0-4.0 Hz) on channel 113
      Warning: No frequencies found for delta (1.0-4.0 Hz) on channel 114
      Warning: No frequencies found for delta (1.0-4.0 Hz) on channel 115
      Warning: No frequencies found for delta (1.0-4.0 Hz) on channel 116
      Warning: No frequencies found for delta (1.0-4.0 Hz) on channel 117
      Warning: No frequencies found for delta (1.0-4.0 Hz) on channel 118
      Warning: No frequencies found for delta (1.0-4.0 Hz) on channel 119
      Warning: No frequencies found for delta (1.0-4.0 Hz) on channel 120
      Warning: No frequencies found for delta (1.0-4.0 Hz) on channel 121
      Warning: No frequencies found for delta (1.0-4.0 Hz) on channel 122
      Warning: No frequencies found for delta (1.0-4.0 Hz) on channel 123
      Warning: No frequencies found for delta (1.0-4.0 Hz) on channel 124
      Warning: No frequencies found for delta (1.0-4.0 Hz) on channel 125
      Warning: No frequencies found for delta (1.0-4.0 Hz) on channel 126
      Warning: No frequencies found for delta (1.0-4.0 Hz) on channel 127
      Warning: No frequencies found for delta (1.0-4.0 Hz) on channel 128
      Warning: No frequencies found for delta (1.0-4.0 Hz) on channel 129
      Warning: No frequencies found for delta (1.0-4.0 Hz) on channel 130
      Warning: No frequencies found for delta (1.0-4.0 Hz) on channel 131
      Warning: No frequencies found for delta (1.0-4.0 Hz) on channel 132
      Warning: No frequencies found for delta (1.0-4.0 Hz) on channel 133
      Warning: No frequencies found for delta (1.0-4.0 Hz) on channel 134
      Warning: No frequencies found for delta (1.0-4.0 Hz) on channel 135
      Warning: No frequencies found for delta (1.0-4.0 Hz) on channel 136
      Warning: No frequencies found for delta (1.0-4.0 Hz) on channel 137
      Warning: No frequencies found for delta (1.0-4.0 Hz) on channel 138
      Warning: No frequencies found for delta (1.0-4.0 Hz) on channel 139
      Warning: No frequencies found for delta (1.0-4.0 Hz) on channel 140
      Warning: No frequencies found for delta (1.0-4.0 Hz) on channel 141
      Warning: No frequencies found for delta (1.0-4.0 Hz) on channel 142
      Warning: No frequencies found for delta (1.0-4.0 Hz) on channel 143
      Warning: No frequencies found for delta (1.0-4.0 Hz) on channel 144
      Warning: No frequencies found for delta (1.0-4.0 Hz) on channel 145
      Warning: No frequencies found for delta (1.0-4.0 Hz) on channel 146
      Warning: No frequencies found for delta (1.0-4.0 Hz) on channel 147
      Warning: No frequencies found for delta (1.0-4.0 Hz) on channel 148
      Warning: No frequencies found for delta (1.0-4.0 Hz) on channel 149
      Warning: No frequencies found for delta (1.0-4.0 Hz) on channel 150
      Warning: No frequencies found for delta (1.0-4.0 Hz) on channel 151
      Warning: No frequencies found for delta (1.0-4.0 Hz) on channel 152
      Warning: No frequencies found for delta (1.0-4.0 Hz) on channel 153
      Warning: No frequencies found for delta (1.0-4.0 Hz) on channel 154
      Warning: No frequencies found for delta (1.0-4.0 Hz) on channel 155
      Warning: No frequencies found for delta (1.0-4.0 Hz) on channel 156
      Warning: No frequencies found for delta (1.0-4.0 Hz) on channel 157
      Warning: No frequencies found for delta (1.0-4.0 Hz) on channel 158
      Warning: No frequencies found for delta (1.0-4.0 Hz) on channel 159
      Warning: No frequencies found for delta (1.0-4.0 Hz) on channel 160
      Warning: No frequencies found for delta (1.0-4.0 Hz) on channel 161
      Warning: No frequencies found for delta (1.0-4.0 Hz) on channel 162
      Warning: No frequencies found for delta (1.0-4.0 Hz) on channel 163
      Warning: No frequencies found for delta (1.0-4.0 Hz) on channel 164
    Chunk 44/120 (36.7%)      Warning: No frequencies found for delta (1.0-4.0 Hz) on channel 0
      Warning: No frequencies found for delta (1.0-4.0 Hz) on channel 1
      Warning: No frequencies found for delta (1.0-4.0 Hz) on channel 2
      Warning: No frequencies found for delta (1.0-4.0 Hz) on channel 3
      Warning: No frequencies found for delta (1.0-4.0 Hz) on channel 4
      Warning: No frequencies found for delta (1.0-4.0 Hz) on channel 5
      Warning: No frequencies found for delta (1.0-4.0 Hz) on channel 6
      Warning: No frequencies found for delta (1.0-4.0 Hz) on channel 7
      Warning: No frequencies found for delta (1.0-4.0 Hz) on channel 8
      Warning: No frequencies found for delta (1.0-4.0 Hz) on channel 9
      Warning: No frequencies found for delta (1.0-4.0 Hz) on channel 10
      Warning: No frequencies found for delta (1.0-4.0 Hz) on channel 11
      Warning: No frequencies found for delta (1.0-4.0 Hz) on channel 12
      Warning: No frequencies found for delta (1.0-4.0 Hz) on channel 13
      Warning: No frequencies found for delta (1.0-4.0 Hz) on channel 14
      Warning: No frequencies found for delta (1.0-4.0 Hz) on channel 15
      Warning: No frequencies found for delta (1.0-4.0 Hz) on channel 16
      Warning: No frequencies found for delta (1.0-4.0 Hz) on channel 17
      Warning: No frequencies found for delta (1.0-4.0 Hz) on channel 18
      Warning: No frequencies found for delta (1.0-4.0 Hz) on channel 19
      Warning: No frequencies found for delta (1.0-4.0 Hz) on channel 20
      Warning: No frequencies found for delta (1.0-4.0 Hz) on channel 21
      Warning: No frequencies found for delta (1.0-4.0 Hz) on channel 22
      Warning: No frequencies found for delta (1.0-4.0 Hz) on channel 23
      Warning: No frequencies found for delta (1.0-4.0 Hz) on channel 24
      Warning: No frequencies found for delta (1.0-4.0 Hz) on channel 25
      Warning: No frequencies found for delta (1.0-4.0 Hz) on channel 26
      Warning: No frequencies found for delta (1.0-4.0 Hz) on channel 27
      Warning: No frequencies found for delta (1.0-4.0 Hz) on channel 28
      Warning: No frequencies found for delta (1.0-4.0 Hz) on channel 29
      Warning: No frequencies found for delta (1.0-4.0 Hz) on channel 30
      Warning: No frequencies found for delta (1.0-4.0 Hz) on channel 31
      Warning: No frequencies found for delta (1.0-4.0 Hz) on channel 32
      Warning: No frequencies found for delta (1.0-4.0 Hz) on channel 33
      Warning: No frequencies found for delta (1.0-4.0 Hz) on channel 34
      Warning: No frequencies found for delta (1.0-4.0 Hz) on channel 35
      Warning: No frequencies found for delta (1.0-4.0 Hz) on channel 36
      Warning: No frequencies found for delta (1.0-4.0 Hz) on channel 37
      Warning: No frequencies found for delta (1.0-4.0 Hz) on channel 38
      Warning: No frequencies found for delta (1.0-4.0 Hz) on channel 39
      Warning: No frequencies found for delta (1.0-4.0 Hz) on channel 40
      Warning: No frequencies found for delta (1.0-4.0 Hz) on channel 41
      Warning: No frequencies found for delta (1.0-4.0 Hz) on channel 42
      Warning: No frequencies found for delta (1.0-4.0 Hz) on channel 43
      Warning: No frequencies found for delta (1.0-4.0 Hz) on channel 44
      Warning: No frequencies found for delta (1.0-4.0 Hz) on channel 45
      Warning: No frequencies found for delta (1.0-4.0 Hz) on channel 46
      Warning: No frequencies found for delta (1.0-4.0 Hz) on channel 47
      Warning: No frequencies found for delta (1.0-4.0 Hz) on channel 48
      Warning: No frequencies found for delta (1.0-4.0 Hz) on channel 49
      Warning: No frequencies found for delta (1.0-4.0 Hz) on channel 50
      Warning: No frequencies found for delta (1.0-4.0 Hz) on channel 51
      Warning: No frequencies found for delta (1.0-4.0 Hz) on channel 52
      Warning: No frequencies found for delta (1.0-4.0 Hz) on channel 53
      Warning: No frequencies found for delta (1.0-4.0 Hz) on channel 54
      Warning: No frequencies found for delta (1.0-4.0 Hz) on channel 55
      Warning: No frequencies found for delta (1.0-4.0 Hz) on channel 56
      Warning: No frequencies found for delta (1.0-4.0 Hz) on channel 57
      Warning: No frequencies found for delta (1.0-4.0 Hz) on channel 58
      Warning: No frequencies found for delta (1.0-4.0 Hz) on channel 59
      Warning: No frequencies found for delta (1.0-4.0 Hz) on channel 60
      Warning: No frequencies found for delta (1.0-4.0 Hz) on channel 61
      Warning: No frequencies found for delta (1.0-4.0 Hz) on channel 62
      Warning: No frequencies found for delta (1.0-4.0 Hz) on channel 63
      Warning: No frequencies found for delta (1.0-4.0 Hz) on channel 64
      Warning: No frequencies found for delta (1.0-4.0 Hz) on channel 65
      Warning: No frequencies found for delta (1.0-4.0 Hz) on channel 66
      Warning: No frequencies found for delta (1.0-4.0 Hz) on channel 67
      Warning: No frequencies found for delta (1.0-4.0 Hz) on channel 68
      Warning: No frequencies found for delta (1.0-4.0 Hz) on channel 69
      Warning: No frequencies found for delta (1.0-4.0 Hz) on channel 70
      Warning: No frequencies found for delta (1.0-4.0 Hz) on channel 71
      Warning: No frequencies found for delta (1.0-4.0 Hz) on channel 72
      Warning: No frequencies found for delta (1.0-4.0 Hz) on channel 73
      Warning: No frequencies found for delta (1.0-4.0 Hz) on channel 74
      Warning: No frequencies found for delta (1.0-4.0 Hz) on channel 75
      Warning: No frequencies found for delta (1.0-4.0 Hz) on channel 76
      Warning: No frequencies found for delta (1.0-4.0 Hz) on channel 77
      Warning: No frequencies found for delta (1.0-4.0 Hz) on channel 78
      Warning: No frequencies found for delta (1.0-4.0 Hz) on channel 79
      Warning: No frequencies found for delta (1.0-4.0 Hz) on channel 80
      Warning: No frequencies found for delta (1.0-4.0 Hz) on channel 81
      Warning: No frequencies found for delta (1.0-4.0 Hz) on channel 82
      Warning: No frequencies found for delta (1.0-4.0 Hz) on channel 83
      Warning: No frequencies found for delta (1.0-4.0 Hz) on channel 84
      Warning: No frequencies found for delta (1.0-4.0 Hz) on channel 85
      Warning: No frequencies found for delta (1.0-4.0 Hz) on channel 86
      Warning: No frequencies found for delta (1.0-4.0 Hz) on channel 87
      Warning: No frequencies found for delta (1.0-4.0 Hz) on channel 88
      Warning: No frequencies found for delta (1.0-4.0 Hz) on channel 89
      Warning: No frequencies found for delta (1.0-4.0 Hz) on channel 90
      Warning: No frequencies found for delta (1.0-4.0 Hz) on channel 91
      Warning: No frequencies found for delta (1.0-4.0 Hz) on channel 92
      Warning: No frequencies found for delta (1.0-4.0 Hz) on channel 93
      Warning: No frequencies found for delta (1.0-4.0 Hz) on channel 94
      Warning: No frequencies found for delta (1.0-4.0 Hz) on channel 95
      Warning: No frequencies found for delta (1.0-4.0 Hz) on channel 96
      Warning: No frequencies found for delta (1.0-4.0 Hz) on channel 97
      Warning: No frequencies found for delta (1.0-4.0 Hz) on channel 98
      Warning: No frequencies found for delta (1.0-4.0 Hz) on channel 99
      Warning: No frequencies found for delta (1.0-4.0 Hz) on channel 100
      Warning: No frequencies found for delta (1.0-4.0 Hz) on channel 101
      Warning: No frequencies found for delta (1.0-4.0 Hz) on channel 102
      Warning: No frequencies found for delta (1.0-4.0 Hz) on channel 103
      Warning: No frequencies found for delta (1.0-4.0 Hz) on channel 104
      Warning: No frequencies found for delta (1.0-4.0 Hz) on channel 105
      Warning: No frequencies found for delta (1.0-4.0 Hz) on channel 106
      Warning: No frequencies found for delta (1.0-4.0 Hz) on channel 107
      Warning: No frequencies found for delta (1.0-4.0 Hz) on channel 108
      Warning: No frequencies found for delta (1.0-4.0 Hz) on channel 109
      Warning: No frequencies found for delta (1.0-4.0 Hz) on channel 110
      Warning: No frequencies found for delta (1.0-4.0 Hz) on channel 111
      Warning: No frequencies found for delta (1.0-4.0 Hz) on channel 112
      Warning: No frequencies found for delta (1.0-4.0 Hz) on channel 113
      Warning: No frequencies found for delta (1.0-4.0 Hz) on channel 114
      Warning: No frequencies found for delta (1.0-4.0 Hz) on channel 115
      Warning: No frequencies found for delta (1.0-4.0 Hz) on channel 116
      Warning: No frequencies found for delta (1.0-4.0 Hz) on channel 117
      Warning: No frequencies found for delta (1.0-4.0 Hz) on channel 118
      Warning: No frequencies found for delta (1.0-4.0 Hz) on channel 119
      Warning: No frequencies found for delta (1.0-4.0 Hz) on channel 120
      Warning: No frequencies found for delta (1.0-4.0 Hz) on channel 121
      Warning: No frequencies found for delta (1.0-4.0 Hz) on channel 122
      Warning: No frequencies found for delta (1.0-4.0 Hz) on channel 123
      Warning: No frequencies found for delta (1.0-4.0 Hz) on channel 124
      Warning: No frequencies found for delta (1.0-4.0 Hz) on channel 125
      Warning: No frequencies found for delta (1.0-4.0 Hz) on channel 126
      Warning: No frequencies found for delta (1.0-4.0 Hz) on channel 127
      Warning: No frequencies found for delta (1.0-4.0 Hz) on channel 128
      Warning: No frequencies found for delta (1.0-4.0 Hz) on channel 129
      Warning: No frequencies found for delta (1.0-4.0 Hz) on channel 130
      Warning: No frequencies found for delta (1.0-4.0 Hz) on channel 131
      Warning: No frequencies found for delta (1.0-4.0 Hz) on channel 132
      Warning: No frequencies found for delta (1.0-4.0 Hz) on channel 133
      Warning: No frequencies found for delta (1.0-4.0 Hz) on channel 134
      Warning: No frequencies found for delta (1.0-4.0 Hz) on channel 135
      Warning: No frequencies found for delta (1.0-4.0 Hz) on channel 136
      Warning: No frequencies found for delta (1.0-4.0 Hz) on channel 137
      Warning: No frequencies found for delta (1.0-4.0 Hz) on channel 138
      Warning: No frequencies found for delta (1.0-4.0 Hz) on channel 139
      Warning: No frequencies found for delta (1.0-4.0 Hz) on channel 140
      Warning: No frequencies found for delta (1.0-4.0 Hz) on channel 141
      Warning: No frequencies found for delta (1.0-4.0 Hz) on channel 142
      Warning: No frequencies found for delta (1.0-4.0 Hz) on channel 143
      Warning: No frequencies found for delta (1.0-4.0 Hz) on channel 144
      Warning: No frequencies found for delta (1.0-4.0 Hz) on channel 145
      Warning: No frequencies found for delta (1.0-4.0 Hz) on channel 146
      Warning: No frequencies found for delta (1.0-4.0 Hz) on channel 147
      Warning: No frequencies found for delta (1.0-4.0 Hz) on channel 148
      Warning: No frequencies found for delta (1.0-4.0 Hz) on channel 149
      Warning: No frequencies found for delta (1.0-4.0 Hz) on channel 150
      Warning: No frequencies found for delta (1.0-4.0 Hz) on channel 151
      Warning: No frequencies found for delta (1.0-4.0 Hz) on channel 152
      Warning: No frequencies found for delta (1.0-4.0 Hz) on channel 153
      Warning: No frequencies found for delta (1.0-4.0 Hz) on channel 154
      Warning: No frequencies found for delta (1.0-4.0 Hz) on channel 155
      Warning: No frequencies found for delta (1.0-4.0 Hz) on channel 156
      Warning: No frequencies found for delta (1.0-4.0 Hz) on channel 157
      Warning: No frequencies found for delta (1.0-4.0 Hz) on channel 158
      Warning: No frequencies found for delta (1.0-4.0 Hz) on channel 159
      Warning: No frequencies found for delta (1.0-4.0 Hz) on channel 160
      Warning: No frequencies found for delta (1.0-4.0 Hz) on channel 161
      Warning: No frequencies found for delta (1.0-4.0 Hz) on channel 162
      Warning: No frequencies found for delta (1.0-4.0 Hz) on channel 163
      Warning: No frequencies found for delta (1.0-4.0 Hz) on channel 164
    Chunk 45/120 (37.5%)      Warning: No frequencies found for delta (1.0-4.0 Hz) on channel 0
      Warning: No frequencies found for delta (1.0-4.0 Hz) on channel 1
      Warning: No frequencies found for delta (1.0-4.0 Hz) on channel 2
      Warning: No frequencies found for delta (1.0-4.0 Hz) on channel 3
      Warning: No frequencies found for delta (1.0-4.0 Hz) on channel 4
      Warning: No frequencies found for delta (1.0-4.0 Hz) on channel 5
      Warning: No frequencies found for delta (1.0-4.0 Hz) on channel 6
      Warning: No frequencies found for delta (1.0-4.0 Hz) on channel 7
      Warning: No frequencies found for delta (1.0-4.0 Hz) on channel 8
      Warning: No frequencies found for delta (1.0-4.0 Hz) on channel 9
      Warning: No frequencies found for delta (1.0-4.0 Hz) on channel 10
      Warning: No frequencies found for delta (1.0-4.0 Hz) on channel 11
      Warning: No frequencies found for delta (1.0-4.0 Hz) on channel 12
      Warning: No frequencies found for delta (1.0-4.0 Hz) on channel 13
      Warning: No frequencies found for delta (1.0-4.0 Hz) on channel 14
      Warning: No frequencies found for delta (1.0-4.0 Hz) on channel 15
      Warning: No frequencies found for delta (1.0-4.0 Hz) on channel 16
      Warning: No frequencies found for delta (1.0-4.0 Hz) on channel 17
      Warning: No frequencies found for delta (1.0-4.0 Hz) on channel 18
      Warning: No frequencies found for delta (1.0-4.0 Hz) on channel 19
      Warning: No frequencies found for delta (1.0-4.0 Hz) on channel 20
      Warning: No frequencies found for delta (1.0-4.0 Hz) on channel 21
      Warning: No frequencies found for delta (1.0-4.0 Hz) on channel 22
      Warning: No frequencies found for delta (1.0-4.0 Hz) on channel 23
      Warning: No frequencies found for delta (1.0-4.0 Hz) on channel 24
      Warning: No frequencies found for delta (1.0-4.0 Hz) on channel 25
      Warning: No frequencies found for delta (1.0-4.0 Hz) on channel 26
      Warning: No frequencies found for delta (1.0-4.0 Hz) on channel 27
      Warning: No frequencies found for delta (1.0-4.0 Hz) on channel 28
      Warning: No frequencies found for delta (1.0-4.0 Hz) on channel 29
      Warning: No frequencies found for delta (1.0-4.0 Hz) on channel 30
      Warning: No frequencies found for delta (1.0-4.0 Hz) on channel 31
      Warning: No frequencies found for delta (1.0-4.0 Hz) on channel 32
      Warning: No frequencies found for delta (1.0-4.0 Hz) on channel 33
      Warning: No frequencies found for delta (1.0-4.0 Hz) on channel 34
      Warning: No frequencies found for delta (1.0-4.0 Hz) on channel 35
      Warning: No frequencies found for delta (1.0-4.0 Hz) on channel 36
      Warning: No frequencies found for delta (1.0-4.0 Hz) on channel 37
      Warning: No frequencies found for delta (1.0-4.0 Hz) on channel 38
      Warning: No frequencies found for delta (1.0-4.0 Hz) on channel 39
      Warning: No frequencies found for delta (1.0-4.0 Hz) on channel 40
      Warning: No frequencies found for delta (1.0-4.0 Hz) on channel 41
      Warning: No frequencies found for delta (1.0-4.0 Hz) on channel 42
      Warning: No frequencies found for delta (1.0-4.0 Hz) on channel 43
      Warning: No frequencies found for delta (1.0-4.0 Hz) on channel 44
      Warning: No frequencies found for delta (1.0-4.0 Hz) on channel 45
      Warning: No frequencies found for delta (1.0-4.0 Hz) on channel 46
      Warning: No frequencies found for delta (1.0-4.0 Hz) on channel 47
      Warning: No frequencies found for delta (1.0-4.0 Hz) on channel 48
      Warning: No frequencies found for delta (1.0-4.0 Hz) on channel 49
      Warning: No frequencies found for delta (1.0-4.0 Hz) on channel 50
      Warning: No frequencies found for delta (1.0-4.0 Hz) on channel 51
      Warning: No frequencies found for delta (1.0-4.0 Hz) on channel 52
      Warning: No frequencies found for delta (1.0-4.0 Hz) on channel 53
      Warning: No frequencies found for delta (1.0-4.0 Hz) on channel 54
      Warning: No frequencies found for delta (1.0-4.0 Hz) on channel 55
      Warning: No frequencies found for delta (1.0-4.0 Hz) on channel 56
      Warning: No frequencies found for delta (1.0-4.0 Hz) on channel 57
      Warning: No frequencies found for delta (1.0-4.0 Hz) on channel 58
      Warning: No frequencies found for delta (1.0-4.0 Hz) on channel 59
      Warning: No frequencies found for delta (1.0-4.0 Hz) on channel 60
      Warning: No frequencies found for delta (1.0-4.0 Hz) on channel 61
      Warning: No frequencies found for delta (1.0-4.0 Hz) on channel 62
      Warning: No frequencies found for delta (1.0-4.0 Hz) on channel 63
      Warning: No frequencies found for delta (1.0-4.0 Hz) on channel 64
      Warning: No frequencies found for delta (1.0-4.0 Hz) on channel 65
      Warning: No frequencies found for delta (1.0-4.0 Hz) on channel 66
      Warning: No frequencies found for delta (1.0-4.0 Hz) on channel 67
      Warning: No frequencies found for delta (1.0-4.0 Hz) on channel 68
      Warning: No frequencies found for delta (1.0-4.0 Hz) on channel 69
      Warning: No frequencies found for delta (1.0-4.0 Hz) on channel 70
      Warning: No frequencies found for delta (1.0-4.0 Hz) on channel 71
      Warning: No frequencies found for delta (1.0-4.0 Hz) on channel 72
      Warning: No frequencies found for delta (1.0-4.0 Hz) on channel 73
      Warning: No frequencies found for delta (1.0-4.0 Hz) on channel 74
      Warning: No frequencies found for delta (1.0-4.0 Hz) on channel 75
      Warning: No frequencies found for delta (1.0-4.0 Hz) on channel 76
      Warning: No frequencies found for delta (1.0-4.0 Hz) on channel 77
      Warning: No frequencies found for delta (1.0-4.0 Hz) on channel 78
      Warning: No frequencies found for delta (1.0-4.0 Hz) on channel 79
      Warning: No frequencies found for delta (1.0-4.0 Hz) on channel 80
      Warning: No frequencies found for delta (1.0-4.0 Hz) on channel 81
      Warning: No frequencies found for delta (1.0-4.0 Hz) on channel 82
      Warning: No frequencies found for delta (1.0-4.0 Hz) on channel 83
      Warning: No frequencies found for delta (1.0-4.0 Hz) on channel 84
      Warning: No frequencies found for delta (1.0-4.0 Hz) on channel 85
      Warning: No frequencies found for delta (1.0-4.0 Hz) on channel 86
      Warning: No frequencies found for delta (1.0-4.0 Hz) on channel 87
      Warning: No frequencies found for delta (1.0-4.0 Hz) on channel 88
      Warning: No frequencies found for delta (1.0-4.0 Hz) on channel 89
      Warning: No frequencies found for delta (1.0-4.0 Hz) on channel 90
      Warning: No frequencies found for delta (1.0-4.0 Hz) on channel 91
      Warning: No frequencies found for delta (1.0-4.0 Hz) on channel 92
      Warning: No frequencies found for delta (1.0-4.0 Hz) on channel 93
      Warning: No frequencies found for delta (1.0-4.0 Hz) on channel 94
      Warning: No frequencies found for delta (1.0-4.0 Hz) on channel 95
      Warning: No frequencies found for delta (1.0-4.0 Hz) on channel 96
      Warning: No frequencies found for delta (1.0-4.0 Hz) on channel 97
      Warning: No frequencies found for delta (1.0-4.0 Hz) on channel 98
      Warning: No frequencies found for delta (1.0-4.0 Hz) on channel 99
      Warning: No frequencies found for delta (1.0-4.0 Hz) on channel 100
      Warning: No frequencies found for delta (1.0-4.0 Hz) on channel 101
      Warning: No frequencies found for delta (1.0-4.0 Hz) on channel 102
      Warning: No frequencies found for delta (1.0-4.0 Hz) on channel 103
      Warning: No frequencies found for delta (1.0-4.0 Hz) on channel 104
      Warning: No frequencies found for delta (1.0-4.0 Hz) on channel 105
      Warning: No frequencies found for delta (1.0-4.0 Hz) on channel 106
      Warning: No frequencies found for delta (1.0-4.0 Hz) on channel 107
      Warning: No frequencies found for delta (1.0-4.0 Hz) on channel 108
      Warning: No frequencies found for delta (1.0-4.0 Hz) on channel 109
      Warning: No frequencies found for delta (1.0-4.0 Hz) on channel 110
      Warning: No frequencies found for delta (1.0-4.0 Hz) on channel 111
      Warning: No frequencies found for delta (1.0-4.0 Hz) on channel 112
      Warning: No frequencies found for delta (1.0-4.0 Hz) on channel 113
      Warning: No frequencies found for delta (1.0-4.0 Hz) on channel 114
      Warning: No frequencies found for delta (1.0-4.0 Hz) on channel 115
      Warning: No frequencies found for delta (1.0-4.0 Hz) on channel 116
      Warning: No frequencies found for delta (1.0-4.0 Hz) on channel 117
      Warning: No frequencies found for delta (1.0-4.0 Hz) on channel 118
      Warning: No frequencies found for delta (1.0-4.0 Hz) on channel 119
      Warning: No frequencies found for delta (1.0-4.0 Hz) on channel 120
      Warning: No frequencies found for delta (1.0-4.0 Hz) on channel 121
      Warning: No frequencies found for delta (1.0-4.0 Hz) on channel 122
      Warning: No frequencies found for delta (1.0-4.0 Hz) on channel 123
      Warning: No frequencies found for delta (1.0-4.0 Hz) on channel 124
      Warning: No frequencies found for delta (1.0-4.0 Hz) on channel 125
      Warning: No frequencies found for delta (1.0-4.0 Hz) on channel 126
      Warning: No frequencies found for delta (1.0-4.0 Hz) on channel 127
      Warning: No frequencies found for delta (1.0-4.0 Hz) on channel 128
      Warning: No frequencies found for delta (1.0-4.0 Hz) on channel 129
      Warning: No frequencies found for delta (1.0-4.0 Hz) on channel 130
      Warning: No frequencies found for delta (1.0-4.0 Hz) on channel 131
      Warning: No frequencies found for delta (1.0-4.0 Hz) on channel 132
      Warning: No frequencies found for delta (1.0-4.0 Hz) on channel 133
      Warning: No frequencies found for delta (1.0-4.0 Hz) on channel 134
      Warning: No frequencies found for delta (1.0-4.0 Hz) on channel 135
      Warning: No frequencies found for delta (1.0-4.0 Hz) on channel 136
      Warning: No frequencies found for delta (1.0-4.0 Hz) on channel 137
      Warning: No frequencies found for delta (1.0-4.0 Hz) on channel 138
      Warning: No frequencies found for delta (1.0-4.0 Hz) on channel 139
      Warning: No frequencies found for delta (1.0-4.0 Hz) on channel 140
      Warning: No frequencies found for delta (1.0-4.0 Hz) on channel 141
      Warning: No frequencies found for delta (1.0-4.0 Hz) on channel 142
      Warning: No frequencies found for delta (1.0-4.0 Hz) on channel 143
      Warning: No frequencies found for delta (1.0-4.0 Hz) on channel 144
      Warning: No frequencies found for delta (1.0-4.0 Hz) on channel 145
      Warning: No frequencies found for delta (1.0-4.0 Hz) on channel 146
      Warning: No frequencies found for delta (1.0-4.0 Hz) on channel 147
      Warning: No frequencies found for delta (1.0-4.0 Hz) on channel 148
      Warning: No frequencies found for delta (1.0-4.0 Hz) on channel 149
      Warning: No frequencies found for delta (1.0-4.0 Hz) on channel 150
      Warning: No frequencies found for delta (1.0-4.0 Hz) on channel 151
      Warning: No frequencies found for delta (1.0-4.0 Hz) on channel 152
      Warning: No frequencies found for delta (1.0-4.0 Hz) on channel 153
      Warning: No frequencies found for delta (1.0-4.0 Hz) on channel 154
      Warning: No frequencies found for delta (1.0-4.0 Hz) on channel 155
      Warning: No frequencies found for delta (1.0-4.0 Hz) on channel 156
      Warning: No frequencies found for delta (1.0-4.0 Hz) on channel 157
      Warning: No frequencies found for delta (1.0-4.0 Hz) on channel 158
      Warning: No frequencies found for delta (1.0-4.0 Hz) on channel 159
      Warning: No frequencies found for delta (1.0-4.0 Hz) on channel 160
      Warning: No frequencies found for delta (1.0-4.0 Hz) on channel 161
      Warning: No frequencies found for delta (1.0-4.0 Hz) on channel 162
      Warning: No frequencies found for delta (1.0-4.0 Hz) on channel 163
      Warning: No frequencies found for delta (1.0-4.0 Hz) on channel 164
    Chunk 46/120 (38.3%)      Warning: No frequencies found for delta (1.0-4.0 Hz) on channel 0
      Warning: No frequencies found for delta (1.0-4.0 Hz) on channel 1
      Warning: No frequencies found for delta (1.0-4.0 Hz) on channel 2
      Warning: No frequencies found for delta (1.0-4.0 Hz) on channel 3
      Warning: No frequencies found for delta (1.0-4.0 Hz) on channel 4
      Warning: No frequencies found for delta (1.0-4.0 Hz) on channel 5
      Warning: No frequencies found for delta (1.0-4.0 Hz) on channel 6
      Warning: No frequencies found for delta (1.0-4.0 Hz) on channel 7
      Warning: No frequencies found for delta (1.0-4.0 Hz) on channel 8
      Warning: No frequencies found for delta (1.0-4.0 Hz) on channel 9
      Warning: No frequencies found for delta (1.0-4.0 Hz) on channel 10
      Warning: No frequencies found for delta (1.0-4.0 Hz) on channel 11
      Warning: No frequencies found for delta (1.0-4.0 Hz) on channel 12
      Warning: No frequencies found for delta (1.0-4.0 Hz) on channel 13
      Warning: No frequencies found for delta (1.0-4.0 Hz) on channel 14
      Warning: No frequencies found for delta (1.0-4.0 Hz) on channel 15
      Warning: No frequencies found for delta (1.0-4.0 Hz) on channel 16
      Warning: No frequencies found for delta (1.0-4.0 Hz) on channel 17
      Warning: No frequencies found for delta (1.0-4.0 Hz) on channel 18
      Warning: No frequencies found for delta (1.0-4.0 Hz) on channel 19
      Warning: No frequencies found for delta (1.0-4.0 Hz) on channel 20
      Warning: No frequencies found for delta (1.0-4.0 Hz) on channel 21
      Warning: No frequencies found for delta (1.0-4.0 Hz) on channel 22
      Warning: No frequencies found for delta (1.0-4.0 Hz) on channel 23
      Warning: No frequencies found for delta (1.0-4.0 Hz) on channel 24
      Warning: No frequencies found for delta (1.0-4.0 Hz) on channel 25
      Warning: No frequencies found for delta (1.0-4.0 Hz) on channel 26
      Warning: No frequencies found for delta (1.0-4.0 Hz) on channel 27
      Warning: No frequencies found for delta (1.0-4.0 Hz) on channel 28
      Warning: No frequencies found for delta (1.0-4.0 Hz) on channel 29
      Warning: No frequencies found for delta (1.0-4.0 Hz) on channel 30
      Warning: No frequencies found for delta (1.0-4.0 Hz) on channel 31
      Warning: No frequencies found for delta (1.0-4.0 Hz) on channel 32
      Warning: No frequencies found for delta (1.0-4.0 Hz) on channel 33
      Warning: No frequencies found for delta (1.0-4.0 Hz) on channel 34
      Warning: No frequencies found for delta (1.0-4.0 Hz) on channel 35
      Warning: No frequencies found for delta (1.0-4.0 Hz) on channel 36
      Warning: No frequencies found for delta (1.0-4.0 Hz) on channel 37
      Warning: No frequencies found for delta (1.0-4.0 Hz) on channel 38
      Warning: No frequencies found for delta (1.0-4.0 Hz) on channel 39
      Warning: No frequencies found for delta (1.0-4.0 Hz) on channel 40
      Warning: No frequencies found for delta (1.0-4.0 Hz) on channel 41
      Warning: No frequencies found for delta (1.0-4.0 Hz) on channel 42
      Warning: No frequencies found for delta (1.0-4.0 Hz) on channel 43
      Warning: No frequencies found for delta (1.0-4.0 Hz) on channel 44
      Warning: No frequencies found for delta (1.0-4.0 Hz) on channel 45
      Warning: No frequencies found for delta (1.0-4.0 Hz) on channel 46
      Warning: No frequencies found for delta (1.0-4.0 Hz) on channel 47
      Warning: No frequencies found for delta (1.0-4.0 Hz) on channel 48
      Warning: No frequencies found for delta (1.0-4.0 Hz) on channel 49
      Warning: No frequencies found for delta (1.0-4.0 Hz) on channel 50
      Warning: No frequencies found for delta (1.0-4.0 Hz) on channel 51
      Warning: No frequencies found for delta (1.0-4.0 Hz) on channel 52
      Warning: No frequencies found for delta (1.0-4.0 Hz) on channel 53
      Warning: No frequencies found for delta (1.0-4.0 Hz) on channel 54
      Warning: No frequencies found for delta (1.0-4.0 Hz) on channel 55
      Warning: No frequencies found for delta (1.0-4.0 Hz) on channel 56
      Warning: No frequencies found for delta (1.0-4.0 Hz) on channel 57
      Warning: No frequencies found for delta (1.0-4.0 Hz) on channel 58
      Warning: No frequencies found for delta (1.0-4.0 Hz) on channel 59
      Warning: No frequencies found for delta (1.0-4.0 Hz) on channel 60
      Warning: No frequencies found for delta (1.0-4.0 Hz) on channel 61
      Warning: No frequencies found for delta (1.0-4.0 Hz) on channel 62
      Warning: No frequencies found for delta (1.0-4.0 Hz) on channel 63
      Warning: No frequencies found for delta (1.0-4.0 Hz) on channel 64
      Warning: No frequencies found for delta (1.0-4.0 Hz) on channel 65
      Warning: No frequencies found for delta (1.0-4.0 Hz) on channel 66
      Warning: No frequencies found for delta (1.0-4.0 Hz) on channel 67
      Warning: No frequencies found for delta (1.0-4.0 Hz) on channel 68
      Warning: No frequencies found for delta (1.0-4.0 Hz) on channel 69
      Warning: No frequencies found for delta (1.0-4.0 Hz) on channel 70
      Warning: No frequencies found for delta (1.0-4.0 Hz) on channel 71
      Warning: No frequencies found for delta (1.0-4.0 Hz) on channel 72
      Warning: No frequencies found for delta (1.0-4.0 Hz) on channel 73
      Warning: No frequencies found for delta (1.0-4.0 Hz) on channel 74
      Warning: No frequencies found for delta (1.0-4.0 Hz) on channel 75
      Warning: No frequencies found for delta (1.0-4.0 Hz) on channel 76
      Warning: No frequencies found for delta (1.0-4.0 Hz) on channel 77
      Warning: No frequencies found for delta (1.0-4.0 Hz) on channel 78
      Warning: No frequencies found for delta (1.0-4.0 Hz) on channel 79
      Warning: No frequencies found for delta (1.0-4.0 Hz) on channel 80
      Warning: No frequencies found for delta (1.0-4.0 Hz) on channel 81
      Warning: No frequencies found for delta (1.0-4.0 Hz) on channel 82
      Warning: No frequencies found for delta (1.0-4.0 Hz) on channel 83
      Warning: No frequencies found for delta (1.0-4.0 Hz) on channel 84
      Warning: No frequencies found for delta (1.0-4.0 Hz) on channel 85
      Warning: No frequencies found for delta (1.0-4.0 Hz) on channel 86
      Warning: No frequencies found for delta (1.0-4.0 Hz) on channel 87
      Warning: No frequencies found for delta (1.0-4.0 Hz) on channel 88
      Warning: No frequencies found for delta (1.0-4.0 Hz) on channel 89
      Warning: No frequencies found for delta (1.0-4.0 Hz) on channel 90
      Warning: No frequencies found for delta (1.0-4.0 Hz) on channel 91
      Warning: No frequencies found for delta (1.0-4.0 Hz) on channel 92
      Warning: No frequencies found for delta (1.0-4.0 Hz) on channel 93
      Warning: No frequencies found for delta (1.0-4.0 Hz) on channel 94
      Warning: No frequencies found for delta (1.0-4.0 Hz) on channel 95
      Warning: No frequencies found for delta (1.0-4.0 Hz) on channel 96
      Warning: No frequencies found for delta (1.0-4.0 Hz) on channel 97
      Warning: No frequencies found for delta (1.0-4.0 Hz) on channel 98
      Warning: No frequencies found for delta (1.0-4.0 Hz) on channel 99
      Warning: No frequencies found for delta (1.0-4.0 Hz) on channel 100
      Warning: No frequencies found for delta (1.0-4.0 Hz) on channel 101
      Warning: No frequencies found for delta (1.0-4.0 Hz) on channel 102
      Warning: No frequencies found for delta (1.0-4.0 Hz) on channel 103
      Warning: No frequencies found for delta (1.0-4.0 Hz) on channel 104
      Warning: No frequencies found for delta (1.0-4.0 Hz) on channel 105
      Warning: No frequencies found for delta (1.0-4.0 Hz) on channel 106
      Warning: No frequencies found for delta (1.0-4.0 Hz) on channel 107
      Warning: No frequencies found for delta (1.0-4.0 Hz) on channel 108
      Warning: No frequencies found for delta (1.0-4.0 Hz) on channel 109
      Warning: No frequencies found for delta (1.0-4.0 Hz) on channel 110
      Warning: No frequencies found for delta (1.0-4.0 Hz) on channel 111
      Warning: No frequencies found for delta (1.0-4.0 Hz) on channel 112
      Warning: No frequencies found for delta (1.0-4.0 Hz) on channel 113
      Warning: No frequencies found for delta (1.0-4.0 Hz) on channel 114
      Warning: No frequencies found for delta (1.0-4.0 Hz) on channel 115
      Warning: No frequencies found for delta (1.0-4.0 Hz) on channel 116
      Warning: No frequencies found for delta (1.0-4.0 Hz) on channel 117
      Warning: No frequencies found for delta (1.0-4.0 Hz) on channel 118
      Warning: No frequencies found for delta (1.0-4.0 Hz) on channel 119
      Warning: No frequencies found for delta (1.0-4.0 Hz) on channel 120
      Warning: No frequencies found for delta (1.0-4.0 Hz) on channel 121
      Warning: No frequencies found for delta (1.0-4.0 Hz) on channel 122
      Warning: No frequencies found for delta (1.0-4.0 Hz) on channel 123
      Warning: No frequencies found for delta (1.0-4.0 Hz) on channel 124
      Warning: No frequencies found for delta (1.0-4.0 Hz) on channel 125
      Warning: No frequencies found for delta (1.0-4.0 Hz) on channel 126
      Warning: No frequencies found for delta (1.0-4.0 Hz) on channel 127
      Warning: No frequencies found for delta (1.0-4.0 Hz) on channel 128
      Warning: No frequencies found for delta (1.0-4.0 Hz) on channel 129
      Warning: No frequencies found for delta (1.0-4.0 Hz) on channel 130
      Warning: No frequencies found for delta (1.0-4.0 Hz) on channel 131
      Warning: No frequencies found for delta (1.0-4.0 Hz) on channel 132
      Warning: No frequencies found for delta (1.0-4.0 Hz) on channel 133
      Warning: No frequencies found for delta (1.0-4.0 Hz) on channel 134
      Warning: No frequencies found for delta (1.0-4.0 Hz) on channel 135
      Warning: No frequencies found for delta (1.0-4.0 Hz) on channel 136
      Warning: No frequencies found for delta (1.0-4.0 Hz) on channel 137
      Warning: No frequencies found for delta (1.0-4.0 Hz) on channel 138
      Warning: No frequencies found for delta (1.0-4.0 Hz) on channel 139
      Warning: No frequencies found for delta (1.0-4.0 Hz) on channel 140
      Warning: No frequencies found for delta (1.0-4.0 Hz) on channel 141
      Warning: No frequencies found for delta (1.0-4.0 Hz) on channel 142
      Warning: No frequencies found for delta (1.0-4.0 Hz) on channel 143
      Warning: No frequencies found for delta (1.0-4.0 Hz) on channel 144
      Warning: No frequencies found for delta (1.0-4.0 Hz) on channel 145
      Warning: No frequencies found for delta (1.0-4.0 Hz) on channel 146
      Warning: No frequencies found for delta (1.0-4.0 Hz) on channel 147
      Warning: No frequencies found for delta (1.0-4.0 Hz) on channel 148
      Warning: No frequencies found for delta (1.0-4.0 Hz) on channel 149
      Warning: No frequencies found for delta (1.0-4.0 Hz) on channel 150
      Warning: No frequencies found for delta (1.0-4.0 Hz) on channel 151
      Warning: No frequencies found for delta (1.0-4.0 Hz) on channel 152
      Warning: No frequencies found for delta (1.0-4.0 Hz) on channel 153
      Warning: No frequencies found for delta (1.0-4.0 Hz) on channel 154
      Warning: No frequencies found for delta (1.0-4.0 Hz) on channel 155
      Warning: No frequencies found for delta (1.0-4.0 Hz) on channel 156
      Warning: No frequencies found for delta (1.0-4.0 Hz) on channel 157
      Warning: No frequencies found for delta (1.0-4.0 Hz) on channel 158
      Warning: No frequencies found for delta (1.0-4.0 Hz) on channel 159
      Warning: No frequencies found for delta (1.0-4.0 Hz) on channel 160
      Warning: No frequencies found for delta (1.0-4.0 Hz) on channel 161
      Warning: No frequencies found for delta (1.0-4.0 Hz) on channel 162
      Warning: No frequencies found for delta (1.0-4.0 Hz) on channel 163
      Warning: No frequencies found for delta (1.0-4.0 Hz) on channel 164
    Chunk 47/120 (39.2%)      Warning: No frequencies found for delta (1.0-4.0 Hz) on channel 0
      Warning: No frequencies found for delta (1.0-4.0 Hz) on channel 1
      Warning: No frequencies found for delta (1.0-4.0 Hz) on channel 2
      Warning: No frequencies found for delta (1.0-4.0 Hz) on channel 3
      Warning: No frequencies found for delta (1.0-4.0 Hz) on channel 4
      Warning: No frequencies found for delta (1.0-4.0 Hz) on channel 5
      Warning: No frequencies found for delta (1.0-4.0 Hz) on channel 6
      Warning: No frequencies found for delta (1.0-4.0 Hz) on channel 7
      Warning: No frequencies found for delta (1.0-4.0 Hz) on channel 8
      Warning: No frequencies found for delta (1.0-4.0 Hz) on channel 9
      Warning: No frequencies found for delta (1.0-4.0 Hz) on channel 10
      Warning: No frequencies found for delta (1.0-4.0 Hz) on channel 11
      Warning: No frequencies found for delta (1.0-4.0 Hz) on channel 12
      Warning: No frequencies found for delta (1.0-4.0 Hz) on channel 13
      Warning: No frequencies found for delta (1.0-4.0 Hz) on channel 14
      Warning: No frequencies found for delta (1.0-4.0 Hz) on channel 15
      Warning: No frequencies found for delta (1.0-4.0 Hz) on channel 16
      Warning: No frequencies found for delta (1.0-4.0 Hz) on channel 17
      Warning: No frequencies found for delta (1.0-4.0 Hz) on channel 18
      Warning: No frequencies found for delta (1.0-4.0 Hz) on channel 19
      Warning: No frequencies found for delta (1.0-4.0 Hz) on channel 20
      Warning: No frequencies found for delta (1.0-4.0 Hz) on channel 21
      Warning: No frequencies found for delta (1.0-4.0 Hz) on channel 22
      Warning: No frequencies found for delta (1.0-4.0 Hz) on channel 23
      Warning: No frequencies found for delta (1.0-4.0 Hz) on channel 24
      Warning: No frequencies found for delta (1.0-4.0 Hz) on channel 25
      Warning: No frequencies found for delta (1.0-4.0 Hz) on channel 26
      Warning: No frequencies found for delta (1.0-4.0 Hz) on channel 27
      Warning: No frequencies found for delta (1.0-4.0 Hz) on channel 28
      Warning: No frequencies found for delta (1.0-4.0 Hz) on channel 29
      Warning: No frequencies found for delta (1.0-4.0 Hz) on channel 30
      Warning: No frequencies found for delta (1.0-4.0 Hz) on channel 31
      Warning: No frequencies found for delta (1.0-4.0 Hz) on channel 32
      Warning: No frequencies found for delta (1.0-4.0 Hz) on channel 33
      Warning: No frequencies found for delta (1.0-4.0 Hz) on channel 34
      Warning: No frequencies found for delta (1.0-4.0 Hz) on channel 35
      Warning: No frequencies found for delta (1.0-4.0 Hz) on channel 36
      Warning: No frequencies found for delta (1.0-4.0 Hz) on channel 37
      Warning: No frequencies found for delta (1.0-4.0 Hz) on channel 38
      Warning: No frequencies found for delta (1.0-4.0 Hz) on channel 39
      Warning: No frequencies found for delta (1.0-4.0 Hz) on channel 40
      Warning: No frequencies found for delta (1.0-4.0 Hz) on channel 41
      Warning: No frequencies found for delta (1.0-4.0 Hz) on channel 42
      Warning: No frequencies found for delta (1.0-4.0 Hz) on channel 43
      Warning: No frequencies found for delta (1.0-4.0 Hz) on channel 44
      Warning: No frequencies found for delta (1.0-4.0 Hz) on channel 45
      Warning: No frequencies found for delta (1.0-4.0 Hz) on channel 46
      Warning: No frequencies found for delta (1.0-4.0 Hz) on channel 47
      Warning: No frequencies found for delta (1.0-4.0 Hz) on channel 48
      Warning: No frequencies found for delta (1.0-4.0 Hz) on channel 49
      Warning: No frequencies found for delta (1.0-4.0 Hz) on channel 50
      Warning: No frequencies found for delta (1.0-4.0 Hz) on channel 51
      Warning: No frequencies found for delta (1.0-4.0 Hz) on channel 52
      Warning: No frequencies found for delta (1.0-4.0 Hz) on channel 53
      Warning: No frequencies found for delta (1.0-4.0 Hz) on channel 54
      Warning: No frequencies found for delta (1.0-4.0 Hz) on channel 55
      Warning: No frequencies found for delta (1.0-4.0 Hz) on channel 56
      Warning: No frequencies found for delta (1.0-4.0 Hz) on channel 57
      Warning: No frequencies found for delta (1.0-4.0 Hz) on channel 58
      Warning: No frequencies found for delta (1.0-4.0 Hz) on channel 59
      Warning: No frequencies found for delta (1.0-4.0 Hz) on channel 60
      Warning: No frequencies found for delta (1.0-4.0 Hz) on channel 61
      Warning: No frequencies found for delta (1.0-4.0 Hz) on channel 62
      Warning: No frequencies found for delta (1.0-4.0 Hz) on channel 63
      Warning: No frequencies found for delta (1.0-4.0 Hz) on channel 64
      Warning: No frequencies found for delta (1.0-4.0 Hz) on channel 65
      Warning: No frequencies found for delta (1.0-4.0 Hz) on channel 66
      Warning: No frequencies found for delta (1.0-4.0 Hz) on channel 67
      Warning: No frequencies found for delta (1.0-4.0 Hz) on channel 68
      Warning: No frequencies found for delta (1.0-4.0 Hz) on channel 69
      Warning: No frequencies found for delta (1.0-4.0 Hz) on channel 70
      Warning: No frequencies found for delta (1.0-4.0 Hz) on channel 71
      Warning: No frequencies found for delta (1.0-4.0 Hz) on channel 72
      Warning: No frequencies found for delta (1.0-4.0 Hz) on channel 73
      Warning: No frequencies found for delta (1.0-4.0 Hz) on channel 74
      Warning: No frequencies found for delta (1.0-4.0 Hz) on channel 75
      Warning: No frequencies found for delta (1.0-4.0 Hz) on channel 76
      Warning: No frequencies found for delta (1.0-4.0 Hz) on channel 77
      Warning: No frequencies found for delta (1.0-4.0 Hz) on channel 78
      Warning: No frequencies found for delta (1.0-4.0 Hz) on channel 79
      Warning: No frequencies found for delta (1.0-4.0 Hz) on channel 80
      Warning: No frequencies found for delta (1.0-4.0 Hz) on channel 81
      Warning: No frequencies found for delta (1.0-4.0 Hz) on channel 82
      Warning: No frequencies found for delta (1.0-4.0 Hz) on channel 83
      Warning: No frequencies found for delta (1.0-4.0 Hz) on channel 84
      Warning: No frequencies found for delta (1.0-4.0 Hz) on channel 85
      Warning: No frequencies found for delta (1.0-4.0 Hz) on channel 86
      Warning: No frequencies found for delta (1.0-4.0 Hz) on channel 87
      Warning: No frequencies found for delta (1.0-4.0 Hz) on channel 88
      Warning: No frequencies found for delta (1.0-4.0 Hz) on channel 89
      Warning: No frequencies found for delta (1.0-4.0 Hz) on channel 90
      Warning: No frequencies found for delta (1.0-4.0 Hz) on channel 91
      Warning: No frequencies found for delta (1.0-4.0 Hz) on channel 92
      Warning: No frequencies found for delta (1.0-4.0 Hz) on channel 93
      Warning: No frequencies found for delta (1.0-4.0 Hz) on channel 94
      Warning: No frequencies found for delta (1.0-4.0 Hz) on channel 95
      Warning: No frequencies found for delta (1.0-4.0 Hz) on channel 96
      Warning: No frequencies found for delta (1.0-4.0 Hz) on channel 97
      Warning: No frequencies found for delta (1.0-4.0 Hz) on channel 98
      Warning: No frequencies found for delta (1.0-4.0 Hz) on channel 99
      Warning: No frequencies found for delta (1.0-4.0 Hz) on channel 100
      Warning: No frequencies found for delta (1.0-4.0 Hz) on channel 101
      Warning: No frequencies found for delta (1.0-4.0 Hz) on channel 102
      Warning: No frequencies found for delta (1.0-4.0 Hz) on channel 103
      Warning: No frequencies found for delta (1.0-4.0 Hz) on channel 104
      Warning: No frequencies found for delta (1.0-4.0 Hz) on channel 105
      Warning: No frequencies found for delta (1.0-4.0 Hz) on channel 106
      Warning: No frequencies found for delta (1.0-4.0 Hz) on channel 107
      Warning: No frequencies found for delta (1.0-4.0 Hz) on channel 108
      Warning: No frequencies found for delta (1.0-4.0 Hz) on channel 109
      Warning: No frequencies found for delta (1.0-4.0 Hz) on channel 110
      Warning: No frequencies found for delta (1.0-4.0 Hz) on channel 111
      Warning: No frequencies found for delta (1.0-4.0 Hz) on channel 112
      Warning: No frequencies found for delta (1.0-4.0 Hz) on channel 113
      Warning: No frequencies found for delta (1.0-4.0 Hz) on channel 114
      Warning: No frequencies found for delta (1.0-4.0 Hz) on channel 115
      Warning: No frequencies found for delta (1.0-4.0 Hz) on channel 116
      Warning: No frequencies found for delta (1.0-4.0 Hz) on channel 117
      Warning: No frequencies found for delta (1.0-4.0 Hz) on channel 118
      Warning: No frequencies found for delta (1.0-4.0 Hz) on channel 119
      Warning: No frequencies found for delta (1.0-4.0 Hz) on channel 120
      Warning: No frequencies found for delta (1.0-4.0 Hz) on channel 121
      Warning: No frequencies found for delta (1.0-4.0 Hz) on channel 122
      Warning: No frequencies found for delta (1.0-4.0 Hz) on channel 123
      Warning: No frequencies found for delta (1.0-4.0 Hz) on channel 124
      Warning: No frequencies found for delta (1.0-4.0 Hz) on channel 125
      Warning: No frequencies found for delta (1.0-4.0 Hz) on channel 126
      Warning: No frequencies found for delta (1.0-4.0 Hz) on channel 127
      Warning: No frequencies found for delta (1.0-4.0 Hz) on channel 128
      Warning: No frequencies found for delta (1.0-4.0 Hz) on channel 129
      Warning: No frequencies found for delta (1.0-4.0 Hz) on channel 130
      Warning: No frequencies found for delta (1.0-4.0 Hz) on channel 131
      Warning: No frequencies found for delta (1.0-4.0 Hz) on channel 132
      Warning: No frequencies found for delta (1.0-4.0 Hz) on channel 133
      Warning: No frequencies found for delta (1.0-4.0 Hz) on channel 134
      Warning: No frequencies found for delta (1.0-4.0 Hz) on channel 135
      Warning: No frequencies found for delta (1.0-4.0 Hz) on channel 136
      Warning: No frequencies found for delta (1.0-4.0 Hz) on channel 137
      Warning: No frequencies found for delta (1.0-4.0 Hz) on channel 138
      Warning: No frequencies found for delta (1.0-4.0 Hz) on channel 139
      Warning: No frequencies found for delta (1.0-4.0 Hz) on channel 140
      Warning: No frequencies found for delta (1.0-4.0 Hz) on channel 141
      Warning: No frequencies found for delta (1.0-4.0 Hz) on channel 142
      Warning: No frequencies found for delta (1.0-4.0 Hz) on channel 143
      Warning: No frequencies found for delta (1.0-4.0 Hz) on channel 144
      Warning: No frequencies found for delta (1.0-4.0 Hz) on channel 145
      Warning: No frequencies found for delta (1.0-4.0 Hz) on channel 146
      Warning: No frequencies found for delta (1.0-4.0 Hz) on channel 147
      Warning: No frequencies found for delta (1.0-4.0 Hz) on channel 148
      Warning: No frequencies found for delta (1.0-4.0 Hz) on channel 149
      Warning: No frequencies found for delta (1.0-4.0 Hz) on channel 150
      Warning: No frequencies found for delta (1.0-4.0 Hz) on channel 151
      Warning: No frequencies found for delta (1.0-4.0 Hz) on channel 152
      Warning: No frequencies found for delta (1.0-4.0 Hz) on channel 153
      Warning: No frequencies found for delta (1.0-4.0 Hz) on channel 154
      Warning: No frequencies found for delta (1.0-4.0 Hz) on channel 155
      Warning: No frequencies found for delta (1.0-4.0 Hz) on channel 156
      Warning: No frequencies found for delta (1.0-4.0 Hz) on channel 157
      Warning: No frequencies found for delta (1.0-4.0 Hz) on channel 158
      Warning: No frequencies found for delta (1.0-4.0 Hz) on channel 159
      Warning: No frequencies found for delta (1.0-4.0 Hz) on channel 160
      Warning: No frequencies found for delta (1.0-4.0 Hz) on channel 161
      Warning: No frequencies found for delta (1.0-4.0 Hz) on channel 162
      Warning: No frequencies found for delta (1.0-4.0 Hz) on channel 163
      Warning: No frequencies found for delta (1.0-4.0 Hz) on channel 164
    Chunk 48/120 (40.0%)      Warning: No frequencies found for delta (1.0-4.0 Hz) on channel 0
      Warning: No frequencies found for delta (1.0-4.0 Hz) on channel 1
      Warning: No frequencies found for delta (1.0-4.0 Hz) on channel 2
      Warning: No frequencies found for delta (1.0-4.0 Hz) on channel 3
      Warning: No frequencies found for delta (1.0-4.0 Hz) on channel 4
      Warning: No frequencies found for delta (1.0-4.0 Hz) on channel 5
      Warning: No frequencies found for delta (1.0-4.0 Hz) on channel 6
      Warning: No frequencies found for delta (1.0-4.0 Hz) on channel 7
      Warning: No frequencies found for delta (1.0-4.0 Hz) on channel 8
      Warning: No frequencies found for delta (1.0-4.0 Hz) on channel 9
      Warning: No frequencies found for delta (1.0-4.0 Hz) on channel 10
      Warning: No frequencies found for delta (1.0-4.0 Hz) on channel 11
      Warning: No frequencies found for delta (1.0-4.0 Hz) on channel 12
      Warning: No frequencies found for delta (1.0-4.0 Hz) on channel 13
      Warning: No frequencies found for delta (1.0-4.0 Hz) on channel 14
      Warning: No frequencies found for delta (1.0-4.0 Hz) on channel 15
      Warning: No frequencies found for delta (1.0-4.0 Hz) on channel 16
      Warning: No frequencies found for delta (1.0-4.0 Hz) on channel 17
      Warning: No frequencies found for delta (1.0-4.0 Hz) on channel 18
      Warning: No frequencies found for delta (1.0-4.0 Hz) on channel 19
      Warning: No frequencies found for delta (1.0-4.0 Hz) on channel 20
      Warning: No frequencies found for delta (1.0-4.0 Hz) on channel 21
      Warning: No frequencies found for delta (1.0-4.0 Hz) on channel 22
      Warning: No frequencies found for delta (1.0-4.0 Hz) on channel 23
      Warning: No frequencies found for delta (1.0-4.0 Hz) on channel 24
      Warning: No frequencies found for delta (1.0-4.0 Hz) on channel 25
      Warning: No frequencies found for delta (1.0-4.0 Hz) on channel 26
      Warning: No frequencies found for delta (1.0-4.0 Hz) on channel 27
      Warning: No frequencies found for delta (1.0-4.0 Hz) on channel 28
      Warning: No frequencies found for delta (1.0-4.0 Hz) on channel 29
      Warning: No frequencies found for delta (1.0-4.0 Hz) on channel 30
      Warning: No frequencies found for delta (1.0-4.0 Hz) on channel 31
      Warning: No frequencies found for delta (1.0-4.0 Hz) on channel 32
      Warning: No frequencies found for delta (1.0-4.0 Hz) on channel 33
      Warning: No frequencies found for delta (1.0-4.0 Hz) on channel 34
      Warning: No frequencies found for delta (1.0-4.0 Hz) on channel 35
      Warning: No frequencies found for delta (1.0-4.0 Hz) on channel 36
      Warning: No frequencies found for delta (1.0-4.0 Hz) on channel 37
      Warning: No frequencies found for delta (1.0-4.0 Hz) on channel 38
      Warning: No frequencies found for delta (1.0-4.0 Hz) on channel 39
      Warning: No frequencies found for delta (1.0-4.0 Hz) on channel 40
      Warning: No frequencies found for delta (1.0-4.0 Hz) on channel 41
      Warning: No frequencies found for delta (1.0-4.0 Hz) on channel 42
      Warning: No frequencies found for delta (1.0-4.0 Hz) on channel 43
      Warning: No frequencies found for delta (1.0-4.0 Hz) on channel 44
      Warning: No frequencies found for delta (1.0-4.0 Hz) on channel 45
      Warning: No frequencies found for delta (1.0-4.0 Hz) on channel 46
      Warning: No frequencies found for delta (1.0-4.0 Hz) on channel 47
      Warning: No frequencies found for delta (1.0-4.0 Hz) on channel 48
      Warning: No frequencies found for delta (1.0-4.0 Hz) on channel 49
      Warning: No frequencies found for delta (1.0-4.0 Hz) on channel 50
      Warning: No frequencies found for delta (1.0-4.0 Hz) on channel 51
      Warning: No frequencies found for delta (1.0-4.0 Hz) on channel 52
      Warning: No frequencies found for delta (1.0-4.0 Hz) on channel 53
      Warning: No frequencies found for delta (1.0-4.0 Hz) on channel 54
      Warning: No frequencies found for delta (1.0-4.0 Hz) on channel 55
      Warning: No frequencies found for delta (1.0-4.0 Hz) on channel 56
      Warning: No frequencies found for delta (1.0-4.0 Hz) on channel 57
      Warning: No frequencies found for delta (1.0-4.0 Hz) on channel 58
      Warning: No frequencies found for delta (1.0-4.0 Hz) on channel 59
      Warning: No frequencies found for delta (1.0-4.0 Hz) on channel 60
      Warning: No frequencies found for delta (1.0-4.0 Hz) on channel 61
      Warning: No frequencies found for delta (1.0-4.0 Hz) on channel 62
      Warning: No frequencies found for delta (1.0-4.0 Hz) on channel 63
      Warning: No frequencies found for delta (1.0-4.0 Hz) on channel 64
      Warning: No frequencies found for delta (1.0-4.0 Hz) on channel 65
      Warning: No frequencies found for delta (1.0-4.0 Hz) on channel 66
      Warning: No frequencies found for delta (1.0-4.0 Hz) on channel 67
      Warning: No frequencies found for delta (1.0-4.0 Hz) on channel 68
      Warning: No frequencies found for delta (1.0-4.0 Hz) on channel 69
      Warning: No frequencies found for delta (1.0-4.0 Hz) on channel 70
      Warning: No frequencies found for delta (1.0-4.0 Hz) on channel 71
      Warning: No frequencies found for delta (1.0-4.0 Hz) on channel 72
      Warning: No frequencies found for delta (1.0-4.0 Hz) on channel 73
      Warning: No frequencies found for delta (1.0-4.0 Hz) on channel 74
      Warning: No frequencies found for delta (1.0-4.0 Hz) on channel 75
      Warning: No frequencies found for delta (1.0-4.0 Hz) on channel 76
      Warning: No frequencies found for delta (1.0-4.0 Hz) on channel 77
      Warning: No frequencies found for delta (1.0-4.0 Hz) on channel 78
      Warning: No frequencies found for delta (1.0-4.0 Hz) on channel 79
      Warning: No frequencies found for delta (1.0-4.0 Hz) on channel 80
      Warning: No frequencies found for delta (1.0-4.0 Hz) on channel 81
      Warning: No frequencies found for delta (1.0-4.0 Hz) on channel 82
      Warning: No frequencies found for delta (1.0-4.0 Hz) on channel 83
      Warning: No frequencies found for delta (1.0-4.0 Hz) on channel 84
      Warning: No frequencies found for delta (1.0-4.0 Hz) on channel 85
      Warning: No frequencies found for delta (1.0-4.0 Hz) on channel 86
      Warning: No frequencies found for delta (1.0-4.0 Hz) on channel 87
      Warning: No frequencies found for delta (1.0-4.0 Hz) on channel 88
      Warning: No frequencies found for delta (1.0-4.0 Hz) on channel 89
      Warning: No frequencies found for delta (1.0-4.0 Hz) on channel 90
      Warning: No frequencies found for delta (1.0-4.0 Hz) on channel 91
      Warning: No frequencies found for delta (1.0-4.0 Hz) on channel 92
      Warning: No frequencies found for delta (1.0-4.0 Hz) on channel 93
      Warning: No frequencies found for delta (1.0-4.0 Hz) on channel 94
      Warning: No frequencies found for delta (1.0-4.0 Hz) on channel 95
      Warning: No frequencies found for delta (1.0-4.0 Hz) on channel 96
      Warning: No frequencies found for delta (1.0-4.0 Hz) on channel 97
      Warning: No frequencies found for delta (1.0-4.0 Hz) on channel 98
      Warning: No frequencies found for delta (1.0-4.0 Hz) on channel 99
      Warning: No frequencies found for delta (1.0-4.0 Hz) on channel 100
      Warning: No frequencies found for delta (1.0-4.0 Hz) on channel 101
      Warning: No frequencies found for delta (1.0-4.0 Hz) on channel 102
      Warning: No frequencies found for delta (1.0-4.0 Hz) on channel 103
      Warning: No frequencies found for delta (1.0-4.0 Hz) on channel 104
      Warning: No frequencies found for delta (1.0-4.0 Hz) on channel 105
      Warning: No frequencies found for delta (1.0-4.0 Hz) on channel 106
      Warning: No frequencies found for delta (1.0-4.0 Hz) on channel 107
      Warning: No frequencies found for delta (1.0-4.0 Hz) on channel 108
      Warning: No frequencies found for delta (1.0-4.0 Hz) on channel 109
      Warning: No frequencies found for delta (1.0-4.0 Hz) on channel 110
      Warning: No frequencies found for delta (1.0-4.0 Hz) on channel 111
      Warning: No frequencies found for delta (1.0-4.0 Hz) on channel 112
      Warning: No frequencies found for delta (1.0-4.0 Hz) on channel 113
      Warning: No frequencies found for delta (1.0-4.0 Hz) on channel 114
      Warning: No frequencies found for delta (1.0-4.0 Hz) on channel 115
      Warning: No frequencies found for delta (1.0-4.0 Hz) on channel 116
      Warning: No frequencies found for delta (1.0-4.0 Hz) on channel 117
      Warning: No frequencies found for delta (1.0-4.0 Hz) on channel 118
      Warning: No frequencies found for delta (1.0-4.0 Hz) on channel 119
      Warning: No frequencies found for delta (1.0-4.0 Hz) on channel 120
      Warning: No frequencies found for delta (1.0-4.0 Hz) on channel 121
      Warning: No frequencies found for delta (1.0-4.0 Hz) on channel 122
      Warning: No frequencies found for delta (1.0-4.0 Hz) on channel 123
      Warning: No frequencies found for delta (1.0-4.0 Hz) on channel 124
      Warning: No frequencies found for delta (1.0-4.0 Hz) on channel 125
      Warning: No frequencies found for delta (1.0-4.0 Hz) on channel 126
      Warning: No frequencies found for delta (1.0-4.0 Hz) on channel 127
      Warning: No frequencies found for delta (1.0-4.0 Hz) on channel 128
      Warning: No frequencies found for delta (1.0-4.0 Hz) on channel 129
      Warning: No frequencies found for delta (1.0-4.0 Hz) on channel 130
      Warning: No frequencies found for delta (1.0-4.0 Hz) on channel 131
      Warning: No frequencies found for delta (1.0-4.0 Hz) on channel 132
      Warning: No frequencies found for delta (1.0-4.0 Hz) on channel 133
      Warning: No frequencies found for delta (1.0-4.0 Hz) on channel 134
      Warning: No frequencies found for delta (1.0-4.0 Hz) on channel 135
      Warning: No frequencies found for delta (1.0-4.0 Hz) on channel 136
      Warning: No frequencies found for delta (1.0-4.0 Hz) on channel 137
      Warning: No frequencies found for delta (1.0-4.0 Hz) on channel 138
      Warning: No frequencies found for delta (1.0-4.0 Hz) on channel 139
      Warning: No frequencies found for delta (1.0-4.0 Hz) on channel 140
      Warning: No frequencies found for delta (1.0-4.0 Hz) on channel 141
      Warning: No frequencies found for delta (1.0-4.0 Hz) on channel 142
      Warning: No frequencies found for delta (1.0-4.0 Hz) on channel 143
      Warning: No frequencies found for delta (1.0-4.0 Hz) on channel 144
      Warning: No frequencies found for delta (1.0-4.0 Hz) on channel 145
      Warning: No frequencies found for delta (1.0-4.0 Hz) on channel 146
      Warning: No frequencies found for delta (1.0-4.0 Hz) on channel 147
      Warning: No frequencies found for delta (1.0-4.0 Hz) on channel 148
      Warning: No frequencies found for delta (1.0-4.0 Hz) on channel 149
      Warning: No frequencies found for delta (1.0-4.0 Hz) on channel 150
      Warning: No frequencies found for delta (1.0-4.0 Hz) on channel 151
      Warning: No frequencies found for delta (1.0-4.0 Hz) on channel 152
      Warning: No frequencies found for delta (1.0-4.0 Hz) on channel 153
      Warning: No frequencies found for delta (1.0-4.0 Hz) on channel 154
      Warning: No frequencies found for delta (1.0-4.0 Hz) on channel 155
      Warning: No frequencies found for delta (1.0-4.0 Hz) on channel 156
      Warning: No frequencies found for delta (1.0-4.0 Hz) on channel 157
      Warning: No frequencies found for delta (1.0-4.0 Hz) on channel 158
      Warning: No frequencies found for delta (1.0-4.0 Hz) on channel 159
      Warning: No frequencies found for delta (1.0-4.0 Hz) on channel 160
      Warning: No frequencies found for delta (1.0-4.0 Hz) on channel 161
      Warning: No frequencies found for delta (1.0-4.0 Hz) on channel 162
      Warning: No frequencies found for delta (1.0-4.0 Hz) on channel 163
      Warning: No frequencies found for delta (1.0-4.0 Hz) on channel 164
    Chunk 49/120 (40.8%)      Warning: No frequencies found for delta (1.0-4.0 Hz) on channel 0
      Warning: No frequencies found for delta (1.0-4.0 Hz) on channel 1
      Warning: No frequencies found for delta (1.0-4.0 Hz) on channel 2
      Warning: No frequencies found for delta (1.0-4.0 Hz) on channel 3
      Warning: No frequencies found for delta (1.0-4.0 Hz) on channel 4
      Warning: No frequencies found for delta (1.0-4.0 Hz) on channel 5
      Warning: No frequencies found for delta (1.0-4.0 Hz) on channel 6
      Warning: No frequencies found for delta (1.0-4.0 Hz) on channel 7
      Warning: No frequencies found for delta (1.0-4.0 Hz) on channel 8
      Warning: No frequencies found for delta (1.0-4.0 Hz) on channel 9
      Warning: No frequencies found for delta (1.0-4.0 Hz) on channel 10
      Warning: No frequencies found for delta (1.0-4.0 Hz) on channel 11
      Warning: No frequencies found for delta (1.0-4.0 Hz) on channel 12
      Warning: No frequencies found for delta (1.0-4.0 Hz) on channel 13
      Warning: No frequencies found for delta (1.0-4.0 Hz) on channel 14
      Warning: No frequencies found for delta (1.0-4.0 Hz) on channel 15
      Warning: No frequencies found for delta (1.0-4.0 Hz) on channel 16
      Warning: No frequencies found for delta (1.0-4.0 Hz) on channel 17
      Warning: No frequencies found for delta (1.0-4.0 Hz) on channel 18
      Warning: No frequencies found for delta (1.0-4.0 Hz) on channel 19
      Warning: No frequencies found for delta (1.0-4.0 Hz) on channel 20
      Warning: No frequencies found for delta (1.0-4.0 Hz) on channel 21
      Warning: No frequencies found for delta (1.0-4.0 Hz) on channel 22
      Warning: No frequencies found for delta (1.0-4.0 Hz) on channel 23
      Warning: No frequencies found for delta (1.0-4.0 Hz) on channel 24
      Warning: No frequencies found for delta (1.0-4.0 Hz) on channel 25
      Warning: No frequencies found for delta (1.0-4.0 Hz) on channel 26
      Warning: No frequencies found for delta (1.0-4.0 Hz) on channel 27
      Warning: No frequencies found for delta (1.0-4.0 Hz) on channel 28
      Warning: No frequencies found for delta (1.0-4.0 Hz) on channel 29
      Warning: No frequencies found for delta (1.0-4.0 Hz) on channel 30
      Warning: No frequencies found for delta (1.0-4.0 Hz) on channel 31
      Warning: No frequencies found for delta (1.0-4.0 Hz) on channel 32
      Warning: No frequencies found for delta (1.0-4.0 Hz) on channel 33
      Warning: No frequencies found for delta (1.0-4.0 Hz) on channel 34
      Warning: No frequencies found for delta (1.0-4.0 Hz) on channel 35
      Warning: No frequencies found for delta (1.0-4.0 Hz) on channel 36
      Warning: No frequencies found for delta (1.0-4.0 Hz) on channel 37
      Warning: No frequencies found for delta (1.0-4.0 Hz) on channel 38
      Warning: No frequencies found for delta (1.0-4.0 Hz) on channel 39
      Warning: No frequencies found for delta (1.0-4.0 Hz) on channel 40
      Warning: No frequencies found for delta (1.0-4.0 Hz) on channel 41
      Warning: No frequencies found for delta (1.0-4.0 Hz) on channel 42
      Warning: No frequencies found for delta (1.0-4.0 Hz) on channel 43
      Warning: No frequencies found for delta (1.0-4.0 Hz) on channel 44
      Warning: No frequencies found for delta (1.0-4.0 Hz) on channel 45
      Warning: No frequencies found for delta (1.0-4.0 Hz) on channel 46
      Warning: No frequencies found for delta (1.0-4.0 Hz) on channel 47
      Warning: No frequencies found for delta (1.0-4.0 Hz) on channel 48
      Warning: No frequencies found for delta (1.0-4.0 Hz) on channel 49
      Warning: No frequencies found for delta (1.0-4.0 Hz) on channel 50
      Warning: No frequencies found for delta (1.0-4.0 Hz) on channel 51
      Warning: No frequencies found for delta (1.0-4.0 Hz) on channel 52
      Warning: No frequencies found for delta (1.0-4.0 Hz) on channel 53
      Warning: No frequencies found for delta (1.0-4.0 Hz) on channel 54
      Warning: No frequencies found for delta (1.0-4.0 Hz) on channel 55
      Warning: No frequencies found for delta (1.0-4.0 Hz) on channel 56
      Warning: No frequencies found for delta (1.0-4.0 Hz) on channel 57
      Warning: No frequencies found for delta (1.0-4.0 Hz) on channel 58
      Warning: No frequencies found for delta (1.0-4.0 Hz) on channel 59
      Warning: No frequencies found for delta (1.0-4.0 Hz) on channel 60
      Warning: No frequencies found for delta (1.0-4.0 Hz) on channel 61
      Warning: No frequencies found for delta (1.0-4.0 Hz) on channel 62
      Warning: No frequencies found for delta (1.0-4.0 Hz) on channel 63
      Warning: No frequencies found for delta (1.0-4.0 Hz) on channel 64
      Warning: No frequencies found for delta (1.0-4.0 Hz) on channel 65
      Warning: No frequencies found for delta (1.0-4.0 Hz) on channel 66
      Warning: No frequencies found for delta (1.0-4.0 Hz) on channel 67
      Warning: No frequencies found for delta (1.0-4.0 Hz) on channel 68
      Warning: No frequencies found for delta (1.0-4.0 Hz) on channel 69
      Warning: No frequencies found for delta (1.0-4.0 Hz) on channel 70
      Warning: No frequencies found for delta (1.0-4.0 Hz) on channel 71
      Warning: No frequencies found for delta (1.0-4.0 Hz) on channel 72
      Warning: No frequencies found for delta (1.0-4.0 Hz) on channel 73
      Warning: No frequencies found for delta (1.0-4.0 Hz) on channel 74
      Warning: No frequencies found for delta (1.0-4.0 Hz) on channel 75
      Warning: No frequencies found for delta (1.0-4.0 Hz) on channel 76
      Warning: No frequencies found for delta (1.0-4.0 Hz) on channel 77
      Warning: No frequencies found for delta (1.0-4.0 Hz) on channel 78
      Warning: No frequencies found for delta (1.0-4.0 Hz) on channel 79
      Warning: No frequencies found for delta (1.0-4.0 Hz) on channel 80
      Warning: No frequencies found for delta (1.0-4.0 Hz) on channel 81
      Warning: No frequencies found for delta (1.0-4.0 Hz) on channel 82
      Warning: No frequencies found for delta (1.0-4.0 Hz) on channel 83
      Warning: No frequencies found for delta (1.0-4.0 Hz) on channel 84
      Warning: No frequencies found for delta (1.0-4.0 Hz) on channel 85
      Warning: No frequencies found for delta (1.0-4.0 Hz) on channel 86
      Warning: No frequencies found for delta (1.0-4.0 Hz) on channel 87
      Warning: No frequencies found for delta (1.0-4.0 Hz) on channel 88
      Warning: No frequencies found for delta (1.0-4.0 Hz) on channel 89
      Warning: No frequencies found for delta (1.0-4.0 Hz) on channel 90
      Warning: No frequencies found for delta (1.0-4.0 Hz) on channel 91
      Warning: No frequencies found for delta (1.0-4.0 Hz) on channel 92
      Warning: No frequencies found for delta (1.0-4.0 Hz) on channel 93
      Warning: No frequencies found for delta (1.0-4.0 Hz) on channel 94
      Warning: No frequencies found for delta (1.0-4.0 Hz) on channel 95
      Warning: No frequencies found for delta (1.0-4.0 Hz) on channel 96
      Warning: No frequencies found for delta (1.0-4.0 Hz) on channel 97
      Warning: No frequencies found for delta (1.0-4.0 Hz) on channel 98
      Warning: No frequencies found for delta (1.0-4.0 Hz) on channel 99
      Warning: No frequencies found for delta (1.0-4.0 Hz) on channel 100
      Warning: No frequencies found for delta (1.0-4.0 Hz) on channel 101
      Warning: No frequencies found for delta (1.0-4.0 Hz) on channel 102
      Warning: No frequencies found for delta (1.0-4.0 Hz) on channel 103
      Warning: No frequencies found for delta (1.0-4.0 Hz) on channel 104
      Warning: No frequencies found for delta (1.0-4.0 Hz) on channel 105
      Warning: No frequencies found for delta (1.0-4.0 Hz) on channel 106
      Warning: No frequencies found for delta (1.0-4.0 Hz) on channel 107
      Warning: No frequencies found for delta (1.0-4.0 Hz) on channel 108
      Warning: No frequencies found for delta (1.0-4.0 Hz) on channel 109
      Warning: No frequencies found for delta (1.0-4.0 Hz) on channel 110
      Warning: No frequencies found for delta (1.0-4.0 Hz) on channel 111
      Warning: No frequencies found for delta (1.0-4.0 Hz) on channel 112
      Warning: No frequencies found for delta (1.0-4.0 Hz) on channel 113
      Warning: No frequencies found for delta (1.0-4.0 Hz) on channel 114
      Warning: No frequencies found for delta (1.0-4.0 Hz) on channel 115
      Warning: No frequencies found for delta (1.0-4.0 Hz) on channel 116
      Warning: No frequencies found for delta (1.0-4.0 Hz) on channel 117
      Warning: No frequencies found for delta (1.0-4.0 Hz) on channel 118
      Warning: No frequencies found for delta (1.0-4.0 Hz) on channel 119
      Warning: No frequencies found for delta (1.0-4.0 Hz) on channel 120
      Warning: No frequencies found for delta (1.0-4.0 Hz) on channel 121
      Warning: No frequencies found for delta (1.0-4.0 Hz) on channel 122
      Warning: No frequencies found for delta (1.0-4.0 Hz) on channel 123
      Warning: No frequencies found for delta (1.0-4.0 Hz) on channel 124
      Warning: No frequencies found for delta (1.0-4.0 Hz) on channel 125
      Warning: No frequencies found for delta (1.0-4.0 Hz) on channel 126
      Warning: No frequencies found for delta (1.0-4.0 Hz) on channel 127
      Warning: No frequencies found for delta (1.0-4.0 Hz) on channel 128
      Warning: No frequencies found for delta (1.0-4.0 Hz) on channel 129
      Warning: No frequencies found for delta (1.0-4.0 Hz) on channel 130
      Warning: No frequencies found for delta (1.0-4.0 Hz) on channel 131
      Warning: No frequencies found for delta (1.0-4.0 Hz) on channel 132
      Warning: No frequencies found for delta (1.0-4.0 Hz) on channel 133
      Warning: No frequencies found for delta (1.0-4.0 Hz) on channel 134
      Warning: No frequencies found for delta (1.0-4.0 Hz) on channel 135
      Warning: No frequencies found for delta (1.0-4.0 Hz) on channel 136
      Warning: No frequencies found for delta (1.0-4.0 Hz) on channel 137
      Warning: No frequencies found for delta (1.0-4.0 Hz) on channel 138
      Warning: No frequencies found for delta (1.0-4.0 Hz) on channel 139
      Warning: No frequencies found for delta (1.0-4.0 Hz) on channel 140
      Warning: No frequencies found for delta (1.0-4.0 Hz) on channel 141
      Warning: No frequencies found for delta (1.0-4.0 Hz) on channel 142
      Warning: No frequencies found for delta (1.0-4.0 Hz) on channel 143
      Warning: No frequencies found for delta (1.0-4.0 Hz) on channel 144
      Warning: No frequencies found for delta (1.0-4.0 Hz) on channel 145
      Warning: No frequencies found for delta (1.0-4.0 Hz) on channel 146
      Warning: No frequencies found for delta (1.0-4.0 Hz) on channel 147
      Warning: No frequencies found for delta (1.0-4.0 Hz) on channel 148
      Warning: No frequencies found for delta (1.0-4.0 Hz) on channel 149
      Warning: No frequencies found for delta (1.0-4.0 Hz) on channel 150
      Warning: No frequencies found for delta (1.0-4.0 Hz) on channel 151
      Warning: No frequencies found for delta (1.0-4.0 Hz) on channel 152
      Warning: No frequencies found for delta (1.0-4.0 Hz) on channel 153
      Warning: No frequencies found for delta (1.0-4.0 Hz) on channel 154
      Warning: No frequencies found for delta (1.0-4.0 Hz) on channel 155
      Warning: No frequencies found for delta (1.0-4.0 Hz) on channel 156
      Warning: No frequencies found for delta (1.0-4.0 Hz) on channel 157
      Warning: No frequencies found for delta (1.0-4.0 Hz) on channel 158
      Warning: No frequencies found for delta (1.0-4.0 Hz) on channel 159
      Warning: No frequencies found for delta (1.0-4.0 Hz) on channel 160
      Warning: No frequencies found for delta (1.0-4.0 Hz) on channel 161
      Warning: No frequencies found for delta (1.0-4.0 Hz) on channel 162
      Warning: No frequencies found for delta (1.0-4.0 Hz) on channel 163
      Warning: No frequencies found for delta (1.0-4.0 Hz) on channel 164
    Chunk 50/120 (41.7%)      Warning: No frequencies found for delta (1.0-4.0 Hz) on channel 0
      Warning: No frequencies found for delta (1.0-4.0 Hz) on channel 1
      Warning: No frequencies found for delta (1.0-4.0 Hz) on channel 2
      Warning: No frequencies found for delta (1.0-4.0 Hz) on channel 3
      Warning: No frequencies found for delta (1.0-4.0 Hz) on channel 4
      Warning: No frequencies found for delta (1.0-4.0 Hz) on channel 5
      Warning: No frequencies found for delta (1.0-4.0 Hz) on channel 6
      Warning: No frequencies found for delta (1.0-4.0 Hz) on channel 7
      Warning: No frequencies found for delta (1.0-4.0 Hz) on channel 8
      Warning: No frequencies found for delta (1.0-4.0 Hz) on channel 9
      Warning: No frequencies found for delta (1.0-4.0 Hz) on channel 10
      Warning: No frequencies found for delta (1.0-4.0 Hz) on channel 11
      Warning: No frequencies found for delta (1.0-4.0 Hz) on channel 12
      Warning: No frequencies found for delta (1.0-4.0 Hz) on channel 13
      Warning: No frequencies found for delta (1.0-4.0 Hz) on channel 14
      Warning: No frequencies found for delta (1.0-4.0 Hz) on channel 15
      Warning: No frequencies found for delta (1.0-4.0 Hz) on channel 16
      Warning: No frequencies found for delta (1.0-4.0 Hz) on channel 17
      Warning: No frequencies found for delta (1.0-4.0 Hz) on channel 18
      Warning: No frequencies found for delta (1.0-4.0 Hz) on channel 19
      Warning: No frequencies found for delta (1.0-4.0 Hz) on channel 20
      Warning: No frequencies found for delta (1.0-4.0 Hz) on channel 21
      Warning: No frequencies found for delta (1.0-4.0 Hz) on channel 22
      Warning: No frequencies found for delta (1.0-4.0 Hz) on channel 23
      Warning: No frequencies found for delta (1.0-4.0 Hz) on channel 24
      Warning: No frequencies found for delta (1.0-4.0 Hz) on channel 25
      Warning: No frequencies found for delta (1.0-4.0 Hz) on channel 26
      Warning: No frequencies found for delta (1.0-4.0 Hz) on channel 27
      Warning: No frequencies found for delta (1.0-4.0 Hz) on channel 28
      Warning: No frequencies found for delta (1.0-4.0 Hz) on channel 29
      Warning: No frequencies found for delta (1.0-4.0 Hz) on channel 30
      Warning: No frequencies found for delta (1.0-4.0 Hz) on channel 31
      Warning: No frequencies found for delta (1.0-4.0 Hz) on channel 32
      Warning: No frequencies found for delta (1.0-4.0 Hz) on channel 33
      Warning: No frequencies found for delta (1.0-4.0 Hz) on channel 34
      Warning: No frequencies found for delta (1.0-4.0 Hz) on channel 35
      Warning: No frequencies found for delta (1.0-4.0 Hz) on channel 36
      Warning: No frequencies found for delta (1.0-4.0 Hz) on channel 37
      Warning: No frequencies found for delta (1.0-4.0 Hz) on channel 38
      Warning: No frequencies found for delta (1.0-4.0 Hz) on channel 39
      Warning: No frequencies found for delta (1.0-4.0 Hz) on channel 40
      Warning: No frequencies found for delta (1.0-4.0 Hz) on channel 41
      Warning: No frequencies found for delta (1.0-4.0 Hz) on channel 42
      Warning: No frequencies found for delta (1.0-4.0 Hz) on channel 43
      Warning: No frequencies found for delta (1.0-4.0 Hz) on channel 44
      Warning: No frequencies found for delta (1.0-4.0 Hz) on channel 45
      Warning: No frequencies found for delta (1.0-4.0 Hz) on channel 46
      Warning: No frequencies found for delta (1.0-4.0 Hz) on channel 47
      Warning: No frequencies found for delta (1.0-4.0 Hz) on channel 48
      Warning: No frequencies found for delta (1.0-4.0 Hz) on channel 49
      Warning: No frequencies found for delta (1.0-4.0 Hz) on channel 50
      Warning: No frequencies found for delta (1.0-4.0 Hz) on channel 51
      Warning: No frequencies found for delta (1.0-4.0 Hz) on channel 52
      Warning: No frequencies found for delta (1.0-4.0 Hz) on channel 53
      Warning: No frequencies found for delta (1.0-4.0 Hz) on channel 54
      Warning: No frequencies found for delta (1.0-4.0 Hz) on channel 55
      Warning: No frequencies found for delta (1.0-4.0 Hz) on channel 56
      Warning: No frequencies found for delta (1.0-4.0 Hz) on channel 57
      Warning: No frequencies found for delta (1.0-4.0 Hz) on channel 58
      Warning: No frequencies found for delta (1.0-4.0 Hz) on channel 59
      Warning: No frequencies found for delta (1.0-4.0 Hz) on channel 60
      Warning: No frequencies found for delta (1.0-4.0 Hz) on channel 61
      Warning: No frequencies found for delta (1.0-4.0 Hz) on channel 62
      Warning: No frequencies found for delta (1.0-4.0 Hz) on channel 63
      Warning: No frequencies found for delta (1.0-4.0 Hz) on channel 64
      Warning: No frequencies found for delta (1.0-4.0 Hz) on channel 65
      Warning: No frequencies found for delta (1.0-4.0 Hz) on channel 66
      Warning: No frequencies found for delta (1.0-4.0 Hz) on channel 67
      Warning: No frequencies found for delta (1.0-4.0 Hz) on channel 68
      Warning: No frequencies found for delta (1.0-4.0 Hz) on channel 69
      Warning: No frequencies found for delta (1.0-4.0 Hz) on channel 70
      Warning: No frequencies found for delta (1.0-4.0 Hz) on channel 71
      Warning: No frequencies found for delta (1.0-4.0 Hz) on channel 72
      Warning: No frequencies found for delta (1.0-4.0 Hz) on channel 73
      Warning: No frequencies found for delta (1.0-4.0 Hz) on channel 74
      Warning: No frequencies found for delta (1.0-4.0 Hz) on channel 75
      Warning: No frequencies found for delta (1.0-4.0 Hz) on channel 76
      Warning: No frequencies found for delta (1.0-4.0 Hz) on channel 77
      Warning: No frequencies found for delta (1.0-4.0 Hz) on channel 78
      Warning: No frequencies found for delta (1.0-4.0 Hz) on channel 79
      Warning: No frequencies found for delta (1.0-4.0 Hz) on channel 80
      Warning: No frequencies found for delta (1.0-4.0 Hz) on channel 81
      Warning: No frequencies found for delta (1.0-4.0 Hz) on channel 82
      Warning: No frequencies found for delta (1.0-4.0 Hz) on channel 83
      Warning: No frequencies found for delta (1.0-4.0 Hz) on channel 84
      Warning: No frequencies found for delta (1.0-4.0 Hz) on channel 85
      Warning: No frequencies found for delta (1.0-4.0 Hz) on channel 86
      Warning: No frequencies found for delta (1.0-4.0 Hz) on channel 87
      Warning: No frequencies found for delta (1.0-4.0 Hz) on channel 88
      Warning: No frequencies found for delta (1.0-4.0 Hz) on channel 89
      Warning: No frequencies found for delta (1.0-4.0 Hz) on channel 90
      Warning: No frequencies found for delta (1.0-4.0 Hz) on channel 91
      Warning: No frequencies found for delta (1.0-4.0 Hz) on channel 92
      Warning: No frequencies found for delta (1.0-4.0 Hz) on channel 93
      Warning: No frequencies found for delta (1.0-4.0 Hz) on channel 94
      Warning: No frequencies found for delta (1.0-4.0 Hz) on channel 95
      Warning: No frequencies found for delta (1.0-4.0 Hz) on channel 96
      Warning: No frequencies found for delta (1.0-4.0 Hz) on channel 97
      Warning: No frequencies found for delta (1.0-4.0 Hz) on channel 98
      Warning: No frequencies found for delta (1.0-4.0 Hz) on channel 99
      Warning: No frequencies found for delta (1.0-4.0 Hz) on channel 100
      Warning: No frequencies found for delta (1.0-4.0 Hz) on channel 101
      Warning: No frequencies found for delta (1.0-4.0 Hz) on channel 102
      Warning: No frequencies found for delta (1.0-4.0 Hz) on channel 103
      Warning: No frequencies found for delta (1.0-4.0 Hz) on channel 104
      Warning: No frequencies found for delta (1.0-4.0 Hz) on channel 105
      Warning: No frequencies found for delta (1.0-4.0 Hz) on channel 106
      Warning: No frequencies found for delta (1.0-4.0 Hz) on channel 107
      Warning: No frequencies found for delta (1.0-4.0 Hz) on channel 108
      Warning: No frequencies found for delta (1.0-4.0 Hz) on channel 109
      Warning: No frequencies found for delta (1.0-4.0 Hz) on channel 110
      Warning: No frequencies found for delta (1.0-4.0 Hz) on channel 111
      Warning: No frequencies found for delta (1.0-4.0 Hz) on channel 112
      Warning: No frequencies found for delta (1.0-4.0 Hz) on channel 113
      Warning: No frequencies found for delta (1.0-4.0 Hz) on channel 114
      Warning: No frequencies found for delta (1.0-4.0 Hz) on channel 115
      Warning: No frequencies found for delta (1.0-4.0 Hz) on channel 116
      Warning: No frequencies found for delta (1.0-4.0 Hz) on channel 117
      Warning: No frequencies found for delta (1.0-4.0 Hz) on channel 118
      Warning: No frequencies found for delta (1.0-4.0 Hz) on channel 119
      Warning: No frequencies found for delta (1.0-4.0 Hz) on channel 120
      Warning: No frequencies found for delta (1.0-4.0 Hz) on channel 121
      Warning: No frequencies found for delta (1.0-4.0 Hz) on channel 122
      Warning: No frequencies found for delta (1.0-4.0 Hz) on channel 123
      Warning: No frequencies found for delta (1.0-4.0 Hz) on channel 124
      Warning: No frequencies found for delta (1.0-4.0 Hz) on channel 125
      Warning: No frequencies found for delta (1.0-4.0 Hz) on channel 126
      Warning: No frequencies found for delta (1.0-4.0 Hz) on channel 127
      Warning: No frequencies found for delta (1.0-4.0 Hz) on channel 128
      Warning: No frequencies found for delta (1.0-4.0 Hz) on channel 129
      Warning: No frequencies found for delta (1.0-4.0 Hz) on channel 130
      Warning: No frequencies found for delta (1.0-4.0 Hz) on channel 131
      Warning: No frequencies found for delta (1.0-4.0 Hz) on channel 132
      Warning: No frequencies found for delta (1.0-4.0 Hz) on channel 133
      Warning: No frequencies found for delta (1.0-4.0 Hz) on channel 134
      Warning: No frequencies found for delta (1.0-4.0 Hz) on channel 135
      Warning: No frequencies found for delta (1.0-4.0 Hz) on channel 136
      Warning: No frequencies found for delta (1.0-4.0 Hz) on channel 137
      Warning: No frequencies found for delta (1.0-4.0 Hz) on channel 138
      Warning: No frequencies found for delta (1.0-4.0 Hz) on channel 139
      Warning: No frequencies found for delta (1.0-4.0 Hz) on channel 140
      Warning: No frequencies found for delta (1.0-4.0 Hz) on channel 141
      Warning: No frequencies found for delta (1.0-4.0 Hz) on channel 142
      Warning: No frequencies found for delta (1.0-4.0 Hz) on channel 143
      Warning: No frequencies found for delta (1.0-4.0 Hz) on channel 144
      Warning: No frequencies found for delta (1.0-4.0 Hz) on channel 145
      Warning: No frequencies found for delta (1.0-4.0 Hz) on channel 146
      Warning: No frequencies found for delta (1.0-4.0 Hz) on channel 147
      Warning: No frequencies found for delta (1.0-4.0 Hz) on channel 148
      Warning: No frequencies found for delta (1.0-4.0 Hz) on channel 149
      Warning: No frequencies found for delta (1.0-4.0 Hz) on channel 150
      Warning: No frequencies found for delta (1.0-4.0 Hz) on channel 151
      Warning: No frequencies found for delta (1.0-4.0 Hz) on channel 152
      Warning: No frequencies found for delta (1.0-4.0 Hz) on channel 153
      Warning: No frequencies found for delta (1.0-4.0 Hz) on channel 154
      Warning: No frequencies found for delta (1.0-4.0 Hz) on channel 155
      Warning: No frequencies found for delta (1.0-4.0 Hz) on channel 156
      Warning: No frequencies found for delta (1.0-4.0 Hz) on channel 157
      Warning: No frequencies found for delta (1.0-4.0 Hz) on channel 158
      Warning: No frequencies found for delta (1.0-4.0 Hz) on channel 159
      Warning: No frequencies found for delta (1.0-4.0 Hz) on channel 160
      Warning: No frequencies found for delta (1.0-4.0 Hz) on channel 161
      Warning: No frequencies found for delta (1.0-4.0 Hz) on channel 162
      Warning: No frequencies found for delta (1.0-4.0 Hz) on channel 163
      Warning: No frequencies found for delta (1.0-4.0 Hz) on channel 164
    Chunk 51/120 (42.5%)      Warning: No frequencies found for delta (1.0-4.0 Hz) on channel 0
      Warning: No frequencies found for delta (1.0-4.0 Hz) on channel 1
      Warning: No frequencies found for delta (1.0-4.0 Hz) on channel 2
      Warning: No frequencies found for delta (1.0-4.0 Hz) on channel 3
      Warning: No frequencies found for delta (1.0-4.0 Hz) on channel 4
      Warning: No frequencies found for delta (1.0-4.0 Hz) on channel 5
      Warning: No frequencies found for delta (1.0-4.0 Hz) on channel 6
      Warning: No frequencies found for delta (1.0-4.0 Hz) on channel 7
      Warning: No frequencies found for delta (1.0-4.0 Hz) on channel 8
      Warning: No frequencies found for delta (1.0-4.0 Hz) on channel 9
      Warning: No frequencies found for delta (1.0-4.0 Hz) on channel 10
      Warning: No frequencies found for delta (1.0-4.0 Hz) on channel 11
      Warning: No frequencies found for delta (1.0-4.0 Hz) on channel 12
      Warning: No frequencies found for delta (1.0-4.0 Hz) on channel 13
      Warning: No frequencies found for delta (1.0-4.0 Hz) on channel 14
      Warning: No frequencies found for delta (1.0-4.0 Hz) on channel 15
      Warning: No frequencies found for delta (1.0-4.0 Hz) on channel 16
      Warning: No frequencies found for delta (1.0-4.0 Hz) on channel 17
      Warning: No frequencies found for delta (1.0-4.0 Hz) on channel 18
      Warning: No frequencies found for delta (1.0-4.0 Hz) on channel 19
      Warning: No frequencies found for delta (1.0-4.0 Hz) on channel 20
      Warning: No frequencies found for delta (1.0-4.0 Hz) on channel 21
      Warning: No frequencies found for delta (1.0-4.0 Hz) on channel 22
      Warning: No frequencies found for delta (1.0-4.0 Hz) on channel 23
      Warning: No frequencies found for delta (1.0-4.0 Hz) on channel 24
      Warning: No frequencies found for delta (1.0-4.0 Hz) on channel 25
      Warning: No frequencies found for delta (1.0-4.0 Hz) on channel 26
      Warning: No frequencies found for delta (1.0-4.0 Hz) on channel 27
      Warning: No frequencies found for delta (1.0-4.0 Hz) on channel 28
      Warning: No frequencies found for delta (1.0-4.0 Hz) on channel 29
      Warning: No frequencies found for delta (1.0-4.0 Hz) on channel 30
      Warning: No frequencies found for delta (1.0-4.0 Hz) on channel 31
      Warning: No frequencies found for delta (1.0-4.0 Hz) on channel 32
      Warning: No frequencies found for delta (1.0-4.0 Hz) on channel 33
      Warning: No frequencies found for delta (1.0-4.0 Hz) on channel 34
      Warning: No frequencies found for delta (1.0-4.0 Hz) on channel 35
      Warning: No frequencies found for delta (1.0-4.0 Hz) on channel 36
      Warning: No frequencies found for delta (1.0-4.0 Hz) on channel 37
      Warning: No frequencies found for delta (1.0-4.0 Hz) on channel 38
      Warning: No frequencies found for delta (1.0-4.0 Hz) on channel 39
      Warning: No frequencies found for delta (1.0-4.0 Hz) on channel 40
      Warning: No frequencies found for delta (1.0-4.0 Hz) on channel 41
      Warning: No frequencies found for delta (1.0-4.0 Hz) on channel 42
      Warning: No frequencies found for delta (1.0-4.0 Hz) on channel 43
      Warning: No frequencies found for delta (1.0-4.0 Hz) on channel 44
      Warning: No frequencies found for delta (1.0-4.0 Hz) on channel 45
      Warning: No frequencies found for delta (1.0-4.0 Hz) on channel 46
      Warning: No frequencies found for delta (1.0-4.0 Hz) on channel 47
      Warning: No frequencies found for delta (1.0-4.0 Hz) on channel 48
      Warning: No frequencies found for delta (1.0-4.0 Hz) on channel 49
      Warning: No frequencies found for delta (1.0-4.0 Hz) on channel 50
      Warning: No frequencies found for delta (1.0-4.0 Hz) on channel 51
      Warning: No frequencies found for delta (1.0-4.0 Hz) on channel 52
      Warning: No frequencies found for delta (1.0-4.0 Hz) on channel 53
      Warning: No frequencies found for delta (1.0-4.0 Hz) on channel 54
      Warning: No frequencies found for delta (1.0-4.0 Hz) on channel 55
      Warning: No frequencies found for delta (1.0-4.0 Hz) on channel 56
      Warning: No frequencies found for delta (1.0-4.0 Hz) on channel 57
      Warning: No frequencies found for delta (1.0-4.0 Hz) on channel 58
      Warning: No frequencies found for delta (1.0-4.0 Hz) on channel 59
      Warning: No frequencies found for delta (1.0-4.0 Hz) on channel 60
      Warning: No frequencies found for delta (1.0-4.0 Hz) on channel 61
      Warning: No frequencies found for delta (1.0-4.0 Hz) on channel 62
      Warning: No frequencies found for delta (1.0-4.0 Hz) on channel 63
      Warning: No frequencies found for delta (1.0-4.0 Hz) on channel 64
      Warning: No frequencies found for delta (1.0-4.0 Hz) on channel 65
      Warning: No frequencies found for delta (1.0-4.0 Hz) on channel 66
      Warning: No frequencies found for delta (1.0-4.0 Hz) on channel 67
      Warning: No frequencies found for delta (1.0-4.0 Hz) on channel 68
      Warning: No frequencies found for delta (1.0-4.0 Hz) on channel 69
      Warning: No frequencies found for delta (1.0-4.0 Hz) on channel 70
      Warning: No frequencies found for delta (1.0-4.0 Hz) on channel 71
      Warning: No frequencies found for delta (1.0-4.0 Hz) on channel 72
      Warning: No frequencies found for delta (1.0-4.0 Hz) on channel 73
      Warning: No frequencies found for delta (1.0-4.0 Hz) on channel 74
      Warning: No frequencies found for delta (1.0-4.0 Hz) on channel 75
      Warning: No frequencies found for delta (1.0-4.0 Hz) on channel 76
      Warning: No frequencies found for delta (1.0-4.0 Hz) on channel 77
      Warning: No frequencies found for delta (1.0-4.0 Hz) on channel 78
      Warning: No frequencies found for delta (1.0-4.0 Hz) on channel 79
      Warning: No frequencies found for delta (1.0-4.0 Hz) on channel 80
      Warning: No frequencies found for delta (1.0-4.0 Hz) on channel 81
      Warning: No frequencies found for delta (1.0-4.0 Hz) on channel 82
      Warning: No frequencies found for delta (1.0-4.0 Hz) on channel 83
      Warning: No frequencies found for delta (1.0-4.0 Hz) on channel 84
      Warning: No frequencies found for delta (1.0-4.0 Hz) on channel 85
      Warning: No frequencies found for delta (1.0-4.0 Hz) on channel 86
      Warning: No frequencies found for delta (1.0-4.0 Hz) on channel 87
      Warning: No frequencies found for delta (1.0-4.0 Hz) on channel 88
      Warning: No frequencies found for delta (1.0-4.0 Hz) on channel 89
      Warning: No frequencies found for delta (1.0-4.0 Hz) on channel 90
      Warning: No frequencies found for delta (1.0-4.0 Hz) on channel 91
      Warning: No frequencies found for delta (1.0-4.0 Hz) on channel 92
      Warning: No frequencies found for delta (1.0-4.0 Hz) on channel 93
      Warning: No frequencies found for delta (1.0-4.0 Hz) on channel 94
      Warning: No frequencies found for delta (1.0-4.0 Hz) on channel 95
      Warning: No frequencies found for delta (1.0-4.0 Hz) on channel 96
      Warning: No frequencies found for delta (1.0-4.0 Hz) on channel 97
      Warning: No frequencies found for delta (1.0-4.0 Hz) on channel 98
      Warning: No frequencies found for delta (1.0-4.0 Hz) on channel 99
      Warning: No frequencies found for delta (1.0-4.0 Hz) on channel 100
      Warning: No frequencies found for delta (1.0-4.0 Hz) on channel 101
      Warning: No frequencies found for delta (1.0-4.0 Hz) on channel 102
      Warning: No frequencies found for delta (1.0-4.0 Hz) on channel 103
      Warning: No frequencies found for delta (1.0-4.0 Hz) on channel 104
      Warning: No frequencies found for delta (1.0-4.0 Hz) on channel 105
      Warning: No frequencies found for delta (1.0-4.0 Hz) on channel 106
      Warning: No frequencies found for delta (1.0-4.0 Hz) on channel 107
      Warning: No frequencies found for delta (1.0-4.0 Hz) on channel 108
      Warning: No frequencies found for delta (1.0-4.0 Hz) on channel 109
      Warning: No frequencies found for delta (1.0-4.0 Hz) on channel 110
      Warning: No frequencies found for delta (1.0-4.0 Hz) on channel 111
      Warning: No frequencies found for delta (1.0-4.0 Hz) on channel 112
      Warning: No frequencies found for delta (1.0-4.0 Hz) on channel 113
      Warning: No frequencies found for delta (1.0-4.0 Hz) on channel 114
      Warning: No frequencies found for delta (1.0-4.0 Hz) on channel 115
      Warning: No frequencies found for delta (1.0-4.0 Hz) on channel 116
      Warning: No frequencies found for delta (1.0-4.0 Hz) on channel 117
      Warning: No frequencies found for delta (1.0-4.0 Hz) on channel 118
      Warning: No frequencies found for delta (1.0-4.0 Hz) on channel 119
      Warning: No frequencies found for delta (1.0-4.0 Hz) on channel 120
      Warning: No frequencies found for delta (1.0-4.0 Hz) on channel 121
      Warning: No frequencies found for delta (1.0-4.0 Hz) on channel 122
      Warning: No frequencies found for delta (1.0-4.0 Hz) on channel 123
      Warning: No frequencies found for delta (1.0-4.0 Hz) on channel 124
      Warning: No frequencies found for delta (1.0-4.0 Hz) on channel 125
      Warning: No frequencies found for delta (1.0-4.0 Hz) on channel 126
      Warning: No frequencies found for delta (1.0-4.0 Hz) on channel 127
      Warning: No frequencies found for delta (1.0-4.0 Hz) on channel 128
      Warning: No frequencies found for delta (1.0-4.0 Hz) on channel 129
      Warning: No frequencies found for delta (1.0-4.0 Hz) on channel 130
      Warning: No frequencies found for delta (1.0-4.0 Hz) on channel 131
      Warning: No frequencies found for delta (1.0-4.0 Hz) on channel 132
      Warning: No frequencies found for delta (1.0-4.0 Hz) on channel 133
      Warning: No frequencies found for delta (1.0-4.0 Hz) on channel 134
      Warning: No frequencies found for delta (1.0-4.0 Hz) on channel 135
      Warning: No frequencies found for delta (1.0-4.0 Hz) on channel 136
      Warning: No frequencies found for delta (1.0-4.0 Hz) on channel 137
      Warning: No frequencies found for delta (1.0-4.0 Hz) on channel 138
      Warning: No frequencies found for delta (1.0-4.0 Hz) on channel 139
      Warning: No frequencies found for delta (1.0-4.0 Hz) on channel 140
      Warning: No frequencies found for delta (1.0-4.0 Hz) on channel 141
      Warning: No frequencies found for delta (1.0-4.0 Hz) on channel 142
      Warning: No frequencies found for delta (1.0-4.0 Hz) on channel 143
      Warning: No frequencies found for delta (1.0-4.0 Hz) on channel 144
      Warning: No frequencies found for delta (1.0-4.0 Hz) on channel 145
      Warning: No frequencies found for delta (1.0-4.0 Hz) on channel 146
      Warning: No frequencies found for delta (1.0-4.0 Hz) on channel 147
      Warning: No frequencies found for delta (1.0-4.0 Hz) on channel 148
      Warning: No frequencies found for delta (1.0-4.0 Hz) on channel 149
      Warning: No frequencies found for delta (1.0-4.0 Hz) on channel 150
      Warning: No frequencies found for delta (1.0-4.0 Hz) on channel 151
      Warning: No frequencies found for delta (1.0-4.0 Hz) on channel 152
      Warning: No frequencies found for delta (1.0-4.0 Hz) on channel 153
      Warning: No frequencies found for delta (1.0-4.0 Hz) on channel 154
      Warning: No frequencies found for delta (1.0-4.0 Hz) on channel 155
      Warning: No frequencies found for delta (1.0-4.0 Hz) on channel 156
      Warning: No frequencies found for delta (1.0-4.0 Hz) on channel 157
      Warning: No frequencies found for delta (1.0-4.0 Hz) on channel 158
      Warning: No frequencies found for delta (1.0-4.0 Hz) on channel 159
      Warning: No frequencies found for delta (1.0-4.0 Hz) on channel 160
      Warning: No frequencies found for delta (1.0-4.0 Hz) on channel 161
      Warning: No frequencies found for delta (1.0-4.0 Hz) on channel 162
      Warning: No frequencies found for delta (1.0-4.0 Hz) on channel 163
      Warning: No frequencies found for delta (1.0-4.0 Hz) on channel 164
    Chunk 52/120 (43.3%)      Warning: No frequencies found for delta (1.0-4.0 Hz) on channel 0
      Warning: No frequencies found for delta (1.0-4.0 Hz) on channel 1
      Warning: No frequencies found for delta (1.0-4.0 Hz) on channel 2
      Warning: No frequencies found for delta (1.0-4.0 Hz) on channel 3
      Warning: No frequencies found for delta (1.0-4.0 Hz) on channel 4
      Warning: No frequencies found for delta (1.0-4.0 Hz) on channel 5
      Warning: No frequencies found for delta (1.0-4.0 Hz) on channel 6
      Warning: No frequencies found for delta (1.0-4.0 Hz) on channel 7
      Warning: No frequencies found for delta (1.0-4.0 Hz) on channel 8
      Warning: No frequencies found for delta (1.0-4.0 Hz) on channel 9
      Warning: No frequencies found for delta (1.0-4.0 Hz) on channel 10
      Warning: No frequencies found for delta (1.0-4.0 Hz) on channel 11
      Warning: No frequencies found for delta (1.0-4.0 Hz) on channel 12
      Warning: No frequencies found for delta (1.0-4.0 Hz) on channel 13
      Warning: No frequencies found for delta (1.0-4.0 Hz) on channel 14
      Warning: No frequencies found for delta (1.0-4.0 Hz) on channel 15
      Warning: No frequencies found for delta (1.0-4.0 Hz) on channel 16
      Warning: No frequencies found for delta (1.0-4.0 Hz) on channel 17
      Warning: No frequencies found for delta (1.0-4.0 Hz) on channel 18
      Warning: No frequencies found for delta (1.0-4.0 Hz) on channel 19
      Warning: No frequencies found for delta (1.0-4.0 Hz) on channel 20
      Warning: No frequencies found for delta (1.0-4.0 Hz) on channel 21
      Warning: No frequencies found for delta (1.0-4.0 Hz) on channel 22
      Warning: No frequencies found for delta (1.0-4.0 Hz) on channel 23
      Warning: No frequencies found for delta (1.0-4.0 Hz) on channel 24
      Warning: No frequencies found for delta (1.0-4.0 Hz) on channel 25
      Warning: No frequencies found for delta (1.0-4.0 Hz) on channel 26
      Warning: No frequencies found for delta (1.0-4.0 Hz) on channel 27
      Warning: No frequencies found for delta (1.0-4.0 Hz) on channel 28
      Warning: No frequencies found for delta (1.0-4.0 Hz) on channel 29
      Warning: No frequencies found for delta (1.0-4.0 Hz) on channel 30
      Warning: No frequencies found for delta (1.0-4.0 Hz) on channel 31
      Warning: No frequencies found for delta (1.0-4.0 Hz) on channel 32
      Warning: No frequencies found for delta (1.0-4.0 Hz) on channel 33
      Warning: No frequencies found for delta (1.0-4.0 Hz) on channel 34
      Warning: No frequencies found for delta (1.0-4.0 Hz) on channel 35
      Warning: No frequencies found for delta (1.0-4.0 Hz) on channel 36
      Warning: No frequencies found for delta (1.0-4.0 Hz) on channel 37
      Warning: No frequencies found for delta (1.0-4.0 Hz) on channel 38
      Warning: No frequencies found for delta (1.0-4.0 Hz) on channel 39
      Warning: No frequencies found for delta (1.0-4.0 Hz) on channel 40
      Warning: No frequencies found for delta (1.0-4.0 Hz) on channel 41
      Warning: No frequencies found for delta (1.0-4.0 Hz) on channel 42
      Warning: No frequencies found for delta (1.0-4.0 Hz) on channel 43
      Warning: No frequencies found for delta (1.0-4.0 Hz) on channel 44
      Warning: No frequencies found for delta (1.0-4.0 Hz) on channel 45
      Warning: No frequencies found for delta (1.0-4.0 Hz) on channel 46
      Warning: No frequencies found for delta (1.0-4.0 Hz) on channel 47
      Warning: No frequencies found for delta (1.0-4.0 Hz) on channel 48
      Warning: No frequencies found for delta (1.0-4.0 Hz) on channel 49
      Warning: No frequencies found for delta (1.0-4.0 Hz) on channel 50
      Warning: No frequencies found for delta (1.0-4.0 Hz) on channel 51
      Warning: No frequencies found for delta (1.0-4.0 Hz) on channel 52
      Warning: No frequencies found for delta (1.0-4.0 Hz) on channel 53
      Warning: No frequencies found for delta (1.0-4.0 Hz) on channel 54
      Warning: No frequencies found for delta (1.0-4.0 Hz) on channel 55
      Warning: No frequencies found for delta (1.0-4.0 Hz) on channel 56
      Warning: No frequencies found for delta (1.0-4.0 Hz) on channel 57
      Warning: No frequencies found for delta (1.0-4.0 Hz) on channel 58
      Warning: No frequencies found for delta (1.0-4.0 Hz) on channel 59
      Warning: No frequencies found for delta (1.0-4.0 Hz) on channel 60
      Warning: No frequencies found for delta (1.0-4.0 Hz) on channel 61
      Warning: No frequencies found for delta (1.0-4.0 Hz) on channel 62
      Warning: No frequencies found for delta (1.0-4.0 Hz) on channel 63
      Warning: No frequencies found for delta (1.0-4.0 Hz) on channel 64
      Warning: No frequencies found for delta (1.0-4.0 Hz) on channel 65
      Warning: No frequencies found for delta (1.0-4.0 Hz) on channel 66
      Warning: No frequencies found for delta (1.0-4.0 Hz) on channel 67
      Warning: No frequencies found for delta (1.0-4.0 Hz) on channel 68
      Warning: No frequencies found for delta (1.0-4.0 Hz) on channel 69
      Warning: No frequencies found for delta (1.0-4.0 Hz) on channel 70
      Warning: No frequencies found for delta (1.0-4.0 Hz) on channel 71
      Warning: No frequencies found for delta (1.0-4.0 Hz) on channel 72
      Warning: No frequencies found for delta (1.0-4.0 Hz) on channel 73
      Warning: No frequencies found for delta (1.0-4.0 Hz) on channel 74
      Warning: No frequencies found for delta (1.0-4.0 Hz) on channel 75
      Warning: No frequencies found for delta (1.0-4.0 Hz) on channel 76
      Warning: No frequencies found for delta (1.0-4.0 Hz) on channel 77
      Warning: No frequencies found for delta (1.0-4.0 Hz) on channel 78
      Warning: No frequencies found for delta (1.0-4.0 Hz) on channel 79
      Warning: No frequencies found for delta (1.0-4.0 Hz) on channel 80
      Warning: No frequencies found for delta (1.0-4.0 Hz) on channel 81
      Warning: No frequencies found for delta (1.0-4.0 Hz) on channel 82
      Warning: No frequencies found for delta (1.0-4.0 Hz) on channel 83
      Warning: No frequencies found for delta (1.0-4.0 Hz) on channel 84
      Warning: No frequencies found for delta (1.0-4.0 Hz) on channel 85
      Warning: No frequencies found for delta (1.0-4.0 Hz) on channel 86
      Warning: No frequencies found for delta (1.0-4.0 Hz) on channel 87
      Warning: No frequencies found for delta (1.0-4.0 Hz) on channel 88
      Warning: No frequencies found for delta (1.0-4.0 Hz) on channel 89
      Warning: No frequencies found for delta (1.0-4.0 Hz) on channel 90
      Warning: No frequencies found for delta (1.0-4.0 Hz) on channel 91
      Warning: No frequencies found for delta (1.0-4.0 Hz) on channel 92
      Warning: No frequencies found for delta (1.0-4.0 Hz) on channel 93
      Warning: No frequencies found for delta (1.0-4.0 Hz) on channel 94
      Warning: No frequencies found for delta (1.0-4.0 Hz) on channel 95
      Warning: No frequencies found for delta (1.0-4.0 Hz) on channel 96
      Warning: No frequencies found for delta (1.0-4.0 Hz) on channel 97
      Warning: No frequencies found for delta (1.0-4.0 Hz) on channel 98
      Warning: No frequencies found for delta (1.0-4.0 Hz) on channel 99
      Warning: No frequencies found for delta (1.0-4.0 Hz) on channel 100
      Warning: No frequencies found for delta (1.0-4.0 Hz) on channel 101
      Warning: No frequencies found for delta (1.0-4.0 Hz) on channel 102
      Warning: No frequencies found for delta (1.0-4.0 Hz) on channel 103
      Warning: No frequencies found for delta (1.0-4.0 Hz) on channel 104
      Warning: No frequencies found for delta (1.0-4.0 Hz) on channel 105
      Warning: No frequencies found for delta (1.0-4.0 Hz) on channel 106
      Warning: No frequencies found for delta (1.0-4.0 Hz) on channel 107
      Warning: No frequencies found for delta (1.0-4.0 Hz) on channel 108
      Warning: No frequencies found for delta (1.0-4.0 Hz) on channel 109
      Warning: No frequencies found for delta (1.0-4.0 Hz) on channel 110
      Warning: No frequencies found for delta (1.0-4.0 Hz) on channel 111
      Warning: No frequencies found for delta (1.0-4.0 Hz) on channel 112
      Warning: No frequencies found for delta (1.0-4.0 Hz) on channel 113
      Warning: No frequencies found for delta (1.0-4.0 Hz) on channel 114
      Warning: No frequencies found for delta (1.0-4.0 Hz) on channel 115
      Warning: No frequencies found for delta (1.0-4.0 Hz) on channel 116
      Warning: No frequencies found for delta (1.0-4.0 Hz) on channel 117
      Warning: No frequencies found for delta (1.0-4.0 Hz) on channel 118
      Warning: No frequencies found for delta (1.0-4.0 Hz) on channel 119
      Warning: No frequencies found for delta (1.0-4.0 Hz) on channel 120
      Warning: No frequencies found for delta (1.0-4.0 Hz) on channel 121
      Warning: No frequencies found for delta (1.0-4.0 Hz) on channel 122
      Warning: No frequencies found for delta (1.0-4.0 Hz) on channel 123
      Warning: No frequencies found for delta (1.0-4.0 Hz) on channel 124
      Warning: No frequencies found for delta (1.0-4.0 Hz) on channel 125
      Warning: No frequencies found for delta (1.0-4.0 Hz) on channel 126
      Warning: No frequencies found for delta (1.0-4.0 Hz) on channel 127
      Warning: No frequencies found for delta (1.0-4.0 Hz) on channel 128
      Warning: No frequencies found for delta (1.0-4.0 Hz) on channel 129
      Warning: No frequencies found for delta (1.0-4.0 Hz) on channel 130
      Warning: No frequencies found for delta (1.0-4.0 Hz) on channel 131
      Warning: No frequencies found for delta (1.0-4.0 Hz) on channel 132
      Warning: No frequencies found for delta (1.0-4.0 Hz) on channel 133
      Warning: No frequencies found for delta (1.0-4.0 Hz) on channel 134
      Warning: No frequencies found for delta (1.0-4.0 Hz) on channel 135
      Warning: No frequencies found for delta (1.0-4.0 Hz) on channel 136
      Warning: No frequencies found for delta (1.0-4.0 Hz) on channel 137
      Warning: No frequencies found for delta (1.0-4.0 Hz) on channel 138
      Warning: No frequencies found for delta (1.0-4.0 Hz) on channel 139
      Warning: No frequencies found for delta (1.0-4.0 Hz) on channel 140
      Warning: No frequencies found for delta (1.0-4.0 Hz) on channel 141
      Warning: No frequencies found for delta (1.0-4.0 Hz) on channel 142
      Warning: No frequencies found for delta (1.0-4.0 Hz) on channel 143
      Warning: No frequencies found for delta (1.0-4.0 Hz) on channel 144
      Warning: No frequencies found for delta (1.0-4.0 Hz) on channel 145
      Warning: No frequencies found for delta (1.0-4.0 Hz) on channel 146
      Warning: No frequencies found for delta (1.0-4.0 Hz) on channel 147
      Warning: No frequencies found for delta (1.0-4.0 Hz) on channel 148
      Warning: No frequencies found for delta (1.0-4.0 Hz) on channel 149
      Warning: No frequencies found for delta (1.0-4.0 Hz) on channel 150
      Warning: No frequencies found for delta (1.0-4.0 Hz) on channel 151
      Warning: No frequencies found for delta (1.0-4.0 Hz) on channel 152
      Warning: No frequencies found for delta (1.0-4.0 Hz) on channel 153
      Warning: No frequencies found for delta (1.0-4.0 Hz) on channel 154
      Warning: No frequencies found for delta (1.0-4.0 Hz) on channel 155
      Warning: No frequencies found for delta (1.0-4.0 Hz) on channel 156
      Warning: No frequencies found for delta (1.0-4.0 Hz) on channel 157
      Warning: No frequencies found for delta (1.0-4.0 Hz) on channel 158
      Warning: No frequencies found for delta (1.0-4.0 Hz) on channel 159
      Warning: No frequencies found for delta (1.0-4.0 Hz) on channel 160
      Warning: No frequencies found for delta (1.0-4.0 Hz) on channel 161
      Warning: No frequencies found for delta (1.0-4.0 Hz) on channel 162
      Warning: No frequencies found for delta (1.0-4.0 Hz) on channel 163
      Warning: No frequencies found for delta (1.0-4.0 Hz) on channel 164
    Chunk 53/120 (44.2%)      Warning: No frequencies found for delta (1.0-4.0 Hz) on channel 0
      Warning: No frequencies found for delta (1.0-4.0 Hz) on channel 1
      Warning: No frequencies found for delta (1.0-4.0 Hz) on channel 2
      Warning: No frequencies found for delta (1.0-4.0 Hz) on channel 3
      Warning: No frequencies found for delta (1.0-4.0 Hz) on channel 4
      Warning: No frequencies found for delta (1.0-4.0 Hz) on channel 5
      Warning: No frequencies found for delta (1.0-4.0 Hz) on channel 6
      Warning: No frequencies found for delta (1.0-4.0 Hz) on channel 7
      Warning: No frequencies found for delta (1.0-4.0 Hz) on channel 8
      Warning: No frequencies found for delta (1.0-4.0 Hz) on channel 9
      Warning: No frequencies found for delta (1.0-4.0 Hz) on channel 10
      Warning: No frequencies found for delta (1.0-4.0 Hz) on channel 11
      Warning: No frequencies found for delta (1.0-4.0 Hz) on channel 12
      Warning: No frequencies found for delta (1.0-4.0 Hz) on channel 13
      Warning: No frequencies found for delta (1.0-4.0 Hz) on channel 14
      Warning: No frequencies found for delta (1.0-4.0 Hz) on channel 15
      Warning: No frequencies found for delta (1.0-4.0 Hz) on channel 16
      Warning: No frequencies found for delta (1.0-4.0 Hz) on channel 17
      Warning: No frequencies found for delta (1.0-4.0 Hz) on channel 18
      Warning: No frequencies found for delta (1.0-4.0 Hz) on channel 19
      Warning: No frequencies found for delta (1.0-4.0 Hz) on channel 20
      Warning: No frequencies found for delta (1.0-4.0 Hz) on channel 21
      Warning: No frequencies found for delta (1.0-4.0 Hz) on channel 22
      Warning: No frequencies found for delta (1.0-4.0 Hz) on channel 23
      Warning: No frequencies found for delta (1.0-4.0 Hz) on channel 24
      Warning: No frequencies found for delta (1.0-4.0 Hz) on channel 25
      Warning: No frequencies found for delta (1.0-4.0 Hz) on channel 26
      Warning: No frequencies found for delta (1.0-4.0 Hz) on channel 27
      Warning: No frequencies found for delta (1.0-4.0 Hz) on channel 28
      Warning: No frequencies found for delta (1.0-4.0 Hz) on channel 29
      Warning: No frequencies found for delta (1.0-4.0 Hz) on channel 30
      Warning: No frequencies found for delta (1.0-4.0 Hz) on channel 31
      Warning: No frequencies found for delta (1.0-4.0 Hz) on channel 32
      Warning: No frequencies found for delta (1.0-4.0 Hz) on channel 33
      Warning: No frequencies found for delta (1.0-4.0 Hz) on channel 34
      Warning: No frequencies found for delta (1.0-4.0 Hz) on channel 35
      Warning: No frequencies found for delta (1.0-4.0 Hz) on channel 36
      Warning: No frequencies found for delta (1.0-4.0 Hz) on channel 37
      Warning: No frequencies found for delta (1.0-4.0 Hz) on channel 38
      Warning: No frequencies found for delta (1.0-4.0 Hz) on channel 39
      Warning: No frequencies found for delta (1.0-4.0 Hz) on channel 40
      Warning: No frequencies found for delta (1.0-4.0 Hz) on channel 41
      Warning: No frequencies found for delta (1.0-4.0 Hz) on channel 42
      Warning: No frequencies found for delta (1.0-4.0 Hz) on channel 43
      Warning: No frequencies found for delta (1.0-4.0 Hz) on channel 44
      Warning: No frequencies found for delta (1.0-4.0 Hz) on channel 45
      Warning: No frequencies found for delta (1.0-4.0 Hz) on channel 46
      Warning: No frequencies found for delta (1.0-4.0 Hz) on channel 47
      Warning: No frequencies found for delta (1.0-4.0 Hz) on channel 48
      Warning: No frequencies found for delta (1.0-4.0 Hz) on channel 49
      Warning: No frequencies found for delta (1.0-4.0 Hz) on channel 50
      Warning: No frequencies found for delta (1.0-4.0 Hz) on channel 51
      Warning: No frequencies found for delta (1.0-4.0 Hz) on channel 52
      Warning: No frequencies found for delta (1.0-4.0 Hz) on channel 53
      Warning: No frequencies found for delta (1.0-4.0 Hz) on channel 54
      Warning: No frequencies found for delta (1.0-4.0 Hz) on channel 55
      Warning: No frequencies found for delta (1.0-4.0 Hz) on channel 56
      Warning: No frequencies found for delta (1.0-4.0 Hz) on channel 57
      Warning: No frequencies found for delta (1.0-4.0 Hz) on channel 58
      Warning: No frequencies found for delta (1.0-4.0 Hz) on channel 59
      Warning: No frequencies found for delta (1.0-4.0 Hz) on channel 60
      Warning: No frequencies found for delta (1.0-4.0 Hz) on channel 61
      Warning: No frequencies found for delta (1.0-4.0 Hz) on channel 62
      Warning: No frequencies found for delta (1.0-4.0 Hz) on channel 63
      Warning: No frequencies found for delta (1.0-4.0 Hz) on channel 64
      Warning: No frequencies found for delta (1.0-4.0 Hz) on channel 65
      Warning: No frequencies found for delta (1.0-4.0 Hz) on channel 66
      Warning: No frequencies found for delta (1.0-4.0 Hz) on channel 67
      Warning: No frequencies found for delta (1.0-4.0 Hz) on channel 68
      Warning: No frequencies found for delta (1.0-4.0 Hz) on channel 69
      Warning: No frequencies found for delta (1.0-4.0 Hz) on channel 70
      Warning: No frequencies found for delta (1.0-4.0 Hz) on channel 71
      Warning: No frequencies found for delta (1.0-4.0 Hz) on channel 72
      Warning: No frequencies found for delta (1.0-4.0 Hz) on channel 73
      Warning: No frequencies found for delta (1.0-4.0 Hz) on channel 74
      Warning: No frequencies found for delta (1.0-4.0 Hz) on channel 75
      Warning: No frequencies found for delta (1.0-4.0 Hz) on channel 76
      Warning: No frequencies found for delta (1.0-4.0 Hz) on channel 77
      Warning: No frequencies found for delta (1.0-4.0 Hz) on channel 78
      Warning: No frequencies found for delta (1.0-4.0 Hz) on channel 79
      Warning: No frequencies found for delta (1.0-4.0 Hz) on channel 80
      Warning: No frequencies found for delta (1.0-4.0 Hz) on channel 81
      Warning: No frequencies found for delta (1.0-4.0 Hz) on channel 82
      Warning: No frequencies found for delta (1.0-4.0 Hz) on channel 83
      Warning: No frequencies found for delta (1.0-4.0 Hz) on channel 84
      Warning: No frequencies found for delta (1.0-4.0 Hz) on channel 85
      Warning: No frequencies found for delta (1.0-4.0 Hz) on channel 86
      Warning: No frequencies found for delta (1.0-4.0 Hz) on channel 87
      Warning: No frequencies found for delta (1.0-4.0 Hz) on channel 88
      Warning: No frequencies found for delta (1.0-4.0 Hz) on channel 89
      Warning: No frequencies found for delta (1.0-4.0 Hz) on channel 90
      Warning: No frequencies found for delta (1.0-4.0 Hz) on channel 91
      Warning: No frequencies found for delta (1.0-4.0 Hz) on channel 92
      Warning: No frequencies found for delta (1.0-4.0 Hz) on channel 93
      Warning: No frequencies found for delta (1.0-4.0 Hz) on channel 94
      Warning: No frequencies found for delta (1.0-4.0 Hz) on channel 95
      Warning: No frequencies found for delta (1.0-4.0 Hz) on channel 96
      Warning: No frequencies found for delta (1.0-4.0 Hz) on channel 97
      Warning: No frequencies found for delta (1.0-4.0 Hz) on channel 98
      Warning: No frequencies found for delta (1.0-4.0 Hz) on channel 99
      Warning: No frequencies found for delta (1.0-4.0 Hz) on channel 100
      Warning: No frequencies found for delta (1.0-4.0 Hz) on channel 101
      Warning: No frequencies found for delta (1.0-4.0 Hz) on channel 102
      Warning: No frequencies found for delta (1.0-4.0 Hz) on channel 103
      Warning: No frequencies found for delta (1.0-4.0 Hz) on channel 104
      Warning: No frequencies found for delta (1.0-4.0 Hz) on channel 105
      Warning: No frequencies found for delta (1.0-4.0 Hz) on channel 106
      Warning: No frequencies found for delta (1.0-4.0 Hz) on channel 107
      Warning: No frequencies found for delta (1.0-4.0 Hz) on channel 108
      Warning: No frequencies found for delta (1.0-4.0 Hz) on channel 109
      Warning: No frequencies found for delta (1.0-4.0 Hz) on channel 110
      Warning: No frequencies found for delta (1.0-4.0 Hz) on channel 111
      Warning: No frequencies found for delta (1.0-4.0 Hz) on channel 112
      Warning: No frequencies found for delta (1.0-4.0 Hz) on channel 113
      Warning: No frequencies found for delta (1.0-4.0 Hz) on channel 114
      Warning: No frequencies found for delta (1.0-4.0 Hz) on channel 115
      Warning: No frequencies found for delta (1.0-4.0 Hz) on channel 116
      Warning: No frequencies found for delta (1.0-4.0 Hz) on channel 117
      Warning: No frequencies found for delta (1.0-4.0 Hz) on channel 118
      Warning: No frequencies found for delta (1.0-4.0 Hz) on channel 119
      Warning: No frequencies found for delta (1.0-4.0 Hz) on channel 120
      Warning: No frequencies found for delta (1.0-4.0 Hz) on channel 121
      Warning: No frequencies found for delta (1.0-4.0 Hz) on channel 122
      Warning: No frequencies found for delta (1.0-4.0 Hz) on channel 123
      Warning: No frequencies found for delta (1.0-4.0 Hz) on channel 124
      Warning: No frequencies found for delta (1.0-4.0 Hz) on channel 125
      Warning: No frequencies found for delta (1.0-4.0 Hz) on channel 126
      Warning: No frequencies found for delta (1.0-4.0 Hz) on channel 127
      Warning: No frequencies found for delta (1.0-4.0 Hz) on channel 128
      Warning: No frequencies found for delta (1.0-4.0 Hz) on channel 129
      Warning: No frequencies found for delta (1.0-4.0 Hz) on channel 130
      Warning: No frequencies found for delta (1.0-4.0 Hz) on channel 131
      Warning: No frequencies found for delta (1.0-4.0 Hz) on channel 132
      Warning: No frequencies found for delta (1.0-4.0 Hz) on channel 133
      Warning: No frequencies found for delta (1.0-4.0 Hz) on channel 134
      Warning: No frequencies found for delta (1.0-4.0 Hz) on channel 135
      Warning: No frequencies found for delta (1.0-4.0 Hz) on channel 136
      Warning: No frequencies found for delta (1.0-4.0 Hz) on channel 137
      Warning: No frequencies found for delta (1.0-4.0 Hz) on channel 138
      Warning: No frequencies found for delta (1.0-4.0 Hz) on channel 139
      Warning: No frequencies found for delta (1.0-4.0 Hz) on channel 140
      Warning: No frequencies found for delta (1.0-4.0 Hz) on channel 141
      Warning: No frequencies found for delta (1.0-4.0 Hz) on channel 142
      Warning: No frequencies found for delta (1.0-4.0 Hz) on channel 143
      Warning: No frequencies found for delta (1.0-4.0 Hz) on channel 144
      Warning: No frequencies found for delta (1.0-4.0 Hz) on channel 145
      Warning: No frequencies found for delta (1.0-4.0 Hz) on channel 146
      Warning: No frequencies found for delta (1.0-4.0 Hz) on channel 147
      Warning: No frequencies found for delta (1.0-4.0 Hz) on channel 148
      Warning: No frequencies found for delta (1.0-4.0 Hz) on channel 149
      Warning: No frequencies found for delta (1.0-4.0 Hz) on channel 150
      Warning: No frequencies found for delta (1.0-4.0 Hz) on channel 151
      Warning: No frequencies found for delta (1.0-4.0 Hz) on channel 152
      Warning: No frequencies found for delta (1.0-4.0 Hz) on channel 153
      Warning: No frequencies found for delta (1.0-4.0 Hz) on channel 154
      Warning: No frequencies found for delta (1.0-4.0 Hz) on channel 155
      Warning: No frequencies found for delta (1.0-4.0 Hz) on channel 156
      Warning: No frequencies found for delta (1.0-4.0 Hz) on channel 157
      Warning: No frequencies found for delta (1.0-4.0 Hz) on channel 158
      Warning: No frequencies found for delta (1.0-4.0 Hz) on channel 159
      Warning: No frequencies found for delta (1.0-4.0 Hz) on channel 160
      Warning: No frequencies found for delta (1.0-4.0 Hz) on channel 161
      Warning: No frequencies found for delta (1.0-4.0 Hz) on channel 162
      Warning: No frequencies found for delta (1.0-4.0 Hz) on channel 163
      Warning: No frequencies found for delta (1.0-4.0 Hz) on channel 164
    Chunk 54/120 (45.0%)Exit code: 1
